<?xml version="1.0" encoding="iso-8859-1" ?> 												
<artifacts>												
  <project_id>1</project_id> 												
  <artifact_type>HIPAA Goal Model</artifact_type> 												
  <artifact>	  <art_id>	AC	</art_id> 	  <art_title>	Access Control. Implement technical policies and procedures for electronic information systems that maintain electronic protected health information to allow access only to those persons or software programs that have been granted access rights as specified in ? 164.308(a)(4).	</art_title> 	  <art_parent /> 	  <art_content>	 	</art_content> 	  <art_type /> 	  </artifact>
  <artifact>	  <art_id>	AUD	</art_id> 	  <art_title>	Audit Controls. Implement hardware, software, and/or procedural mechanisms that record and examine activity in information systems that contain or use electronic protected health information.	</art_title> 	  <art_parent /> 	  <art_content>		</art_content> 	  <art_type /> 	  </artifact>
  <artifact>	  <art_id>	AL	</art_id> 	  <art_title>	Automatic logoff. Implement electronic procedures that terminate an electronic session after a predetermined time of inactivity.	</art_title> 	  <art_parent /> 	  <art_content>		</art_content> 	  <art_type /> 	  </artifact>
  <artifact>	  <art_id>	SED	</art_id> 	  <art_title>	Encryption. Implement a mechanism to encrypt electronic protected health information whenever deemed appropriate.	</art_title> 	  <art_parent /> 	  <art_content>		</art_content> 	  <art_type /> 	  </artifact>
  <artifact>	  <art_id>	EAP	</art_id> 	  <art_title>	Emergency access procedure. Establish (and implement as needed) procedures for obtaining necessary electronic protected health information during an emergency.	</art_title> 	  <art_parent /> 	  <art_content>		</art_content> 	  <art_type /> 	  </artifact>
  <artifact>	  <art_id>	TED	</art_id> 	  <art_title>	Encryption and decryption. Implement a mechanism to encrypt and decrypt electronic protected health information.	</art_title> 	  <art_parent /> 	  <art_content>		</art_content> 	  <art_type /> 	  </artifact>
  <artifact>	  <art_id>	IC	</art_id> 	  <art_title>	Integrity controls. Implement security measures to ensure that electronically transmitted electronic protected health information is not improperly modified without detection until disposed of.	</art_title> 	  <art_parent /> 	  <art_content>		</art_content> 	  <art_type /> 	  </artifact>
  <artifact>	  <art_id>	PA	</art_id> 	  <art_title>	Person or entity authentication. Implement procedures to verify that a person or entity seeking access to electronic protected health information is the one claimed.	</art_title> 	  <art_parent /> 	  <art_content>		</art_content> 	  <art_type /> 	  </artifact>
  <artifact>	  <art_id>	TS	</art_id> 	  <art_title>	Transmission security. Implement technical security measures to guard against unauthorized access to electronic protected health information that is being transmitted over an electronic communications network.	</art_title> 	  <art_parent /> 	  <art_content>		</art_content> 	  <art_type /> 	  </artifact>
  <artifact>	  <art_id>	UUI	</art_id> 	  <art_title>	Unique user identification. Assign a unique name and/or number for identifying and tracking user identity.	</art_title> 	  <art_parent /> 	  <art_content>		</art_content> 	  <art_type /> 	  </artifact>
</artifacts>												
