<?xml version="1.0" encoding="iso-8859-1" ?> 												
<artifacts>												
  <project_id>1</project_id> 												
  <artifact_type>iTrust Dataset Complete</artifact_type> 												
  <artifact>	  <art_id>	iT1	</art_id> 	  <art_title>	System must support password authentication	</art_title> 	  <art_parent /> 	  <art_content>	 	</art_content> 	  <art_type /> 	  </artifact>
  <artifact>	  <art_id>	iT1.1	</art_id> 	  <art_title>	System will require medical identification number and password to allow logging in	</art_title> 	  <art_parent /> 	  <art_content>		</art_content> 	  <art_type /> 	  </artifact>
  <artifact>	  <art_id>	iT1.2	</art_id> 	  <art_title>	System will prevent user from trying to guess a password or enter incorrect password multiple times when logging in	</art_title> 	  <art_parent /> 	  <art_content>		</art_content> 	  <art_type /> 	  </artifact>
  <artifact>	  <art_id>	iT1.3	</art_id> 	  <art_title>	System will allow the user to reset his/her password using a security question	</art_title> 	  <art_parent /> 	  <art_content>		</art_content> 	  <art_type /> 	  </artifact>
  <artifact>	  <art_id>	iT1.4	</art_id> 	  <art_title>	Electronic session must terminate after a pre-determined period of inactivity. Administrator must be able to specify this period	</art_title> 	  <art_parent /> 	  <art_content>		</art_content> 	  <art_type /> 	  </artifact>
  <artifact>	  <art_id>	iT2	</art_id> 	  <art_title>	System must support role based access 	</art_title> 	  <art_parent /> 	  <art_content>		</art_content> 	  <art_type /> 	  </artifact>
  <artifact>	  <art_id>	iT2.1	</art_id> 	  <art_title>	System must implement role for Patient	</art_title> 	  <art_parent /> 	  <art_content>		</art_content> 	  <art_type /> 	  </artifact>
  <artifact>	  <art_id>	iT2.2	</art_id> 	  <art_title>	System must implement role for Administrator	</art_title> 	  <art_parent /> 	  <art_content>		</art_content> 	  <art_type /> 	  </artifact>
  <artifact>	  <art_id>	iT2.3	</art_id> 	  <art_title>	System must implement role for Licensed Health Care Personel	</art_title> 	  <art_parent /> 	  <art_content>		</art_content> 	  <art_type /> 	  </artifact>
  <artifact>	  <art_id>	iT2.4	</art_id> 	  <art_title>	System must implement role for Designated Licensed Health Car Personel	</art_title> 	  <art_parent /> 	  <art_content>		</art_content> 	  <art_type /> 	  </artifact>
  <artifact>	  <art_id>	iT2.5	</art_id> 	  <art_title>	System must implement role for Emergency Responder	</art_title> 	  <art_parent /> 	  <art_content>		</art_content> 	  <art_type /> 	  </artifact>
  <artifact>	  <art_id>	iT2.6	</art_id> 	  <art_title>	System must implement role for Unlicensed Authorized Personel	</art_title> 	  <art_parent /> 	  <art_content>		</art_content> 	  <art_type /> 	  </artifact>
  <artifact>	  <art_id>	iT2.7	</art_id> 	  <art_title>	System must implement role for Personal Representative	</art_title> 	  <art_parent /> 	  <art_content>		</art_content> 	  <art_type /> 	  </artifact>
  <artifact>	  <art_id>	iT2.8	</art_id> 	  <art_title>	System must implement role for Tester	</art_title> 	  <art_parent /> 	  <art_content>		</art_content> 	  <art_type /> 	  </artifact>
  <artifact>	  <art_id>	iT2.9	</art_id> 	  <art_title>	Patient and HCP will be able to enter/edit demographics	</art_title> 	  <art_parent /> 	  <art_content>		</art_content> 	  <art_type /> 	  </artifact>
  <artifact>	  <art_id>	iT2.10	</art_id> 	  <art_title>	Patient and HCP will be able to designate/un-designate DLHCP	</art_title> 	  <art_parent /> 	  <art_content>		</art_content> 	  <art_type /> 	  </artifact>
  <artifact>	  <art_id>	iT2.11	</art_id> 	  <art_title>	Patient and HCP will be able to allow/disallow access to diagnosis	</art_title> 	  <art_parent /> 	  <art_content>		</art_content> 	  <art_type /> 	  </artifact>
  <artifact>	  <art_id>	iT2.12	</art_id> 	  <art_title>	Patient and HCP will be able to view access log	</art_title> 	  <art_parent /> 	  <art_content>		</art_content> 	  <art_type /> 	  </artifact>
  <artifact>	  <art_id>	iT2.13	</art_id> 	  <art_title>	Patient and HCP will be able to view medical records	</art_title> 	  <art_parent /> 	  <art_content>		</art_content> 	  <art_type /> 	  </artifact>
  <artifact>	  <art_id>	iT2.14	</art_id> 	  <art_title>	Patient and HCP will be able to view prescription report	</art_title> 	  <art_parent /> 	  <art_content>		</art_content> 	  <art_type /> 	  </artifact>
  <artifact>	  <art_id>	iT2.15	</art_id> 	  <art_title>	Patient and HCP will be able to find LHCPs for prescription renewal or chronic disease risk factors	</art_title> 	  <art_parent /> 	  <art_content>		</art_content> 	  <art_type /> 	  </artifact>
  <artifact>	  <art_id>	iT2.16	</art_id> 	  <art_title>	Patient and HCP will be able to authenticate users	</art_title> 	  <art_parent /> 	  <art_content>		</art_content> 	  <art_type /> 	  </artifact>
  <artifact>	  <art_id>	iT2.17	</art_id> 	  <art_title>	Patient and HCP will be able to enter/edit personal health information	</art_title> 	  <art_parent /> 	  <art_content>		</art_content> 	  <art_type /> 	  </artifact>
  <artifact>	  <art_id>	iT2.18	</art_id> 	  <art_title>	Patient and HCP will be able to document an office visit	</art_title> 	  <art_parent /> 	  <art_content>		</art_content> 	  <art_type /> 	  </artifact>
  <artifact>	  <art_id>	iT2.19	</art_id> 	  <art_title>	Patient and HCP will be able to proactively determine if healthcare is an office visit or procedure is due for a patient	</art_title> 	  <art_parent /> 	  <art_content>		</art_content> 	  <art_type /> 	  </artifact>
  <artifact>	  <art_id>	iT2.20	</art_id> 	  <art_title>	Patient and HCP will be able to proactively confirm prescription-renewal needs of a patient	</art_title> 	  <art_parent /> 	  <art_content>		</art_content> 	  <art_type /> 	  </artifact>
  <artifact>	  <art_id>	iT2.21	</art_id> 	  <art_title>	Administrator will be able to create/disable a HCP	</art_title> 	  <art_parent /> 	  <art_content>		</art_content> 	  <art_type /> 	  </artifact>
  <artifact>	  <art_id>	iT2.22	</art_id> 	  <art_title>	Administrator will be able to maintain the standards list	</art_title> 	  <art_parent /> 	  <art_content>		</art_content> 	  <art_type /> 	  </artifact>
  <artifact>	  <art_id>	iT2.23	</art_id> 	  <art_title>	Administrator will be able to maintain a standart list of available immunizations.	</art_title> 	  <art_parent /> 	  <art_content>		</art_content> 	  <art_type /> 	  </artifact>
  <artifact>	  <art_id>	iT2.24	</art_id> 	  <art_title>	Administrator will be able to maintain the hospital list	</art_title> 	  <art_parent /> 	  <art_content>		</art_content> 	  <art_type /> 	  </artifact>
  <artifact>	  <art_id>	iT2.25	</art_id> 	  <art_title>	Administrator will be able to create a LHCP and ER accounts	</art_title> 	  <art_parent /> 	  <art_content>		</art_content> 	  <art_type /> 	  </artifact>
  <artifact>	  <art_id>	iT2.26	</art_id> 	  <art_title>	Administrator will be able to assign LHCP to multiple hospitals	</art_title> 	  <art_parent /> 	  <art_content>		</art_content> 	  <art_type /> 	  </artifact>
  <artifact>	  <art_id>	iT2.27	</art_id> 	  <art_title>	Administrator will be able to maintain a standart list of allowable drugs using the NDC.	</art_title> 	  <art_parent /> 	  <art_content>		</art_content> 	  <art_type /> 	  </artifact>
  <artifact>	  <art_id>	iT2.28	</art_id> 	  <art_title>	Administrator will be able to maintain a standart list of available diagnoses using the ICD-9CM code and a classification that the diagnosis is either chronic/long-term OR short term	</art_title> 	  <art_parent /> 	  <art_content>		</art_content> 	  <art_type /> 	  </artifact>
  <artifact>	  <art_id>	iT2.29	</art_id> 	  <art_title>	Administrator will be able to maintain a listing of allowable physical services (including laboratory procedures) using LOINC code	</art_title> 	  <art_parent /> 	  <art_content>		</art_content> 	  <art_type /> 	  </artifact>
  <artifact>	  <art_id>	iT2.30	</art_id> 	  <art_title>	HCP will be able to create/disable a patient	</art_title> 	  <art_parent /> 	  <art_content>		</art_content> 	  <art_type /> 	  </artifact>
  <artifact>	  <art_id>	iT2.31	</art_id> 	  <art_title>	HCP will be able to declare/undeclare a personal health representative for a patient	</art_title> 	  <art_parent /> 	  <art_content>		</art_content> 	  <art_type /> 	  </artifact>
  <artifact>	  <art_id>	iT2.32	</art_id> 	  <art_title>	HCP will be able to refer a patient for consultations	</art_title> 	  <art_parent /> 	  <art_content>		</art_content> 	  <art_type /> 	  </artifact>
  <artifact>	  <art_id>	iT2.33	</art_id> 	  <art_title>	HCP will be able to request biusurveillance information	</art_title> 	  <art_parent /> 	  <art_content>		</art_content> 	  <art_type /> 	  </artifact>
  <artifact>	  <art_id>	iT2.34	</art_id> 	  <art_title>	HCP will be able to disable patient	</art_title> 	  <art_parent /> 	  <art_content>		</art_content> 	  <art_type /> 	  </artifact>
  <artifact>	  <art_id>	iT2.35	</art_id> 	  <art_title>	HCP will be able to create UAP accounts	</art_title> 	  <art_parent /> 	  <art_content>		</art_content> 	  <art_type /> 	  </artifact>
  <artifact>	  <art_id>	iT3	</art_id> 	  <art_title>	System must support creating patients (accounts).	</art_title> 	  <art_parent /> 	  <art_content>		</art_content> 	  <art_type /> 	  </artifact>
  <artifact>	  <art_id>	iT3.1	</art_id> 	  <art_title>	System will generate a unique Medical User Identification number	</art_title> 	  <art_parent /> 	  <art_content>		</art_content> 	  <art_type /> 	  </artifact>
  <artifact>	  <art_id>	iT3.2	</art_id> 	  <art_title>	System will generate a secret key - patient's initial password	</art_title> 	  <art_parent /> 	  <art_content>		</art_content> 	  <art_type /> 	  </artifact>
  <artifact>	  <art_id>	iT4	</art_id> 	  <art_title>	System must support disabling patients (accounts)	</art_title> 	  <art_parent /> 	  <art_content>		</art_content> 	  <art_type /> 	  </artifact>
  <artifact>	  <art_id>	iT4.1	</art_id> 	  <art_title>	System will mark the date when patient was diabled and record optional diagnosis code as the cause of death	</art_title> 	  <art_parent /> 	  <art_content>		</art_content> 	  <art_type /> 	  </artifact>
  <artifact>	  <art_id>	iT5	</art_id> 	  <art_title>	System must support creating and editting personel (accounts)	</art_title> 	  <art_parent /> 	  <art_content>		</art_content> 	  <art_type /> 	  </artifact>
  <artifact>	  <art_id>	iT6	</art_id> 	  <art_title>	System will support transaction logs that will include the MID of the editor, transaction type and transaction date	</art_title> 	  <art_parent /> 	  <art_content>		</art_content> 	  <art_type /> 	  </artifact>
  <artifact>	  <art_id>	iT6.1	</art_id> 	  <art_title>	System should record a log everytime Enter/edit demographics transaction is performed	</art_title> 	  <art_parent /> 	  <art_content>		</art_content> 	  <art_type /> 	  </artifact>
  <artifact>	  <art_id>	iT6.2	</art_id> 	  <art_title>	System should record a log everytime View HCP, declare/undeclare LHCP as DLHCP transaction is performed	</art_title> 	  <art_parent /> 	  <art_content>		</art_content> 	  <art_type /> 	  </artifact>
  <artifact>	  <art_id>	iT6.3	</art_id> 	  <art_title>	System should record a log everytime View access log transaction is performed	</art_title> 	  <art_parent /> 	  <art_content>		</art_content> 	  <art_type /> 	  </artifact>
  <artifact>	  <art_id>	iT6.4	</art_id> 	  <art_title>	System should record a log everytime View medical records transaction is performed	</art_title> 	  <art_parent /> 	  <art_content>		</art_content> 	  <art_type /> 	  </artifact>
  <artifact>	  <art_id>	iT6.5	</art_id> 	  <art_title>	System should record a log everytime Authenticate users transaction is performed	</art_title> 	  <art_parent /> 	  <art_content>		</art_content> 	  <art_type /> 	  </artifact>
  <artifact>	  <art_id>	iT6.6	</art_id> 	  <art_title>	System should record a log everytime Enter/edit personal health information transaction is performed	</art_title> 	  <art_parent /> 	  <art_content>		</art_content> 	  <art_type /> 	  </artifact>
  <artifact>	  <art_id>	iT6.7	</art_id> 	  <art_title>	System should record a log everytime Document office visit transaction is performed	</art_title> 	  <art_parent /> 	  <art_content>		</art_content> 	  <art_type /> 	  </artifact>
  <artifact>	  <art_id>	iT6.8	</art_id> 	  <art_title>	System should record a log everytime Create/disable patient or HCP transaction is performed	</art_title> 	  <art_parent /> 	  <art_content>		</art_content> 	  <art_type /> 	  </artifact>
  <artifact>	  <art_id>	iT6.9	</art_id> 	  <art_title>	System should record a log everytime Diagnosis code transaction is performed	</art_title> 	  <art_parent /> 	  <art_content>		</art_content> 	  <art_type /> 	  </artifact>
  <artifact>	  <art_id>	iT6.10	</art_id> 	  <art_title>	System should record a log everytime Request biosurveillance transaction is performed	</art_title> 	  <art_parent /> 	  <art_content>		</art_content> 	  <art_type /> 	  </artifact>
  <artifact>	  <art_id>	iT6.11	</art_id> 	  <art_title>	System should record a log everytime Medical procedure code transaction is performed	</art_title> 	  <art_parent /> 	  <art_content>		</art_content> 	  <art_type /> 	  </artifact>
  <artifact>	  <art_id>	iT6.12	</art_id> 	  <art_title>	System should record a log everytime Drug code transaction is performed	</art_title> 	  <art_parent /> 	  <art_content>		</art_content> 	  <art_type /> 	  </artifact>
  <artifact>	  <art_id>	iT6.13	</art_id> 	  <art_title>	System should record a log everytime Identify risk factors transaction is performed	</art_title> 	  <art_parent /> 	  <art_content>		</art_content> 	  <art_type /> 	  </artifact>
  <artifact>	  <art_id>	iT6.14	</art_id> 	  <art_title>	System should record a log everytime Cause of Death Trends transaction is performed	</art_title> 	  <art_parent /> 	  <art_content>		</art_content> 	  <art_type /> 	  </artifact>
  <artifact>	  <art_id>	iT6.15	</art_id> 	  <art_title>	System should record a log everytime Declare/undeclare personal health representative transaction is performed	</art_title> 	  <art_parent /> 	  <art_content>		</art_content> 	  <art_type /> 	  </artifact>
  <artifact>	  <art_id>	iT6.16	</art_id> 	  <art_title>	System should record a log everytime Proactively determine necessary patient care transaction is performed	</art_title> 	  <art_parent /> 	  <art_content>		</art_content> 	  <art_type /> 	  </artifact>
  <artifact>	  <art_id>	iT6.17	</art_id> 	  <art_title>	System should record a log everytime Maintain a hospital listing transaction is performed	</art_title> 	  <art_parent /> 	  <art_content>		</art_content> 	  <art_type /> 	  </artifact>
  <artifact>	  <art_id>	iT6.18	</art_id> 	  <art_title>	System should record a log everytime View prescription report transaction is performed	</art_title> 	  <art_parent /> 	  <art_content>		</art_content> 	  <art_type /> 	  </artifact>
  <artifact>	  <art_id>	iT6.19	</art_id> 	  <art_title>	System should record a log everytime View Hospital Statistics transaction is performed	</art_title> 	  <art_parent /> 	  <art_content>		</art_content> 	  <art_type /> 	  </artifact>
  <artifact>	  <art_id>	iT6.20	</art_id> 	  <art_title>	System should record a log everytime View patient comprehensive record transaction is performed	</art_title> 	  <art_parent /> 	  <art_content>		</art_content> 	  <art_type /> 	  </artifact>
  <artifact>	  <art_id>	iT6.21	</art_id> 	  <art_title>	System should record a log everytime View emergency report transaction is performed	</art_title> 	  <art_parent /> 	  <art_content>		</art_content> 	  <art_type /> 	  </artifact>
  <artifact>	  <art_id>	iT6.22	</art_id> 	  <art_title>	System should record a log everytime Schedule Appointments transaction is performed	</art_title> 	  <art_parent /> 	  <art_content>		</art_content> 	  <art_type /> 	  </artifact>
  <artifact>	  <art_id>	iT6.23	</art_id> 	  <art_title>	System should record a log everytime Request Appointment transaction is performed	</art_title> 	  <art_parent /> 	  <art_content>		</art_content> 	  <art_type /> 	  </artifact>
  <artifact>	  <art_id>	iT6.24	</art_id> 	  <art_title>	System should record a log everytime Comprehensive Report transaction is performed	</art_title> 	  <art_parent /> 	  <art_content>		</art_content> 	  <art_type /> 	  </artifact>
  <artifact>	  <art_id>	iT6.25	</art_id> 	  <art_title>	System should record a log everytime Take Satisfaction Survey transaction is performed	</art_title> 	  <art_parent /> 	  <art_content>		</art_content> 	  <art_type /> 	  </artifact>
  <artifact>	  <art_id>	iT6.26	</art_id> 	  <art_title>	System should record a log everytime View physician satisfaction results transaction is performed	</art_title> 	  <art_parent /> 	  <art_content>		</art_content> 	  <art_type /> 	  </artifact>
  <artifact>	  <art_id>	iT6.27	</art_id> 	  <art_title>	System should record a log everytime View laboratory procedure results transaction is performed	</art_title> 	  <art_parent /> 	  <art_content>		</art_content> 	  <art_type /> 	  </artifact>
  <artifact>	  <art_id>	iT6.28	</art_id> 	  <art_title>	System should record a log everytime View patient list transaction is performed	</art_title> 	  <art_parent /> 	  <art_content>		</art_content> 	  <art_type /> 	  </artifact>
  <artifact>	  <art_id>	iT6.29	</art_id> 	  <art_title>	System should record a log everytime Find LHCPs with experience with a diagnosis transaction is performed	</art_title> 	  <art_parent /> 	  <art_content>		</art_content> 	  <art_type /> 	  </artifact>
  <artifact>	  <art_id>	iT6.30	</art_id> 	  <art_title>	System should record a log everytime Send messages transaction is performed	</art_title> 	  <art_parent /> 	  <art_content>		</art_content> 	  <art_type /> 	  </artifact>
  <artifact>	  <art_id>	iT6.31	</art_id> 	  <art_title>	System should record a log everytime Find LHCPs for prescription renewal transaction is performed	</art_title> 	  <art_parent /> 	  <art_content>		</art_content> 	  <art_type /> 	  </artifact>
  <artifact>	  <art_id>	iT6.32	</art_id> 	  <art_title>	System should record a log everytime Refer a patient for consultations transaction is performed	</art_title> 	  <art_parent /> 	  <art_content>		</art_content> 	  <art_type /> 	  </artifact>
  <artifact>	  <art_id>	iT6.33	</art_id> 	  <art_title>	System should record a log everytime Proactively confirm prescription-renewal transaction is performed	</art_title> 	  <art_parent /> 	  <art_content>		</art_content> 	  <art_type /> 	  </artifact>
  <artifact>	  <art_id>	iT6.34	</art_id> 	  <art_title>	Patient must be able to view access log for a specified (by the patient) period of time.	</art_title> 	  <art_parent /> 	  <art_content>		</art_content> 	  <art_type /> 	  </artifact>
  <artifact>	  <art_id>	iT7	</art_id> 	  <art_title>	System must allow designating and undesignating Licensed Health Care Professionals.	</art_title> 	  <art_parent /> 	  <art_content>		</art_content> 	  <art_type /> 	  </artifact>
  <artifact>	  <art_id>	iT7.1	</art_id> 	  <art_title>	System must be able to display all LHCP that the patient has had an office visit with and allow for sorting and filtering based on last visit date and LHCP name	</art_title> 	  <art_parent /> 	  <art_content>		</art_content> 	  <art_type /> 	  </artifact>
  <artifact>	  <art_id>	iT7.2	</art_id> 	  <art_title>	System will allow to search for a LHCP entering a last name or partial last name and optionally reduce the list of choices by providing the specialty and/or zip code.	</art_title> 	  <art_parent /> 	  <art_content>		</art_content> 	  <art_type /> 	  </artifact>
  <artifact>	  <art_id>	iT8	</art_id> 	  <art_title>	Patient and Personal Representative will be able to view medical records such as personal health information (including historical values), immunizations, and office visit information (date, diagnoses, medication, name of attending physician but not notes, laboratory procedures)	</art_title> 	  <art_parent /> 	  <art_content>		</art_content> 	  <art_type /> 	  </artifact>
  <artifact>	  <art_id>	it8.1	</art_id> 	  <art_title>	The patient or personal health representative will be able to see an abbreviated health history of their siblings, parents, and both sets of grandparents for which MIDs are available in Database. They will see diagnoses related to: high blood pressure, high cholesterol, diabetes, cancer, heart disease, smoking and the cause of death if the family member has deceased.	</art_title> 	  <art_parent /> 	  <art_content>		</art_content> 	  <art_type /> 	  </artifact>
  <artifact>	  <art_id>	iT9	</art_id> 	  <art_title>	Health Care Personel will be able to enter/edit patient's personal health records	</art_title> 	  <art_parent /> 	  <art_content>		</art_content> 	  <art_type /> 	  </artifact>
  <artifact>	  <art_id>	it9.1	</art_id> 	  <art_title>	HCP will be able to enter/edit personal health information including editing historical values, immunizations, and office visit information (date, diagnoses, medication, name of attending physician but not notes, laboratory procedures), and family history (the MIDs of the patient's mother and father).	</art_title> 	  <art_parent /> 	  <art_content>		</art_content> 	  <art_type /> 	  </artifact>
  <artifact>	  <art_id>	it9.2	</art_id> 	  <art_title>	The HCP will be able to indicate the patient has passed away, providing an appropriate diagnosis code.	</art_title> 	  <art_parent /> 	  <art_content>		</art_content> 	  <art_type /> 	  </artifact>
  <artifact>	  <art_id>	it9.3	</art_id> 	  <art_title>	System will notify patient and his personal health representative if his/her personal health record was viewed by a LHCP who is not one of the patient's DLHCP or UAP who is not associated with one of their DLHCP.	</art_title> 	  <art_parent /> 	  <art_content>		</art_content> 	  <art_type /> 	  </artifact>
  <artifact>	  <art_id>	iT10	</art_id> 	  <art_title>	Sysem will allow for documenting office visits	</art_title> 	  <art_parent /> 	  <art_content>		</art_content> 	  <art_type /> 	  </artifact>
  <artifact>	  <art_id>	iT10.1	</art_id> 	  <art_title>	LHCP will be able to document the notes of an office visit, providing the date of the office visit, and their own medical identification number.	</art_title> 	  <art_parent /> 	  <art_content>		</art_content> 	  <art_type /> 	  </artifact>
  <artifact>	  <art_id>	iT10.2	</art_id> 	  <art_title>	HCP will be able to document one or more diagnoses determined during an office visit	</art_title> 	  <art_parent /> 	  <art_content>		</art_content> 	  <art_type /> 	  </artifact>
  <artifact>	  <art_id>	iT10.3	</art_id> 	  <art_title>	HCP will be able to document one or more medical procedures performed during an office visit	</art_title> 	  <art_parent /> 	  <art_content>		</art_content> 	  <art_type /> 	  </artifact>
  <artifact>	  <art_id>	iT10.4	</art_id> 	  <art_title>	HCP will be able to document one or more medications prescribed  to the patient during an office visit	</art_title> 	  <art_parent /> 	  <art_content>		</art_content> 	  <art_type /> 	  </artifact>
  <artifact>	  <art_id>	iT10.5	</art_id> 	  <art_title>	HCP will be able to document one or more immunizations given to the patient during an office visit	</art_title> 	  <art_parent /> 	  <art_content>		</art_content> 	  <art_type /> 	  </artifact>
  <artifact>	  <art_id>	iT10.6	</art_id> 	  <art_title>	System will use ICD-9CM code to describe diagnoses	</art_title> 	  <art_parent /> 	  <art_content>		</art_content> 	  <art_type /> 	  </artifact>
  <artifact>	  <art_id>	iT10.7	</art_id> 	  <art_title>	System will use CPT code to describe medical procedures	</art_title> 	  <art_parent /> 	  <art_content>		</art_content> 	  <art_type /> 	  </artifact>
  <artifact>	  <art_id>	iT10.8	</art_id> 	  <art_title>	System will use LOINC code to describe lab procedures	</art_title> 	  <art_parent /> 	  <art_content>		</art_content> 	  <art_type /> 	  </artifact>
  <artifact>	  <art_id>	iT10.9	</art_id> 	  <art_title>	System will use NDC code to describe prescribed medications	</art_title> 	  <art_parent /> 	  <art_content>		</art_content> 	  <art_type /> 	  </artifact>
  <artifact>	  <art_id>	iT10.10	</art_id> 	  <art_title>	System will use CPT code to describe immunizations	</art_title> 	  <art_parent /> 	  <art_content>		</art_content> 	  <art_type /> 	  </artifact>
  <artifact>	  <art_id>	iT11	</art_id> 	  <art_title>	Designated Licensed Health Care Personel will be able to set a personal representative for his/her patients.	</art_title> 	  <art_parent /> 	  <art_content>		</art_content> 	  <art_type /> 	  </artifact>
  <artifact>	  <art_id>	iT12	</art_id> 	  <art_title>	System will allow determining if instances of a certain ailment is reaching epidemic proportions in a given area. System will use heurystic methods to analyze data in the database	</art_title> 	  <art_parent /> 	  <art_content>		</art_content> 	  <art_type /> 	  </artifact>
  <artifact>	  <art_id>	iT12.1	</art_id> 	  <art_title>	LHCP will be able to querry the System to check for symptoms of malaria and influenza epidemy in the area given by ZIP code.	</art_title> 	  <art_parent /> 	  <art_content>		</art_content> 	  <art_type /> 	  </artifact>
  <artifact>	  <art_id>	iT12.2	</art_id> 	  <art_title>	LHCP will be able to examine recent trends in diagnoses	</art_title> 	  <art_parent /> 	  <art_content>		</art_content> 	  <art_type /> 	  </artifact>
  <artifact>	  <art_id>	iT13	</art_id> 	  <art_title>	System will identify patient's risk for Diabetes Type 1 (based on available risk factors)	</art_title> 	  <art_parent /> 	  <art_content>		</art_content> 	  <art_type /> 	  </artifact>
  <artifact>	  <art_id>	iT14	</art_id> 	  <art_title>	System will identify patient's risk for Diabetes Type 2 (based on available risk factors)	</art_title> 	  <art_parent /> 	  <art_content>		</art_content> 	  <art_type /> 	  </artifact>
  <artifact>	  <art_id>	iT16	</art_id> 	  <art_title>	System will identify patient's risk for Heart Disease (based on available risk factors)	</art_title> 	  <art_parent /> 	  <art_content>		</art_content> 	  <art_type /> 	  </artifact>
  <artifact>	  <art_id>	iT17	</art_id> 	  <art_title>	System will allow to proactively determine needed patient care	</art_title> 	  <art_parent /> 	  <art_content>		</art_content> 	  <art_type /> 	  </artifact>
  <artifact>	  <art_id>	iT17.1	</art_id> 	  <art_title>	System will allow to identify chronic patients who need an office visit (who have not had an office visit for more than one year)	</art_title> 	  <art_parent /> 	  <art_content>		</art_content> 	  <art_type /> 	  </artifact>
  <artifact>	  <art_id>	iT17.2	</art_id> 	  <art_title>	System will allow to identify patients who need a flu shot	</art_title> 	  <art_parent /> 	  <art_content>		</art_content> 	  <art_type /> 	  </artifact>
  <artifact>	  <art_id>	iT17.3	</art_id> 	  <art_title>	System will allow to identify patients who have not had proper immunizations per the immunization schedule	</art_title> 	  <art_parent /> 	  <art_content>		</art_content> 	  <art_type /> 	  </artifact>
  <artifact>	  <art_id>	iT18	</art_id> 	  <art_title>	System will allow to view prescription report	</art_title> 	  <art_parent /> 	  <art_content>		</art_content> 	  <art_type /> 	  </artifact>
  <artifact>	  <art_id>	iT19	</art_id> 	  <art_title>	System will allow the LHCP to view cause-of-death reports	</art_title> 	  <art_parent /> 	  <art_content>		</art_content> 	  <art_type /> 	  </artifact>
  <artifact>	  <art_id>	iT20	</art_id> 	  <art_title>	System will allow for viewing a printable electronic health record of a patient	</art_title> 	  <art_parent /> 	  <art_content>		</art_content> 	  <art_type /> 	  </artifact>
  <artifact>	  <art_id>	iT21	</art_id> 	  <art_title>	Electronic health record will include patient's name, age, gender and emergency contact	</art_title> 	  <art_parent /> 	  <art_content>		</art_content> 	  <art_type /> 	  </artifact>
  <artifact>	  <art_id>	iT21.1	</art_id> 	  <art_title>	Electronic health record will include patient's allergies	</art_title> 	  <art_parent /> 	  <art_content>		</art_content> 	  <art_type /> 	  </artifact>
  <artifact>	  <art_id>	iT21.2	</art_id> 	  <art_title>	Electronic health record will include patient's blood type	</art_title> 	  <art_parent /> 	  <art_content>		</art_content> 	  <art_type /> 	  </artifact>
  <artifact>	  <art_id>	iT21.3	</art_id> 	  <art_title>	Electronic health record will include list of patient's diagnosis	</art_title> 	  <art_parent /> 	  <art_content>		</art_content> 	  <art_type /> 	  </artifact>
  <artifact>	  <art_id>	iT21.4	</art_id> 	  <art_title>	Electronic health record will include list of patient's prescriptions	</art_title> 	  <art_parent /> 	  <art_content>		</art_content> 	  <art_type /> 	  </artifact>
  <artifact>	  <art_id>	iT21.5	</art_id> 	  <art_title>	Electronic health record will include list of patient's immunizations	</art_title> 	  <art_parent /> 	  <art_content>		</art_content> 	  <art_type /> 	  </artifact>
  <artifact>	  <art_id>	iT22	</art_id> 	  <art_title>	System will allow LHCP and patient to manage their appointments	</art_title> 	  <art_parent /> 	  <art_content>		</art_content> 	  <art_type /> 	  </artifact>
  <artifact>	  <art_id>	iT22.1	</art_id> 	  <art_title>	LHCP and Patient will be able to request an appointment	</art_title> 	  <art_parent /> 	  <art_content>		</art_content> 	  <art_type /> 	  </artifact>
  <artifact>	  <art_id>	iT22.2	</art_id> 	  <art_title>	LHCP and Patient will be able to accept an appointment	</art_title> 	  <art_parent /> 	  <art_content>		</art_content> 	  <art_type /> 	  </artifact>
  <artifact>	  <art_id>	iT22.3	</art_id> 	  <art_title>	LHCP and Patient will be able to reject an appointment	</art_title> 	  <art_parent /> 	  <art_content>		</art_content> 	  <art_type /> 	  </artifact>
  <artifact>	  <art_id>	iT22.4	</art_id> 	  <art_title>	LHCP and Patient will be able to view upcomming appointments	</art_title> 	  <art_parent /> 	  <art_content>		</art_content> 	  <art_type /> 	  </artifact>
  <artifact>	  <art_id>	iT23	</art_id> 	  <art_title>	System will be able to generate a Comprehensive Patient Report	</art_title> 	  <art_parent /> 	  <art_content>		</art_content> 	  <art_type /> 	  </artifact>
  <artifact>	  <art_id>	iT23.1	</art_id> 	  <art_title>	Comprehensive Patient Report will include all patient demographic information	</art_title> 	  <art_parent /> 	  <art_content>		</art_content> 	  <art_type /> 	  </artifact>
  <artifact>	  <art_id>	iT23.2	</art_id> 	  <art_title>	Comprehensive Patient Report will include the entire history of personal health records	</art_title> 	  <art_parent /> 	  <art_content>		</art_content> 	  <art_type /> 	  </artifact>
  <artifact>	  <art_id>	iT23.3	</art_id> 	  <art_title>	Comprehensive Patient Report will include all patient's DHCPs	</art_title> 	  <art_parent /> 	  <art_content>		</art_content> 	  <art_type /> 	  </artifact>
  <artifact>	  <art_id>	iT23.4	</art_id> 	  <art_title>	Comprehensive Patient Report will include all patient's allergies	</art_title> 	  <art_parent /> 	  <art_content>		</art_content> 	  <art_type /> 	  </artifact>
  <artifact>	  <art_id>	iT23.5	</art_id> 	  <art_title>	Comprehensive Patient Report will include all patient's procedures	</art_title> 	  <art_parent /> 	  <art_content>		</art_content> 	  <art_type /> 	  </artifact>
  <artifact>	  <art_id>	iT23.6	</art_id> 	  <art_title>	Comprehensive Patient Report will include all patient's medications	</art_title> 	  <art_parent /> 	  <art_content>		</art_content> 	  <art_type /> 	  </artifact>
  <artifact>	  <art_id>	iT23.7	</art_id> 	  <art_title>	Comprehensive Patient Report will include all patient's office visits	</art_title> 	  <art_parent /> 	  <art_content>		</art_content> 	  <art_type /> 	  </artifact>
  <artifact>	  <art_id>	iT23.8	</art_id> 	  <art_title>	Comprehensive Patient Report will include all patient's known relatives	</art_title> 	  <art_parent /> 	  <art_content>		</art_content> 	  <art_type /> 	  </artifact>
  <artifact>	  <art_id>	iT23.9	</art_id> 	  <art_title>	LHCP will be able to request Comprehensive Patient Report	</art_title> 	  <art_parent /> 	  <art_content>		</art_content> 	  <art_type /> 	  </artifact>
  <artifact>	  <art_id>	iT23.10	</art_id> 	  <art_title>	Administrator will have to approve access to Comprehensive Patient Report for LHCP	</art_title> 	  <art_parent /> 	  <art_content>		</art_content> 	  <art_type /> 	  </artifact>
  <artifact>	  <art_id>	iT24	</art_id> 	  <art_title>	System must implement Satisfaction Survery functionality	</art_title> 	  <art_parent /> 	  <art_content>		</art_content> 	  <art_type /> 	  </artifact>
  <artifact>	  <art_id>	iT24.1	</art_id> 	  <art_title>	Patients and Health Care Representatives will be able to fill out a Satisfaction Survery relative to a previous office visit	</art_title> 	  <art_parent /> 	  <art_content>		</art_content> 	  <art_type /> 	  </artifact>
  <artifact>	  <art_id>	iT24.2	</art_id> 	  <art_title>	Satisfaction Survey will ask how many minutes the patient waited in the waiting room	</art_title> 	  <art_parent /> 	  <art_content>		</art_content> 	  <art_type /> 	  </artifact>
  <artifact>	  <art_id>	iT24.3	</art_id> 	  <art_title>	Satisfaction Survey will ask how many minutes the patient waited in the examination room before seeing a physician	</art_title> 	  <art_parent /> 	  <art_content>		</art_content> 	  <art_type /> 	  </artifact>
  <artifact>	  <art_id>	iT24.4	</art_id> 	  <art_title>	Satisfaction Survey will ask how satisfied the patient was with the visit	</art_title> 	  <art_parent /> 	  <art_content>		</art_content> 	  <art_type /> 	  </artifact>
  <artifact>	  <art_id>	iT24.5	</art_id> 	  <art_title>	Satisfaction Survey will ask how satisfied the patient was with the treatment and received information	</art_title> 	  <art_parent /> 	  <art_content>		</art_content> 	  <art_type /> 	  </artifact>
  <artifact>	  <art_id>	iT25	</art_id> 	  <art_title>	User will be able to view Physician Satisfaction Survey Results	</art_title> 	  <art_parent /> 	  <art_content>		</art_content> 	  <art_type /> 	  </artifact>
  <artifact>	  <art_id>	iT25.1	</art_id> 	  <art_title>	Satisfaction Survey Results will display physician's name	</art_title> 	  <art_parent /> 	  <art_content>		</art_content> 	  <art_type /> 	  </artifact>
  <artifact>	  <art_id>	iT25.2	</art_id> 	  <art_title>	Satisfaction Survey Results will display physician's address	</art_title> 	  <art_parent /> 	  <art_content>		</art_content> 	  <art_type /> 	  </artifact>
  <artifact>	  <art_id>	iT25.3	</art_id> 	  <art_title>	Satisfaction Survey Results will display average number of minutes patients wait in waiting room	</art_title> 	  <art_parent /> 	  <art_content>		</art_content> 	  <art_type /> 	  </artifact>
  <artifact>	  <art_id>	iT25.4	</art_id> 	  <art_title>	Satisfaction Survey Results will display average number of minutes patients wait in examination room prior to seeing physician	</art_title> 	  <art_parent /> 	  <art_content>		</art_content> 	  <art_type /> 	  </artifact>
  <artifact>	  <art_id>	iT25.5	</art_id> 	  <art_title>	Satisfaction Survey Results will display average office visit satisfaction	</art_title> 	  <art_parent /> 	  <art_content>		</art_content> 	  <art_type /> 	  </artifact>
  <artifact>	  <art_id>	iT25.6	</art_id> 	  <art_title>	Satisfaction Survey Results will display average satisfaction with treatment/information	</art_title> 	  <art_parent /> 	  <art_content>		</art_content> 	  <art_type /> 	  </artifact>
  <artifact>	  <art_id>	iT25.7	</art_id> 	  <art_title>	Satisfaction Survey Results will display percentage of office visits for which satisfaction information is available	</art_title> 	  <art_parent /> 	  <art_content>		</art_content> 	  <art_type /> 	  </artifact>
  <artifact>	  <art_id>	iT26	</art_id> 	  <art_title>	System will maintain information about laboratory procedures for each patient	</art_title> 	  <art_parent /> 	  <art_content>		</art_content> 	  <art_type /> 	  </artifact>
  <artifact>	  <art_id>	iT26.1	</art_id> 	  <art_title>	Patient and Personal Health Representative will be able to view status of  laboratory procedures.	</art_title> 	  <art_parent /> 	  <art_content>		</art_content> 	  <art_type /> 	  </artifact>
  <artifact>	  <art_id>	iT26.3	</art_id> 	  <art_title>	HCP wille ba able to edit a laboratory procedure	</art_title> 	  <art_parent /> 	  <art_content>		</art_content> 	  <art_type /> 	  </artifact>
  <artifact>	  <art_id>	iT27	</art_id> 	  <art_title>	System will be able to send out an email alert to all iTrust users in case of important event	</art_title> 	  <art_parent /> 	  <art_content>		</art_content> 	  <art_type /> 	  </artifact>
  <artifact>	  <art_id>	iT27.1	</art_id> 	  <art_title>	System will send an email alert to iTrust user who changed his/her password	</art_title> 	  <art_parent /> 	  <art_content>		</art_content> 	  <art_type /> 	  </artifact>
  <artifact>	  <art_id>	iT27.2	</art_id> 	  <art_title>	System will send an email alert to a patient when patient's laboratory procedure changes status	</art_title> 	  <art_parent /> 	  <art_content>		</art_content> 	  <art_type /> 	  </artifact>
  <artifact>	  <art_id>	iT27.3	</art_id> 	  <art_title>	System will send an email alert to Patient and LHCP when appointment date is accepted as scheduled.	</art_title> 	  <art_parent /> 	  <art_content>		</art_content> 	  <art_type /> 	  </artifact>
  <artifact>	  <art_id>	iT27.4	</art_id> 	  <art_title>	System will send an email alert to Patient when Administrator approves the comprehensive report generation	</art_title> 	  <art_parent /> 	  <art_content>		</art_content> 	  <art_type /> 	  </artifact>
  <artifact>	  <art_id>	iT27.5	</art_id> 	  <art_title>	System will send an email alert to Patient when LHCP generates the comprehensive report.	</art_title> 	  <art_parent /> 	  <art_content>		</art_content> 	  <art_type /> 	  </artifact>
  <artifact>	  <art_id>	iT28	</art_id> 	  <art_title>	System will allow the LHCP view all his patients	</art_title> 	  <art_parent /> 	  <art_content>		</art_content> 	  <art_type /> 	  </artifact>
  <artifact>	  <art_id>	iT29	</art_id> 	  <art_title>	System must allow patients finding a LHCP who handled given condition	</art_title> 	  <art_parent /> 	  <art_content>		</art_content> 	  <art_type /> 	  </artifact>
  <artifact>	  <art_id>	iT30	</art_id> 	  <art_title>	System must allow messaging between patient and LHCP	</art_title> 	  <art_parent /> 	  <art_content>		</art_content> 	  <art_type /> 	  </artifact>
  <artifact>	  <art_id>	iT31	</art_id> 	  <art_title>	Patient must be able to request prescription renewal from LHCP	</art_title> 	  <art_parent /> 	  <art_content>		</art_content> 	  <art_type /> 	  </artifact>
  <artifact>	  <art_id>	iT32	</art_id> 	  <art_title>	HCP must be ableto refer a patient to another HCP for consultations	</art_title> 	  <art_parent /> 	  <art_content>		</art_content> 	  <art_type /> 	  </artifact>
  <artifact>	  <art_id>	iT33	</art_id> 	  <art_title>	System will identify patient by his/her unique Medical identification number (MID)	</art_title> 	  <art_parent /> 	  <art_content>		</art_content> 	  <art_type /> 	  </artifact>
  <artifact>	  <art_id>	iT34	</art_id> 	  <art_title>	System will store patient's address information	</art_title> 	  <art_parent /> 	  <art_content>		</art_content> 	  <art_type /> 	  </artifact>
  <artifact>	  <art_id>	iT35	</art_id> 	  <art_title>	System will store patient's emergency contacts	</art_title> 	  <art_parent /> 	  <art_content>		</art_content> 	  <art_type /> 	  </artifact>
  <artifact>	  <art_id>	iT36	</art_id> 	  <art_title>	System will store patients insurance company information	</art_title> 	  <art_parent /> 	  <art_content>		</art_content> 	  <art_type /> 	  </artifact>
  <artifact>	  <art_id>	iT37	</art_id> 	  <art_title>	System will store patient's blood type	</art_title> 	  <art_parent /> 	  <art_content>		</art_content> 	  <art_type /> 	  </artifact>
  <artifact>	  <art_id>	iT38	</art_id> 	  <art_title>	System will store patient's ethnicity	</art_title> 	  <art_parent /> 	  <art_content>		</art_content> 	  <art_type /> 	  </artifact>
  <artifact>	  <art_id>	iT39	</art_id> 	  <art_title>	System will store patient's gender	</art_title> 	  <art_parent /> 	  <art_content>		</art_content> 	  <art_type /> 	  </artifact>
  <artifact>	  <art_id>	iT40	</art_id> 	  <art_title>	System will store patient's parents information	</art_title> 	  <art_parent /> 	  <art_content>		</art_content> 	  <art_type /> 	  </artifact>
  <artifact>	  <art_id>	iT41	</art_id> 	  <art_title>	System will store patient's allergies information	</art_title> 	  <art_parent /> 	  <art_content>		</art_content> 	  <art_type /> 	  </artifact>
  <artifact>	  <art_id>	iT42	</art_id> 	  <art_title>	System will store patient's height	</art_title> 	  <art_parent /> 	  <art_content>		</art_content> 	  <art_type /> 	  </artifact>
  <artifact>	  <art_id>	iT43	</art_id> 	  <art_title>	System will store patient's width	</art_title> 	  <art_parent /> 	  <art_content>		</art_content> 	  <art_type /> 	  </artifact>
  <artifact>	  <art_id>	iT44	</art_id> 	  <art_title>	System will store patient's blood pressure	</art_title> 	  <art_parent /> 	  <art_content>		</art_content> 	  <art_type /> 	  </artifact>
  <artifact>	  <art_id>	iT45	</art_id> 	  <art_title>	System will store patient's cholesterol	</art_title> 	  <art_parent /> 	  <art_content>		</art_content> 	  <art_type /> 	  </artifact>
  <artifact>	  <art_id>	iT46	</art_id> 	  <art_title>	System will store information if patient is a smoker	</art_title> 	  <art_parent /> 	  <art_content>		</art_content> 	  <art_type /> 	  </artifact>
  <artifact>	  <art_id>	iT47	</art_id> 	  <art_title>	System will store patient's prescription history	</art_title> 	  <art_parent /> 	  <art_content>		</art_content> 	  <art_type /> 	  </artifact>
  <artifact>	  <art_id>	iT48	</art_id> 	  <art_title>	System will store risk factors for Type 1 diabetes	</art_title> 	  <art_parent /> 	  <art_content>		</art_content> 	  <art_type /> 	  </artifact>
  <artifact>	  <art_id>	iT49	</art_id> 	  <art_title>	System will store risk factors for Type 2 diabetes	</art_title> 	  <art_parent /> 	  <art_content>		</art_content> 	  <art_type /> 	  </artifact>
  <artifact>	  <art_id>	iT50	</art_id> 	  <art_title>	System will store risk factors for heart disease	</art_title> 	  <art_parent /> 	  <art_content>		</art_content> 	  <art_type /> 	  </artifact>
</artifacts>												
