<?xml version="1.0" encoding="iso-8859-1" ?> 												
<artifacts>												
  <project_id>1</project_id> 												
  <artifact_type>Patient OS Dataset Complete</artifact_type> 												
  <artifact>	  <art_id>	POS1	</art_id> 	  <art_title>	The system shall provide support for an unlimited number of customized forms.	</art_title> 	  <art_parent /> 	  <art_content>		</art_content> 	  <art_type /> 	  </artifact>
  <artifact>	  <art_id>	POS2	</art_id> 	  <art_title>	Orders shall be defined by the user.	</art_title> 	  <art_parent /> 	  <art_content>		</art_content> 	  <art_type /> 	  </artifact>
  <artifact>	  <art_id>	POS3	</art_id> 	  <art_title>	Resources shall be defined by the user.	</art_title> 	  <art_parent /> 	  <art_content>		</art_content> 	  <art_type /> 	  </artifact>
  <artifact>	  <art_id>	POS4	</art_id> 	  <art_title>	Appointment types shall be defined by the user.	</art_title> 	  <art_parent /> 	  <art_content>		</art_content> 	  <art_type /> 	  </artifact>
  <artifact>	  <art_id>	POS5	</art_id> 	  <art_title>	Menu bars and toolbars in tables, forms, and controls shall be customizable according to individual users, roles, and groups.	</art_title> 	  <art_parent /> 	  <art_content>		</art_content> 	  <art_type /> 	  </artifact>
  <artifact>	  <art_id>	POS6	</art_id> 	  <art_title>	User interface shall be customizable using Javascript	</art_title> 	  <art_parent /> 	  <art_content>		</art_content> 	  <art_type /> 	  </artifact>
  <artifact>	  <art_id>	POS7	</art_id> 	  <art_title>	Quick registration forms shall be created and edited in a form editor.	</art_title> 	  <art_parent /> 	  <art_content>		</art_content> 	  <art_type /> 	  </artifact>
  <artifact>	  <art_id>	POS8	</art_id> 	  <art_title>	Outpatient registration forms shall be created and edited in a form editor.	</art_title> 	  <art_parent /> 	  <art_content>		</art_content> 	  <art_type /> 	  </artifact>
  <artifact>	  <art_id>	POS9	</art_id> 	  <art_title>	Inpatient registration forms shall be created and edited in a form editor.	</art_title> 	  <art_parent /> 	  <art_content>		</art_content> 	  <art_type /> 	  </artifact>
  <artifact>	  <art_id>	POS10	</art_id> 	  <art_title>	The form editor will provide support for defining required fields.	</art_title> 	  <art_parent /> 	  <art_content>		</art_content> 	  <art_type /> 	  </artifact>
  <artifact>	  <art_id>	POS11	</art_id> 	  <art_title>	The form editor will support customization of data entry rules.	</art_title> 	  <art_parent /> 	  <art_content>		</art_content> 	  <art_type /> 	  </artifact>
  <artifact>	  <art_id>	POS12	</art_id> 	  <art_title>	The form editor will allow the user to define recommended fields to highlight.	</art_title> 	  <art_parent /> 	  <art_content>		</art_content> 	  <art_type /> 	  </artifact>
  <artifact>	  <art_id>	POS13	</art_id> 	  <art_title>	Forms will provide support to auto populate fields.	</art_title> 	  <art_parent /> 	  <art_content>		</art_content> 	  <art_type /> 	  </artifact>
  <artifact>	  <art_id>	POS14	</art_id> 	  <art_title>	Forms will provide support for checking input format.	</art_title> 	  <art_parent /> 	  <art_content>		</art_content> 	  <art_type /> 	  </artifact>
  <artifact>	  <art_id>	POS15	</art_id> 	  <art_title>	The registration process will generate HL7 Interface transactions for ADT outbound.	</art_title> 	  <art_parent /> 	  <art_content>		</art_content> 	  <art_type /> 	  </artifact>
  <artifact>	  <art_id>	POS16	</art_id> 	  <art_title>	Scheduling shall support day, week, and month views for provider.	</art_title> 	  <art_parent /> 	  <art_content>		</art_content> 	  <art_type /> 	  </artifact>
  <artifact>	  <art_id>	POS17	</art_id> 	  <art_title>	Scheduling shall support day, week, and month views for multiple providers.	</art_title> 	  <art_parent /> 	  <art_content>		</art_content> 	  <art_type /> 	  </artifact>
  <artifact>	  <art_id>	POS18	</art_id> 	  <art_title>	The appointment Type editor shall provide support for appointment types of any duration including multi-block staggered duration.	</art_title> 	  <art_parent /> 	  <art_content>		</art_content> 	  <art_type /> 	  </artifact>
  <artifact>	  <art_id>	POS19	</art_id> 	  <art_title>	Appointment types must be colorable with a user-defined color scheme.	</art_title> 	  <art_parent /> 	  <art_content>		</art_content> 	  <art_type /> 	  </artifact>
  <artifact>	  <art_id>	POS20	</art_id> 	  <art_title>	Resources with custom schedules can be created using the Resource Editor.	</art_title> 	  <art_parent /> 	  <art_content>		</art_content> 	  <art_type /> 	  </artifact>
  <artifact>	  <art_id>	POS21	</art_id> 	  <art_title>	Schedules with recurring blocked times, double or any amount of overbooking inserting slots shall be customizable at specific times.	</art_title> 	  <art_parent /> 	  <art_content>		</art_content> 	  <art_type /> 	  </artifact>
  <artifact>	  <art_id>	POS22	</art_id> 	  <art_title>	The calendar must allow users to block off schedules.	</art_title> 	  <art_parent /> 	  <art_content>		</art_content> 	  <art_type /> 	  </artifact>
  <artifact>	  <art_id>	POS23	</art_id> 	  <art_title>	User shall be able to personalize the resources viewed.	</art_title> 	  <art_parent /> 	  <art_content>		</art_content> 	  <art_type /> 	  </artifact>
  <artifact>	  <art_id>	POS24	</art_id> 	  <art_title>	Test results shall be viewable in a compact grid format.	</art_title> 	  <art_parent /> 	  <art_content>		</art_content> 	  <art_type /> 	  </artifact>
  <artifact>	  <art_id>	POS25	</art_id> 	  <art_title>	View results received from an HL7 interface with a lab system (ORU^R01).	</art_title> 	  <art_parent /> 	  <art_content>		</art_content> 	  <art_type /> 	  </artifact>
  <artifact>	  <art_id>	POS26	</art_id> 	  <art_title>	The system must support an unlimited number of custom forms using the clinical forms editor.	</art_title> 	  <art_parent /> 	  <art_content>		</art_content> 	  <art_type /> 	  </artifact>
  <artifact>	  <art_id>	POS27	</art_id> 	  <art_title>	Users shall be able to define their own fields and data elements to capture in clinical forms.	</art_title> 	  <art_parent /> 	  <art_content>		</art_content> 	  <art_type /> 	  </artifact>
  <artifact>	  <art_id>	POS28	</art_id> 	  <art_title>	Users shall be able to define their own fields and data elements to capture in administrative forms.	</art_title> 	  <art_parent /> 	  <art_content>		</art_content> 	  <art_type /> 	  </artifact>
  <artifact>	  <art_id>	POS29	</art_id> 	  <art_title>	Complex paper forms shall be scanned as images.	</art_title> 	  <art_parent /> 	  <art_content>		</art_content> 	  <art_type /> 	  </artifact>
  <artifact>	  <art_id>	POS30	</art_id> 	  <art_title>	Discrete data elements shall be bound to clinical and administrative forms.	</art_title> 	  <art_parent /> 	  <art_content>		</art_content> 	  <art_type /> 	  </artifact>
  <artifact>	  <art_id>	POS31	</art_id> 	  <art_title>	Ink directory on the form.	</art_title> 	  <art_parent /> 	  <art_content>		</art_content> 	  <art_type /> 	  </artifact>
  <artifact>	  <art_id>	POS32	</art_id> 	  <art_title>	Print inked form or view flowsheet.	</art_title> 	  <art_parent /> 	  <art_content>		</art_content> 	  <art_type /> 	  </artifact>
  <artifact>	  <art_id>	POS33	</art_id> 	  <art_title>	Medications will be integrated with Medispan supplemented with PatientOS screening.	</art_title> 	  <art_parent /> 	  <art_content>		</art_content> 	  <art_type /> 	  </artifact>
  <artifact>	  <art_id>	POS34	</art_id> 	  <art_title>	The system shall automatically perform drug-drug interaction checking.	</art_title> 	  <art_parent /> 	  <art_content>		</art_content> 	  <art_type /> 	  </artifact>
  <artifact>	  <art_id>	POS35	</art_id> 	  <art_title>	The system shall automatically perform allergy checking.	</art_title> 	  <art_parent /> 	  <art_content>		</art_content> 	  <art_type /> 	  </artifact>
  <artifact>	  <art_id>	POS36	</art_id> 	  <art_title>	The system shall automatically perform dose checking.	</art_title> 	  <art_parent /> 	  <art_content>		</art_content> 	  <art_type /> 	  </artifact>
  <artifact>	  <art_id>	POS37	</art_id> 	  <art_title>	The system shall automatically check for adverse drug effects against medical conditions.	</art_title> 	  <art_parent /> 	  <art_content>		</art_content> 	  <art_type /> 	  </artifact>
  <artifact>	  <art_id>	POS38	</art_id> 	  <art_title>	The system shall include a prescription wizard which provides dispense and dose instructions.	</art_title> 	  <art_parent /> 	  <art_content>		</art_content> 	  <art_type /> 	  </artifact>
  <artifact>	  <art_id>	POS40	</art_id> 	  <art_title>	Unlimited number of lab tests can be created using the Lab Test Editor.	</art_title> 	  <art_parent /> 	  <art_content>		</art_content> 	  <art_type /> 	  </artifact>
  <artifact>	  <art_id>	POS41	</art_id> 	  <art_title>	Generate HL7 Interface transactions for orders outbound (ORU^O01).	</art_title> 	  <art_parent /> 	  <art_content>		</art_content> 	  <art_type /> 	  </artifact>
  <artifact>	  <art_id>	POS42	</art_id> 	  <art_title>	General care orders shall be created using the General Care Order Editor.	</art_title> 	  <art_parent /> 	  <art_content>		</art_content> 	  <art_type /> 	  </artifact>
  <artifact>	  <art_id>	POS43	</art_id> 	  <art_title>	Lab orders with standard or custom tests shall be created using the Lab Order Editor.	</art_title> 	  <art_parent /> 	  <art_content>		</art_content> 	  <art_type /> 	  </artifact>
  <artifact>	  <art_id>	POS44	</art_id> 	  <art_title>	Custom order entry fields shall be created using the Form and Order Format Editor.	</art_title> 	  <art_parent /> 	  <art_content>		</art_content> 	  <art_type /> 	  </artifact>
  <artifact>	  <art_id>	POS45	</art_id> 	  <art_title>	The system shall manage charges.	</art_title> 	  <art_parent /> 	  <art_content>		</art_content> 	  <art_type /> 	  </artifact>
  <artifact>	  <art_id>	POS46	</art_id> 	  <art_title>	The system shall allow manual charge entries to  be made into the patient chart.	</art_title> 	  <art_parent /> 	  <art_content>		</art_content> 	  <art_type /> 	  </artifact>
  <artifact>	  <art_id>	POS47	</art_id> 	  <art_title>	Each patient shall be assigned  a patient portal login.	</art_title> 	  <art_parent /> 	  <art_content>		</art_content> 	  <art_type /> 	  </artifact>
  <artifact>	  <art_id>	POS48	</art_id> 	  <art_title>	A sample patient form shall be provided that writes directly to the chart.	</art_title> 	  <art_parent /> 	  <art_content>		</art_content> 	  <art_type /> 	  </artifact>
  <artifact>	  <art_id>	POS49	</art_id> 	  <art_title>	The system shall support mass emails to patients.	</art_title> 	  <art_parent /> 	  <art_content>		</art_content> 	  <art_type /> 	  </artifact>
  <artifact>	  <art_id>	POS50	</art_id> 	  <art_title>	Users shall be able to create standalone reports.	</art_title> 	  <art_parent /> 	  <art_content>		</art_content> 	  <art_type /> 	  </artifact>
  <artifact>	  <art_id>	POS51	</art_id> 	  <art_title>	Standard reports shall be generated for user viewing.	</art_title> 	  <art_parent /> 	  <art_content>		</art_content> 	  <art_type /> 	  </artifact>
  <artifact>	  <art_id>	POS52	</art_id> 	  <art_title>	Generate XML based reports to leverage domain models.	</art_title> 	  <art_parent /> 	  <art_content>		</art_content> 	  <art_type /> 	  </artifact>
  <artifact>	  <art_id>	POS53	</art_id> 	  <art_title>	Manage users and multiple roles per user using the User Editor.	</art_title> 	  <art_parent /> 	  <art_content>		</art_content> 	  <art_type /> 	  </artifact>
  <artifact>	  <art_id>	POS54	</art_id> 	  <art_title>	Create custom batch jobs for repeated execution.	</art_title> 	  <art_parent /> 	  <art_content>		</art_content> 	  <art_type /> 	  </artifact>
  <artifact>	  <art_id>	POS55	</art_id> 	  <art_title>	Create custom schedules for batch jobs.	</art_title> 	  <art_parent /> 	  <art_content>		</art_content> 	  <art_type /> 	  </artifact>
  <artifact>	  <art_id>	POS56	</art_id> 	  <art_title>	Import/Export users to XML for system or environment migration.	</art_title> 	  <art_parent /> 	  <art_content>		</art_content> 	  <art_type /> 	  </artifact>
  <artifact>	  <art_id>	POS57	</art_id> 	  <art_title>	The admission, progress, discharge and other clinical notes shall support categorization of clinical terms and templates. 	</art_title> 	  <art_parent /> 	  <art_content>		</art_content> 	  <art_type /> 	  </artifact>
  <artifact>	  <art_id>	POS58	</art_id> 	  <art_title>	The admission, progress, discharge and other clinical notes shall support symptoms, findings, problems, procedures, and diagnoses.	</art_title> 	  <art_parent /> 	  <art_content>		</art_content> 	  <art_type /> 	  </artifact>
  <artifact>	  <art_id>	POS59	</art_id> 	  <art_title>	Notes and forms shall have integrated medication or prescription orders. 	</art_title> 	  <art_parent /> 	  <art_content>		</art_content> 	  <art_type /> 	  </artifact>
  <artifact>	  <art_id>	POS60	</art_id> 	  <art_title>	Templates can be merged, automatically applying for diagnoses, symptoms or reason for visit.	</art_title> 	  <art_parent /> 	  <art_content>		</art_content> 	  <art_type /> 	  </artifact>
  <artifact>	  <art_id>	POS61	</art_id> 	  <art_title>	Create charge items with associated charges or billing codes	</art_title> 	  <art_parent /> 	  <art_content>		</art_content> 	  <art_type /> 	  </artifact>
  <artifact>	  <art_id>	POS62	</art_id> 	  <art_title>	Integrate charges into forms	</art_title> 	  <art_parent /> 	  <art_content>		</art_content> 	  <art_type /> 	  </artifact>
  <artifact>	  <art_id>	POS63	</art_id> 	  <art_title>	Generate charges as part of the clinical documentation	</art_title> 	  <art_parent /> 	  <art_content>		</art_content> 	  <art_type /> 	  </artifact>
  <artifact>	  <art_id>	POS64	</art_id> 	  <art_title>	Integrate outbound charges using HL7 DFT transaction using Mirth	</art_title> 	  <art_parent /> 	  <art_content>		</art_content> 	  <art_type /> 	  </artifact>
  <artifact>	  <art_id>	POS65	</art_id> 	  <art_title>	Provide real-time control over outbound charges using a custom controller on the forms that contain charges	</art_title> 	  <art_parent /> 	  <art_content>		</art_content> 	  <art_type /> 	  </artifact>
  <artifact>	  <art_id>	POS66	</art_id> 	  <art_title>	Support batch job sending out all charges over an HTTP, XML, SOAP interface.	</art_title> 	  <art_parent /> 	  <art_content>		</art_content> 	  <art_type /> 	  </artifact>
  <artifact>	  <art_id>	POS67	</art_id> 	  <art_title>	Provide a full features claims and invoicing billing system for both ambulatory and physicians	</art_title> 	  <art_parent /> 	  <art_content>		</art_content> 	  <art_type /> 	  </artifact>
  <artifact>	  <art_id>	POS68	</art_id> 	  <art_title>	Support basic inventory management	</art_title> 	  <art_parent /> 	  <art_content>		</art_content> 	  <art_type /> 	  </artifact>
  <artifact>	  <art_id>	POS69	</art_id> 	  <art_title>	Provide toolbar access to labs	</art_title> 	  <art_parent /> 	  <art_content>		</art_content> 	  <art_type /> 	  </artifact>
  <artifact>	  <art_id>	POS70	</art_id> 	  <art_title>	Provide toolbar access to nursing forms	</art_title> 	  <art_parent /> 	  <art_content>		</art_content> 	  <art_type /> 	  </artifact>
  <artifact>	  <art_id>	POS71	</art_id> 	  <art_title>	Provide toolbar access to graphs	</art_title> 	  <art_parent /> 	  <art_content>		</art_content> 	  <art_type /> 	  </artifact>
  <artifact>	  <art_id>	POS72	</art_id> 	  <art_title>	Ship claims items that easily map to the ADT interface to the HCFA 1500 Claims form	</art_title> 	  <art_parent /> 	  <art_content>		</art_content> 	  <art_type /> 	  </artifact>
  <artifact>	  <art_id>	POS73	</art_id> 	  <art_title>	Generate mapping code for the Mirth HL7 integration engine directly from the registration form editor.	</art_title> 	  <art_parent /> 	  <art_content>		</art_content> 	  <art_type /> 	  </artifact>
  <artifact>	  <art_id>	POS74	</art_id> 	  <art_title>	Provide a clinical messages module to allow communication between physicians related to patient care and medication.	</art_title> 	  <art_parent /> 	  <art_content>		</art_content> 	  <art_type /> 	  </artifact>
  <artifact>	  <art_id>	POS75	</art_id> 	  <art_title>	A physician shall place a medication order.	</art_title> 	  <art_parent /> 	  <art_content>		</art_content> 	  <art_type /> 	  </artifact>
  <artifact>	  <art_id>	POS76	</art_id> 	  <art_title>	The pharmacy shall approve the medication order.	</art_title> 	  <art_parent /> 	  <art_content>		</art_content> 	  <art_type /> 	  </artifact>
  <artifact>	  <art_id>	POS77	</art_id> 	  <art_title>	The pharmacy shall track the dispensing of medication.	</art_title> 	  <art_parent /> 	  <art_content>		</art_content> 	  <art_type /> 	  </artifact>
  <artifact>	  <art_id>	POS78	</art_id> 	  <art_title>	Labels shall be printed for each medication dispensed to a patient.	</art_title> 	  <art_parent /> 	  <art_content>		</art_content> 	  <art_type /> 	  </artifact>
  <artifact>	  <art_id>	POS79	</art_id> 	  <art_title>	The system shall allow a nurse to review the medication orders.	</art_title> 	  <art_parent /> 	  <art_content>		</art_content> 	  <art_type /> 	  </artifact>
  <artifact>	  <art_id>	POS80	</art_id> 	  <art_title>	All medication shall be barcoded	</art_title> 	  <art_parent /> 	  <art_content>		</art_content> 	  <art_type /> 	  </artifact>
  <artifact>	  <art_id>	POS81	</art_id> 	  <art_title>	The pharmacy module shall support eMAR administration.	</art_title> 	  <art_parent /> 	  <art_content>		</art_content> 	  <art_type /> 	  </artifact>
  <artifact>	  <art_id>	POS82	</art_id> 	  <art_title>	The database enforces a unique username using Lightweight Directory Access Protocol (LDAP) for authentication.	</art_title> 	  <art_parent /> 	  <art_content>		</art_content> 	  <art_type /> 	  </artifact>
  <artifact>	  <art_id>	POS83	</art_id> 	  <art_title>	A customized workflow can be created to provide emergency access to electronic PHI during an emergency.	</art_title> 	  <art_parent /> 	  <art_content>		</art_content> 	  <art_type /> 	  </artifact>
  <artifact>	  <art_id>	POS84	</art_id> 	  <art_title>	Automatic timeout can be specified by role.	</art_title> 	  <art_parent /> 	  <art_content>		</art_content> 	  <art_type /> 	  </artifact>
  <artifact>	  <art_id>	POS85	</art_id> 	  <art_title>	Automatic timeout can be specified by location.	</art_title> 	  <art_parent /> 	  <art_content>		</art_content> 	  <art_type /> 	  </artifact>
  <artifact>	  <art_id>	POS86	</art_id> 	  <art_title>	When the system timeouts, the user is returned to the login page to sign in again.	</art_title> 	  <art_parent /> 	  <art_content>		</art_content> 	  <art_type /> 	  </artifact>
  <artifact>	  <art_id>	POS87	</art_id> 	  <art_title>	The database can be encrypted	</art_title> 	  <art_parent /> 	  <art_content>		</art_content> 	  <art_type /> 	  </artifact>
  <artifact>	  <art_id>	POS88	</art_id> 	  <art_title>	SSL shall be used to encrypt the communication between the client and the server.	</art_title> 	  <art_parent /> 	  <art_content>		</art_content> 	  <art_type /> 	  </artifact>
  <artifact>	  <art_id>	POS89	</art_id> 	  <art_title>	Individual fields can be encrypted.	</art_title> 	  <art_parent /> 	  <art_content>		</art_content> 	  <art_type /> 	  </artifact>
  <artifact>	  <art_id>	POS90	</art_id> 	  <art_title>	Access to each chart is logged, there are varying levels of auditing that can be turned on - such as auditing opening a form	</art_title> 	  <art_parent /> 	  <art_content>		</art_content> 	  <art_type /> 	  </artifact>
  <artifact>	  <art_id>	POS91	</art_id> 	  <art_title>	Custom auditing can be plugged in for various events.	</art_title> 	  <art_parent /> 	  <art_content>		</art_content> 	  <art_type /> 	  </artifact>
  <artifact>	  <art_id>	POS92	</art_id> 	  <art_title>	Role based security defines what each user can and cannot do - defined by the organization during implementation/configuration of the product	</art_title> 	  <art_parent /> 	  <art_content>	 	</art_content> 	  <art_type /> 	  </artifact>
</artifacts>												
