<?xml version="1.0" encoding="iso-8859-1" ?> 												
<artifacts>												
  <project_id>1</project_id> 												
  <artifact_type>Practice One Dataset Complete</artifact_type> 												
  <artifact>	  <art_id>	P1	</art_id> 	  <art_title>	The system shall allow authorized personnel to access records via secure connectivity from anywhere, at any time.	</art_title> 	  <art_parent /> 	  <art_content>	 	</art_content> 	  <art_type /> 	  </artifact>
  <artifact>	  <art_id>	P2	</art_id> 	  <art_title>	The system provides patients with a unique login and password.	</art_title> 	  <art_parent /> 	  <art_content>		</art_content> 	  <art_type /> 	  </artifact>
  <artifact>	  <art_id>	P3	</art_id> 	  <art_title>	The system shall provide patients the ability to securely view physician approved medical data and lab results.	</art_title> 	  <art_parent /> 	  <art_content>		</art_content> 	  <art_type /> 	  </artifact>
  <artifact>	  <art_id>	P4	</art_id> 	  <art_title>	The system shall have a secure message capability whereby patients can send messages to the practice and vice versa.	</art_title> 	  <art_parent /> 	  <art_content>		</art_content> 	  <art_type /> 	  </artifact>
  <artifact>	  <art_id>	P5	</art_id> 	  <art_title>	The system shall allow patients to view their demographic data and insurance information, and make changes to demographic information.	</art_title> 	  <art_parent /> 	  <art_content>		</art_content> 	  <art_type /> 	  </artifact>
  <artifact>	  <art_id>	P6	</art_id> 	  <art_title>	The system shall allow patients to schedule their own appointments. 	</art_title> 	  <art_parent /> 	  <art_content>		</art_content> 	  <art_type /> 	  </artifact>
  <artifact>	  <art_id>	P7	</art_id> 	  <art_title>	The system shall comply with HL7 to interface and import/export data from other HL7 compliant systems.	</art_title> 	  <art_parent /> 	  <art_content>		</art_content> 	  <art_type /> 	  </artifact>
  <artifact>	  <art_id>	P8	</art_id> 	  <art_title>	The system shall allow providers to create pre-defined templates.	</art_title> 	  <art_parent /> 	  <art_content>		</art_content> 	  <art_type /> 	  </artifact>
  <artifact>	  <art_id>	P9	</art_id> 	  <art_title>	The system shall support prescription printing and faxing. 	</art_title> 	  <art_parent /> 	  <art_content>		</art_content> 	  <art_type /> 	  </artifact>
  <artifact>	  <art_id>	P10	</art_id> 	  <art_title>	The system shall route reports with attached notes for others to review. 	</art_title> 	  <art_parent /> 	  <art_content>		</art_content> 	  <art_type /> 	  </artifact>
  <artifact>	  <art_id>	P11	</art_id> 	  <art_title>	The system shall allow physicians to review diagnosis from previous encounters. 	</art_title> 	  <art_parent /> 	  <art_content>		</art_content> 	  <art_type /> 	  </artifact>
  <artifact>	  <art_id>	P12	</art_id> 	  <art_title>	The system shall allow data to be displayed as flow sheets and growth charts for analysis. 	</art_title> 	  <art_parent /> 	  <art_content>		</art_content> 	  <art_type /> 	  </artifact>
  <artifact>	  <art_id>	P13	</art_id> 	  <art_title>	The system shall allow select outside providers to be copied on results. 	</art_title> 	  <art_parent /> 	  <art_content>		</art_content> 	  <art_type /> 	  </artifact>
  <artifact>	  <art_id>	P14	</art_id> 	  <art_title>	The system shall set no limit to the number of order forms that can be created. 	</art_title> 	  <art_parent /> 	  <art_content>		</art_content> 	  <art_type /> 	  </artifact>
  <artifact>	  <art_id>	P15	</art_id> 	  <art_title>	The system shall allow order forms to be created universally or specifc to individual providers. 	</art_title> 	  <art_parent /> 	  <art_content>		</art_content> 	  <art_type /> 	  </artifact>
  <artifact>	  <art_id>	P16	</art_id> 	  <art_title>	The system shall allow progress note templates to be customized by the practice. 	</art_title> 	  <art_parent /> 	  <art_content>		</art_content> 	  <art_type /> 	  </artifact>
  <artifact>	  <art_id>	P17	</art_id> 	  <art_title>	The system shall provide the physician with a snapshot view of daily schedules.	</art_title> 	  <art_parent /> 	  <art_content>		</art_content> 	  <art_type /> 	  </artifact>
  <artifact>	  <art_id>	P18	</art_id> 	  <art_title>	The system shall provide the physician with health maintenance items requiring immediate attention.	</art_title> 	  <art_parent /> 	  <art_content>		</art_content> 	  <art_type /> 	  </artifact>
  <artifact>	  <art_id>	P19	</art_id> 	  <art_title>	The system shall provide the physician with items requiring signature approvals.	</art_title> 	  <art_parent /> 	  <art_content>		</art_content> 	  <art_type /> 	  </artifact>
  <artifact>	  <art_id>	P20	</art_id> 	  <art_title>	The system shall generate alerts for appointment recall.	</art_title> 	  <art_parent /> 	  <art_content>		</art_content> 	  <art_type /> 	  </artifact>
  <artifact>	  <art_id>	P21	</art_id> 	  <art_title>	The system shall generate alerts for prescription refills.	</art_title> 	  <art_parent /> 	  <art_content>		</art_content> 	  <art_type /> 	  </artifact>
  <artifact>	  <art_id>	P22	</art_id> 	  <art_title>	The system shall generate alerts for laboratory orders. 	</art_title> 	  <art_parent /> 	  <art_content>		</art_content> 	  <art_type /> 	  </artifact>
  <artifact>	  <art_id>	P23	</art_id> 	  <art_title>	The system will alert the provider as to any due or over due tasks as well as any suggested protocols for the patient when a patient's record is accessed. 	</art_title> 	  <art_parent /> 	  <art_content>		</art_content> 	  <art_type /> 	  </artifact>
  <artifact>	  <art_id>	P24	</art_id> 	  <art_title>	The system shall prevent the creating of duplicate patient records.	</art_title> 	  <art_parent /> 	  <art_content>		</art_content> 	  <art_type /> 	  </artifact>
  <artifact>	  <art_id>	P25	</art_id> 	  <art_title>	The system audit trail shall automatically capture system data changes, edits, charged, credits by all users. 	</art_title> 	  <art_parent /> 	  <art_content>		</art_content> 	  <art_type /> 	  </artifact>
  <artifact>	  <art_id>	P26	</art_id> 	  <art_title>	The system shall allow the administrator to establish user-defined security levels per user login.	</art_title> 	  <art_parent /> 	  <art_content>		</art_content> 	  <art_type /> 	  </artifact>
  <artifact>	  <art_id>	P27	</art_id> 	  <art_title>	The system shall track no-shows and cancellations.	</art_title> 	  <art_parent /> 	  <art_content>		</art_content> 	  <art_type /> 	  </artifact>
  <artifact>	  <art_id>	P28	</art_id> 	  <art_title>	The system shall allow the user to define color coding for appointment types and reasons. 	</art_title> 	  <art_parent /> 	  <art_content>		</art_content> 	  <art_type /> 	  </artifact>
  <artifact>	  <art_id>	P29	</art_id> 	  <art_title>	The system shall support voice recognition so a provider can dictate notes to the patient's electronic record.	</art_title> 	  <art_parent /> 	  <art_content>		</art_content> 	  <art_type /> 	  </artifact>
  <artifact>	  <art_id>	P30	</art_id> 	  <art_title>	The system shall support hand recognition so a provider can notate directly to a patient's electronic record.	</art_title> 	  <art_parent /> 	  <art_content>		</art_content> 	  <art_type /> 	  </artifact>
  <artifact>	  <art_id>	P31	</art_id> 	  <art_title>	The system shall allow specified users to create prescriptions for physicians to approve.	</art_title> 	  <art_parent /> 	  <art_content>		</art_content> 	  <art_type /> 	  </artifact>
  <artifact>	  <art_id>	P32	</art_id> 	  <art_title>	The system shall transmit prescriptions to the patient's pharmacy.	</art_title> 	  <art_parent /> 	  <art_content>		</art_content> 	  <art_type /> 	  </artifact>
  <artifact>	  <art_id>	P33	</art_id> 	  <art_title>	The system shall allow physicians to generate prescriptions via their favorites list.	</art_title> 	  <art_parent /> 	  <art_content>		</art_content> 	  <art_type /> 	  </artifact>
  <artifact>	  <art_id>	P34	</art_id> 	  <art_title>	The system shall allow the patient to fill out questionnaires/paperwork in advance through the portal.	</art_title> 	  <art_parent /> 	  <art_content>		</art_content> 	  <art_type /> 	  </artifact>
</artifacts>												
