<?xml version="1.0" encoding="iso-8859-1" ?> 												
<artifacts>												
  <project_id>1</project_id> 												
  <artifact_type>Soren Lauesen Dataset Complete</artifact_type> 												
  <artifact>	  <art_id>	SL1	</art_id> 	  <art_title>	The system must provide for the possibility for third-party expansion of the system.	</art_title> 	  <art_parent /> 	  <art_content>		</art_content> 	  <art_type /> 	  </artifact>
  <artifact>	  <art_id>	SL2	</art_id> 	  <art_title>	The system must record the patient.	</art_title> 	  <art_parent /> 	  <art_content>		</art_content> 	  <art_type /> 	  </artifact>
  <artifact>	  <art_id>	SL3	</art_id> 	  <art_title>	The system must provide the ability to update data if the patient is in the system. 	</art_title> 	  <art_parent /> 	  <art_content>		</art_content> 	  <art_type /> 	  </artifact>
  <artifact>	  <art_id>	SL4	</art_id> 	  <art_title>	The system must record the admission, including the initial diagnosis.	</art_title> 	  <art_parent /> 	  <art_content>		</art_content> 	  <art_type /> 	  </artifact>
  <artifact>	  <art_id>	SL5	</art_id> 	  <art_title>	The system must have a patient waiting list. 	</art_title> 	  <art_parent /> 	  <art_content>		</art_content> 	  <art_type /> 	  </artifact>
  <artifact>	  <art_id>	SL6	</art_id> 	  <art_title>	The system must support the request for an interpreter for the arrival time.	</art_title> 	  <art_parent /> 	  <art_content>		</art_content> 	  <art_type /> 	  </artifact>
  <artifact>	  <art_id>	SL7	</art_id> 	  <art_title>	The system must allow a case to be transferred to someone else. 	</art_title> 	  <art_parent /> 	  <art_content>		</art_content> 	  <art_type /> 	  </artifact>
  <artifact>	  <art_id>	SL8	</art_id> 	  <art_title>	The system must allow acess to the state of the patient.	</art_title> 	  <art_parent /> 	  <art_content>		</art_content> 	  <art_type /> 	  </artifact>
  <artifact>	  <art_id>	SL9	</art_id> 	  <art_title>	The system must provide an overview of planned services and results.	</art_title> 	  <art_parent /> 	  <art_content>		</art_content> 	  <art_type /> 	  </artifact>
  <artifact>	  <art_id>	SL10	</art_id> 	  <art_title>	The system must provide access to the entire medication pattern of the patient.	</art_title> 	  <art_parent /> 	  <art_content>		</art_content> 	  <art_type /> 	  </artifact>
  <artifact>	  <art_id>	SL11	</art_id> 	  <art_title>	The system must calculate the medication dose.	</art_title> 	  <art_parent /> 	  <art_content>		</art_content> 	  <art_type /> 	  </artifact>
  <artifact>	  <art_id>	SL12	</art_id> 	  <art_title>	The system must allow the entry of a diagnosis code.	</art_title> 	  <art_parent /> 	  <art_content>		</art_content> 	  <art_type /> 	  </artifact>
  <artifact>	  <art_id>	SL13	</art_id> 	  <art_title>	The system must allow all changes to the diagnosis to be recorded.	</art_title> 	  <art_parent /> 	  <art_content>		</art_content> 	  <art_type /> 	  </artifact>
  <artifact>	  <art_id>	SL14	</art_id> 	  <art_title>	The system must allow earlier versions of diagnosis to be kept.	</art_title> 	  <art_parent /> 	  <art_content>		</art_content> 	  <art_type /> 	  </artifact>
  <artifact>	  <art_id>	SL15	</art_id> 	  <art_title>	The diagnosis code must be either NHC code, ICPC code or a temporary code.	</art_title> 	  <art_parent /> 	  <art_content>		</art_content> 	  <art_type /> 	  </artifact>
  <artifact>	  <art_id>	SL16	</art_id> 	  <art_title>	The system must record the state of the diagnosis to be either considered, valid, or outdated.	</art_title> 	  <art_parent /> 	  <art_content>		</art_content> 	  <art_type /> 	  </artifact>
  <artifact>	  <art_id>	SL17	</art_id> 	  <art_title>	The system must limit the text in the diagnosis description field to be no more than one or two lines.	</art_title> 	  <art_parent /> 	  <art_content>		</art_content> 	  <art_type /> 	  </artifact>
  <artifact>	  <art_id>	SL18	</art_id> 	  <art_title>	The system must allow checks to be printed on preprinted forms.	</art_title> 	  <art_parent /> 	  <art_content>		</art_content> 	  <art_type /> 	  </artifact>
  <artifact>	  <art_id>	SL19	</art_id> 	  <art_title>	The system must be able to show an overview and forecast of the bed occupation.	</art_title> 	  <art_parent /> 	  <art_content>		</art_content> 	  <art_type /> 	  </artifact>
  <artifact>	  <art_id>	SL20	</art_id> 	  <art_title>	The system must contain a report generator that is easy to use.	</art_title> 	  <art_parent /> 	  <art_content>		</art_content> 	  <art_type /> 	  </artifact>
  <artifact>	  <art_id>	SL21	</art_id> 	  <art_title>	The system must be able to show all reports on the screen as well as on print.	</art_title> 	  <art_parent /> 	  <art_content>		</art_content> 	  <art_type /> 	  </artifact>
  <artifact>	  <art_id>	SL22	</art_id> 	  <art_title>	The system must give customer rights to use the tools and extract the data stored in the system.	</art_title> 	  <art_parent /> 	  <art_content>		</art_content> 	  <art_type /> 	  </artifact>
  <artifact>	  <art_id>	SL23	</art_id> 	  <art_title>	The system must use NHC data that is reasonably recent.	</art_title> 	  <art_parent /> 	  <art_content>		</art_content> 	  <art_type /> 	  </artifact>
  <artifact>	  <art_id>	SL24	</art_id> 	  <art_title>	The system can allow IT support to roll NHC data back to the previous version.	</art_title> 	  <art_parent /> 	  <art_content>		</art_content> 	  <art_type /> 	  </artifact>
  <artifact>	  <art_id>	SL25	</art_id> 	  <art_title>	The system can allow data for a single patient to be transferred on the user's request.	</art_title> 	  <art_parent /> 	  <art_content>		</art_content> 	  <art_type /> 	  </artifact>
  <artifact>	  <art_id>	SL26	</art_id> 	  <art_title>	The system can periodically transfer data from the new system.	</art_title> 	  <art_parent /> 	  <art_content>		</art_content> 	  <art_type /> 	  </artifact>
  <artifact>	  <art_id>	SL27	</art_id> 	  <art_title>	The system must identify the user.	</art_title> 	  <art_parent /> 	  <art_content>		</art_content> 	  <art_type /> 	  </artifact>
  <artifact>	  <art_id>	SL28	</art_id> 	  <art_title>	The system must time out if the user has been away from the system for some time.	</art_title> 	  <art_parent /> 	  <art_content>		</art_content> 	  <art_type /> 	  </artifact>
  <artifact>	  <art_id>	SL29	</art_id> 	  <art_title>	The system must require a password only if the system has been logged out automatically.	</art_title> 	  <art_parent /> 	  <art_content>		</art_content> 	  <art_type /> 	  </artifact>
  <artifact>	  <art_id>	SL30	</art_id> 	  <art_title>	The system must check that only authorized users have access to systems and data. 	</art_title> 	  <art_parent /> 	  <art_content>		</art_content> 	  <art_type /> 	  </artifact>
  <artifact>	  <art_id>	SL31	</art_id> 	  <art_title>	The systems must require each user to have only one user name  and one password. 	</art_title> 	  <art_parent /> 	  <art_content>		</art_content> 	  <art_type /> 	  </artifact>
  <artifact>	  <art_id>	SL32	</art_id> 	  <art_title>	The system must provide security management the ability to assign or remove access rights for a user.	</art_title> 	  <art_parent /> 	  <art_content>		</art_content> 	  <art_type /> 	  </artifact>
  <artifact>	  <art_id>	SL33	</art_id> 	  <art_title>	The system must provide security management the ability to create a user.	</art_title> 	  <art_parent /> 	  <art_content>		</art_content> 	  <art_type /> 	  </artifact>
  <artifact>	  <art_id>	SL34	</art_id> 	  <art_title>	The system must assign each user to one or more roles.	</art_title> 	  <art_parent /> 	  <art_content>		</art_content> 	  <art_type /> 	  </artifact>
  <artifact>	  <art_id>	SL35	</art_id> 	  <art_title>	The system must enable each role to have one or more rights. 	</art_title> 	  <art_parent /> 	  <art_content>		</art_content> 	  <art_type /> 	  </artifact>
  <artifact>	  <art_id>	SL36	</art_id> 	  <art_title>	The system must allow the creation of new role types with new combinations of rights. 	</art_title> 	  <art_parent /> 	  <art_content>		</art_content> 	  <art_type /> 	  </artifact>
  <artifact>	  <art_id>	SL37	</art_id> 	  <art_title>	The system must provide an overview of who has which rights and whether some rights have not been assigned to anyone.	</art_title> 	  <art_parent /> 	  <art_content>		</art_content> 	  <art_type /> 	  </artifact>
  <artifact>	  <art_id>	SL38	</art_id> 	  <art_title>	The system must protect against the loss or replication of data transferred between two systems. 	</art_title> 	  <art_parent /> 	  <art_content>		</art_content> 	  <art_type /> 	  </artifact>
  <artifact>	  <art_id>	SL39	</art_id> 	  <art_title>	The system must protect against concurrency problems. 	</art_title> 	  <art_parent /> 	  <art_content>		</art_content> 	  <art_type /> 	  </artifact>
  <artifact>	  <art_id>	SL40	</art_id> 	  <art_title>	The system must protect against a disk crash.	</art_title> 	  <art_parent /> 	  <art_content>		</art_content> 	  <art_type /> 	  </artifact>
  <artifact>	  <art_id>	SL41	</art_id> 	  <art_title>	The system must protect against a fire. 	</art_title> 	  <art_parent /> 	  <art_content>		</art_content> 	  <art_type /> 	  </artifact>
  <artifact>	  <art_id>	SL42	</art_id> 	  <art_title>	The system must protect unintended user actions from causing the system to close down, neither on the client nor on the server.	</art_title> 	  <art_parent /> 	  <art_content>		</art_content> 	  <art_type /> 	  </artifact>
  <artifact>	  <art_id>	SL43	</art_id> 	  <art_title>	The system must check all data for format, consistency and validity.	</art_title> 	  <art_parent /> 	  <art_content>		</art_content> 	  <art_type /> 	  </artifact>
  <artifact>	  <art_id>	SL44	</art_id> 	  <art_title>	The system must warn the user if format, consistency or validity are in doubt.	</art_title> 	  <art_parent /> 	  <art_content>		</art_content> 	  <art_type /> 	  </artifact>
  <artifact>	  <art_id>	SL45	</art_id> 	  <art_title>	The system must allow the user to correct mistakes easily.	</art_title> 	  <art_parent /> 	  <art_content>		</art_content> 	  <art_type /> 	  </artifact>
  <artifact>	  <art_id>	SL46	</art_id> 	  <art_title>	The system must provide the user with the ability to interrupt long functions. 	</art_title> 	  <art_parent /> 	  <art_content>		</art_content> 	  <art_type /> 	  </artifact>
  <artifact>	  <art_id>	SL47	</art_id> 	  <art_title>	The system must protect against unauthorized persons obtaining manager rights through the internet.	</art_title> 	  <art_parent /> 	  <art_content>		</art_content> 	  <art_type /> 	  </artifact>
  <artifact>	  <art_id>	SL48	</art_id> 	  <art_title>	The system must protect against wire-tapping of passwords.	</art_title> 	  <art_parent /> 	  <art_content>		</art_content> 	  <art_type /> 	  </artifact>
  <artifact>	  <art_id>	SL49	</art_id> 	  <art_title>	The system must protect against unauthorized persons from getting access to personal data. 	</art_title> 	  <art_parent /> 	  <art_content>		</art_content> 	  <art_type /> 	  </artifact>
  <artifact>	  <art_id>	SL50	</art_id> 	  <art_title>	The system must require error messages to be understandable and helpful. 	</art_title> 	  <art_parent /> 	  <art_content>		</art_content> 	  <art_type /> 	  </artifact>
  <artifact>	  <art_id>	SL51	</art_id> 	  <art_title>	The system must be designed to operate the system with keyboard only.	</art_title> 	  <art_parent /> 	  <art_content>		</art_content> 	  <art_type /> 	  </artifact>
  <artifact>	  <art_id>	SL52	</art_id> 	  <art_title>	The system must be designed so users can learn the system on their own.	</art_title> 	  <art_parent /> 	  <art_content>		</art_content> 	  <art_type /> 	  </artifact>
  <artifact>	  <art_id>	SL53	</art_id> 	  <art_title>	The system must require the user interface to follow MS-Windows guidelines.	</art_title> 	  <art_parent /> 	  <art_content>		</art_content> 	  <art_type /> 	  </artifact>
  <artifact>	  <art_id>	SL54	</art_id> 	  <art_title>	The system must require web pages to be suited for screen readers.	</art_title> 	  <art_parent /> 	  <art_content>		</art_content> 	  <art_type /> 	  </artifact>
  <artifact>	  <art_id>	SL55	</art_id> 	  <art_title>	The system must require the user interface to follow MS-Windows guidelines.	</art_title> 	  <art_parent /> 	  <art_content>		</art_content> 	  <art_type /> 	  </artifact>
  <artifact>	  <art_id>	SL56	</art_id> 	  <art_title>	The system must require the user interface to be in Danish.	</art_title> 	  <art_parent /> 	  <art_content>		</art_content> 	  <art_type /> 	  </artifact>
  <artifact>	  <art_id>	SL57	</art_id> 	  <art_title>	The system must require the pages with opening hours, phone numbers, and addresses to be available in Danish, English, Turkish and Urdu.	</art_title> 	  <art_parent /> 	  <art_content>		</art_content> 	  <art_type /> 	  </artifact>
  <artifact>	  <art_id>	SL58	</art_id> 	  <art_title>	The system must require the pages to follow the HTML guidelines for Accessibility.	</art_title> 	  <art_parent /> 	  <art_content>		</art_content> 	  <art_type /> 	  </artifact>
  <artifact>	  <art_id>	SL59	</art_id> 	  <art_title>	The system must measure reponse times regularly. 	</art_title> 	  <art_parent /> 	  <art_content>		</art_content> 	  <art_type /> 	  </artifact>
  <artifact>	  <art_id>	SL60	</art_id> 	  <art_title>	The system must not slow down the user's typing speed when moving from one field to the next.	</art_title> 	  <art_parent /> 	  <art_content>		</art_content> 	  <art_type /> 	  </artifact>
  <artifact>	  <art_id>	SL61	</art_id> 	  <art_title>	The system must ensure data is visible and typing is possible when moving from one screen to the next.	</art_title> 	  <art_parent /> 	  <art_content>		</art_content> 	  <art_type /> 	  </artifact>
  <artifact>	  <art_id>	SL62	</art_id> 	  <art_title>	The system must allow selections from a drop-down list to be available within the mental switching time.	</art_title> 	  <art_parent /> 	  <art_content>		</art_content> 	  <art_type /> 	  </artifact>
  <artifact>	  <art_id>	SL63	</art_id> 	  <art_title>	The system must require reports used frequently to be visible within the mental switching time.	</art_title> 	  <art_parent /> 	  <art_content>		</art_content> 	  <art_type /> 	  </artifact>
  <artifact>	  <art_id>	SL64	</art_id> 	  <art_title>	The system must require reports occassionally used to be visible within a certain amount of time.	</art_title> 	  <art_parent /> 	  <art_content>		</art_content> 	  <art_type /> 	  </artifact>
  <artifact>	  <art_id>	SL65	</art_id> 	  <art_title>	The system must transfer data from external systems within a certain amount of time.	</art_title> 	  <art_parent /> 	  <art_content>		</art_content> 	  <art_type /> 	  </artifact>
  <artifact>	  <art_id>	SL66	</art_id> 	  <art_title>	The system must log a user into the system within a certain amount of time.	</art_title> 	  <art_parent /> 	  <art_content>	 	</art_content> 	  <art_type /> 	  </artifact>
</artifacts>												
