<?xml version="1.0" encoding="utf-8"?>
<answer_set>
      <answer_info>
    <source_artifacts_collection>Requirements</source_artifacts_collection>
    <target_artifacts_collection>CC</target_artifacts_collection>
      </answer_info>
        <links>
          <link>
             <source_artifact_id>115</source_artifact_id>
              <target_artifact_id>46</target_artifact_id>
             <confidence_score>1</confidence_score>
          </link>
          <link>
             <source_artifact_id>118</source_artifact_id>
              <target_artifact_id>47</target_artifact_id>
             <confidence_score>1</confidence_score>
          </link>
          <link>
             <source_artifact_id>133</source_artifact_id>
              <target_artifact_id>48</target_artifact_id>
             <confidence_score>1</confidence_score>
          </link>
          <link>
             <source_artifact_id>133</source_artifact_id>
              <target_artifact_id>49</target_artifact_id>
             <confidence_score>1</confidence_score>
          </link>
          <link>
             <source_artifact_id>133</source_artifact_id>
              <target_artifact_id>50</target_artifact_id>
             <confidence_score>1</confidence_score>
          </link>
          <link>
             <source_artifact_id>133</source_artifact_id>
              <target_artifact_id>51</target_artifact_id>
             <confidence_score>1</confidence_score>
          </link>
          <link>
             <source_artifact_id>116</source_artifact_id>
              <target_artifact_id>54</target_artifact_id>
             <confidence_score>1</confidence_score>
          </link>
          <link>
             <source_artifact_id>116</source_artifact_id>
              <target_artifact_id>55</target_artifact_id>
             <confidence_score>1</confidence_score>
          </link>
          <link>
             <source_artifact_id>128</source_artifact_id>
              <target_artifact_id>55</target_artifact_id>
             <confidence_score>1</confidence_score>
          </link>
          <link>
             <source_artifact_id>130</source_artifact_id>
              <target_artifact_id>55</target_artifact_id>
             <confidence_score>1</confidence_score>
          </link>
          <link>
             <source_artifact_id>107</source_artifact_id>
              <target_artifact_id>56</target_artifact_id>
             <confidence_score>1</confidence_score>
          </link>
          <link>
             <source_artifact_id>116</source_artifact_id>
              <target_artifact_id>56</target_artifact_id>
             <confidence_score>1</confidence_score>
          </link>
          <link>
             <source_artifact_id>118</source_artifact_id>
              <target_artifact_id>56</target_artifact_id>
             <confidence_score>1</confidence_score>
          </link>
          <link>
             <source_artifact_id>128</source_artifact_id>
              <target_artifact_id>56</target_artifact_id>
             <confidence_score>1</confidence_score>
          </link>
          <link>
             <source_artifact_id>129</source_artifact_id>
              <target_artifact_id>56</target_artifact_id>
             <confidence_score>1</confidence_score>
          </link>
          <link>
             <source_artifact_id>135</source_artifact_id>
              <target_artifact_id>56</target_artifact_id>
             <confidence_score>1</confidence_score>
          </link>
          <link>
             <source_artifact_id>136</source_artifact_id>
              <target_artifact_id>56</target_artifact_id>
             <confidence_score>1</confidence_score>
          </link>
          <link>
             <source_artifact_id>109</source_artifact_id>
              <target_artifact_id>57</target_artifact_id>
             <confidence_score>1</confidence_score>
          </link>
          <link>
             <source_artifact_id>111</source_artifact_id>
              <target_artifact_id>57</target_artifact_id>
             <confidence_score>1</confidence_score>
          </link>
          <link>
             <source_artifact_id>113</source_artifact_id>
              <target_artifact_id>57</target_artifact_id>
             <confidence_score>1</confidence_score>
          </link>
          <link>
             <source_artifact_id>129</source_artifact_id>
              <target_artifact_id>57</target_artifact_id>
             <confidence_score>1</confidence_score>
          </link>
          <link>
             <source_artifact_id>131</source_artifact_id>
              <target_artifact_id>57</target_artifact_id>
             <confidence_score>1</confidence_score>
          </link>
          <link>
             <source_artifact_id>103</source_artifact_id>
              <target_artifact_id>58</target_artifact_id>
             <confidence_score>1</confidence_score>
          </link>
          <link>
             <source_artifact_id>104</source_artifact_id>
              <target_artifact_id>58</target_artifact_id>
             <confidence_score>1</confidence_score>
          </link>
          <link>
             <source_artifact_id>116</source_artifact_id>
              <target_artifact_id>62</target_artifact_id>
             <confidence_score>1</confidence_score>
          </link>
          <link>
             <source_artifact_id>118</source_artifact_id>
              <target_artifact_id>62</target_artifact_id>
             <confidence_score>1</confidence_score>
          </link>
          <link>
             <source_artifact_id>132</source_artifact_id>
              <target_artifact_id>62</target_artifact_id>
             <confidence_score>1</confidence_score>
          </link>
          <link>
             <source_artifact_id>134</source_artifact_id>
              <target_artifact_id>62</target_artifact_id>
             <confidence_score>1</confidence_score>
          </link>
          <link>
             <source_artifact_id>135</source_artifact_id>
              <target_artifact_id>62</target_artifact_id>
             <confidence_score>1</confidence_score>
          </link>
          <link>
             <source_artifact_id>136</source_artifact_id>
              <target_artifact_id>62</target_artifact_id>
             <confidence_score>1</confidence_score>
          </link>
          <link>
             <source_artifact_id>134</source_artifact_id>
              <target_artifact_id>63</target_artifact_id>
             <confidence_score>1</confidence_score>
          </link>
          <link>
             <source_artifact_id>134</source_artifact_id>
              <target_artifact_id>64</target_artifact_id>
             <confidence_score>1</confidence_score>
          </link>
          <link>
             <source_artifact_id>137</source_artifact_id>
              <target_artifact_id>64</target_artifact_id>
             <confidence_score>1</confidence_score>
          </link>
          <link>
             <source_artifact_id>137</source_artifact_id>
              <target_artifact_id>67</target_artifact_id>
             <confidence_score>1</confidence_score>
          </link>
          <link>
             <source_artifact_id>138</source_artifact_id>
              <target_artifact_id>67</target_artifact_id>
             <confidence_score>1</confidence_score>
          </link>
          <link>
             <source_artifact_id>107</source_artifact_id>
              <target_artifact_id>68</target_artifact_id>
             <confidence_score>1</confidence_score>
          </link>
          <link>
             <source_artifact_id>112</source_artifact_id>
              <target_artifact_id>68</target_artifact_id>
             <confidence_score>1</confidence_score>
          </link>
          <link>
             <source_artifact_id>121</source_artifact_id>
              <target_artifact_id>68</target_artifact_id>
             <confidence_score>1</confidence_score>
          </link>
          <link>
             <source_artifact_id>122</source_artifact_id>
              <target_artifact_id>68</target_artifact_id>
             <confidence_score>1</confidence_score>
          </link>
          <link>
             <source_artifact_id>123</source_artifact_id>
              <target_artifact_id>68</target_artifact_id>
             <confidence_score>1</confidence_score>
          </link>
          <link>
             <source_artifact_id>124</source_artifact_id>
              <target_artifact_id>68</target_artifact_id>
             <confidence_score>1</confidence_score>
          </link>
          <link>
             <source_artifact_id>125</source_artifact_id>
              <target_artifact_id>68</target_artifact_id>
             <confidence_score>1</confidence_score>
          </link>
          <link>
             <source_artifact_id>126</source_artifact_id>
              <target_artifact_id>68</target_artifact_id>
             <confidence_score>1</confidence_score>
          </link>
          <link>
             <source_artifact_id>137</source_artifact_id>
              <target_artifact_id>68</target_artifact_id>
             <confidence_score>1</confidence_score>
          </link>
          <link>
             <source_artifact_id>138</source_artifact_id>
              <target_artifact_id>68</target_artifact_id>
             <confidence_score>1</confidence_score>
          </link>
          <link>
             <source_artifact_id>139</source_artifact_id>
              <target_artifact_id>68</target_artifact_id>
             <confidence_score>1</confidence_score>
          </link>
          <link>
             <source_artifact_id>140</source_artifact_id>
              <target_artifact_id>68</target_artifact_id>
             <confidence_score>1</confidence_score>
          </link>
          <link>
             <source_artifact_id>112</source_artifact_id>
              <target_artifact_id>69</target_artifact_id>
             <confidence_score>1</confidence_score>
          </link>
          <link>
             <source_artifact_id>121</source_artifact_id>
              <target_artifact_id>69</target_artifact_id>
             <confidence_score>1</confidence_score>
          </link>
          <link>
             <source_artifact_id>122</source_artifact_id>
              <target_artifact_id>69</target_artifact_id>
             <confidence_score>1</confidence_score>
          </link>
          <link>
             <source_artifact_id>123</source_artifact_id>
              <target_artifact_id>69</target_artifact_id>
             <confidence_score>1</confidence_score>
          </link>
          <link>
             <source_artifact_id>124</source_artifact_id>
              <target_artifact_id>69</target_artifact_id>
             <confidence_score>1</confidence_score>
          </link>
          <link>
             <source_artifact_id>125</source_artifact_id>
              <target_artifact_id>69</target_artifact_id>
             <confidence_score>1</confidence_score>
          </link>
          <link>
             <source_artifact_id>126</source_artifact_id>
              <target_artifact_id>69</target_artifact_id>
             <confidence_score>1</confidence_score>
          </link>
          <link>
             <source_artifact_id>138</source_artifact_id>
              <target_artifact_id>69</target_artifact_id>
             <confidence_score>1</confidence_score>
          </link>
          <link>
             <source_artifact_id>112</source_artifact_id>
              <target_artifact_id>70</target_artifact_id>
             <confidence_score>1</confidence_score>
          </link>
          <link>
             <source_artifact_id>137</source_artifact_id>
              <target_artifact_id>70</target_artifact_id>
             <confidence_score>1</confidence_score>
          </link>
          <link>
             <source_artifact_id>117</source_artifact_id>
              <target_artifact_id>74</target_artifact_id>
             <confidence_score>1</confidence_score>
          </link>
          <link>
             <source_artifact_id>117</source_artifact_id>
              <target_artifact_id>77</target_artifact_id>
             <confidence_score>1</confidence_score>
          </link>
          <link>
             <source_artifact_id>118</source_artifact_id>
              <target_artifact_id>77</target_artifact_id>
             <confidence_score>1</confidence_score>
          </link>
          <link>
             <source_artifact_id>110</source_artifact_id>
              <target_artifact_id>78</target_artifact_id>
             <confidence_score>1</confidence_score>
          </link>
          <link>
             <source_artifact_id>117</source_artifact_id>
              <target_artifact_id>78</target_artifact_id>
             <confidence_score>1</confidence_score>
          </link>
          <link>
             <source_artifact_id>121</source_artifact_id>
              <target_artifact_id>78</target_artifact_id>
             <confidence_score>1</confidence_score>
          </link>
          <link>
             <source_artifact_id>122</source_artifact_id>
              <target_artifact_id>78</target_artifact_id>
             <confidence_score>1</confidence_score>
          </link>
          <link>
             <source_artifact_id>123</source_artifact_id>
              <target_artifact_id>78</target_artifact_id>
             <confidence_score>1</confidence_score>
          </link>
          <link>
             <source_artifact_id>124</source_artifact_id>
              <target_artifact_id>78</target_artifact_id>
             <confidence_score>1</confidence_score>
          </link>
          <link>
             <source_artifact_id>125</source_artifact_id>
              <target_artifact_id>78</target_artifact_id>
             <confidence_score>1</confidence_score>
          </link>
          <link>
             <source_artifact_id>126</source_artifact_id>
              <target_artifact_id>78</target_artifact_id>
             <confidence_score>1</confidence_score>
          </link>
          <link>
             <source_artifact_id>127</source_artifact_id>
              <target_artifact_id>78</target_artifact_id>
             <confidence_score>1</confidence_score>
          </link>
          <link>
             <source_artifact_id>117</source_artifact_id>
              <target_artifact_id>79</target_artifact_id>
             <confidence_score>1</confidence_score>
          </link>
          <link>
             <source_artifact_id>118</source_artifact_id>
              <target_artifact_id>79</target_artifact_id>
             <confidence_score>1</confidence_score>
          </link>
          <link>
             <source_artifact_id>114</source_artifact_id>
              <target_artifact_id>81</target_artifact_id>
             <confidence_score>1</confidence_score>
          </link>
          <link>
             <source_artifact_id>117</source_artifact_id>
              <target_artifact_id>81</target_artifact_id>
             <confidence_score>1</confidence_score>
          </link>
          <link>
             <source_artifact_id>118</source_artifact_id>
              <target_artifact_id>81</target_artifact_id>
             <confidence_score>1</confidence_score>
          </link>
          <link>
             <source_artifact_id>117</source_artifact_id>
              <target_artifact_id>83</target_artifact_id>
             <confidence_score>1</confidence_score>
          </link>
          <link>
             <source_artifact_id>121</source_artifact_id>
              <target_artifact_id>85</target_artifact_id>
             <confidence_score>1</confidence_score>
          </link>
          <link>
             <source_artifact_id>122</source_artifact_id>
              <target_artifact_id>85</target_artifact_id>
             <confidence_score>1</confidence_score>
          </link>
          <link>
             <source_artifact_id>123</source_artifact_id>
              <target_artifact_id>85</target_artifact_id>
             <confidence_score>1</confidence_score>
          </link>
          <link>
             <source_artifact_id>124</source_artifact_id>
              <target_artifact_id>85</target_artifact_id>
             <confidence_score>1</confidence_score>
          </link>
          <link>
             <source_artifact_id>125</source_artifact_id>
              <target_artifact_id>85</target_artifact_id>
             <confidence_score>1</confidence_score>
          </link>
          <link>
             <source_artifact_id>126</source_artifact_id>
              <target_artifact_id>85</target_artifact_id>
             <confidence_score>1</confidence_score>
          </link>
          <link>
             <source_artifact_id>121</source_artifact_id>
              <target_artifact_id>87</target_artifact_id>
             <confidence_score>1</confidence_score>
          </link>
          <link>
             <source_artifact_id>122</source_artifact_id>
              <target_artifact_id>87</target_artifact_id>
             <confidence_score>1</confidence_score>
          </link>
          <link>
             <source_artifact_id>123</source_artifact_id>
              <target_artifact_id>87</target_artifact_id>
             <confidence_score>1</confidence_score>
          </link>
          <link>
             <source_artifact_id>124</source_artifact_id>
              <target_artifact_id>87</target_artifact_id>
             <confidence_score>1</confidence_score>
          </link>
          <link>
             <source_artifact_id>125</source_artifact_id>
              <target_artifact_id>87</target_artifact_id>
             <confidence_score>1</confidence_score>
          </link>
          <link>
             <source_artifact_id>126</source_artifact_id>
              <target_artifact_id>87</target_artifact_id>
             <confidence_score>1</confidence_score>
          </link>
          <link>
             <source_artifact_id>126</source_artifact_id>
              <target_artifact_id>90</target_artifact_id>
             <confidence_score>1</confidence_score>
          </link>
          <link>
             <source_artifact_id>124</source_artifact_id>
              <target_artifact_id>91</target_artifact_id>
             <confidence_score>1</confidence_score>
          </link>
          <link>
             <source_artifact_id>121</source_artifact_id>
              <target_artifact_id>92</target_artifact_id>
             <confidence_score>1</confidence_score>
          </link>
          <link>
             <source_artifact_id>125</source_artifact_id>
              <target_artifact_id>93</target_artifact_id>
             <confidence_score>1</confidence_score>
          </link>
          <link>
             <source_artifact_id>123</source_artifact_id>
              <target_artifact_id>94</target_artifact_id>
             <confidence_score>1</confidence_score>
          </link>
          <link>
             <source_artifact_id>121</source_artifact_id>
              <target_artifact_id>95</target_artifact_id>
             <confidence_score>1</confidence_score>
          </link>
          <link>
             <source_artifact_id>122</source_artifact_id>
              <target_artifact_id>95</target_artifact_id>
             <confidence_score>1</confidence_score>
          </link>
          <link>
             <source_artifact_id>123</source_artifact_id>
              <target_artifact_id>95</target_artifact_id>
             <confidence_score>1</confidence_score>
          </link>
          <link>
             <source_artifact_id>124</source_artifact_id>
              <target_artifact_id>95</target_artifact_id>
             <confidence_score>1</confidence_score>
          </link>
          <link>
             <source_artifact_id>125</source_artifact_id>
              <target_artifact_id>95</target_artifact_id>
             <confidence_score>1</confidence_score>
          </link>
          <link>
             <source_artifact_id>126</source_artifact_id>
              <target_artifact_id>95</target_artifact_id>
             <confidence_score>1</confidence_score>
          </link>
      </links> 
</answer_set>
