<?xml version="1.0" encoding="utf-8" ?>
<artifacts_collection>
 <collection_info>
    <id>CC</id> 
    <name>Code classes</name> 
    <version>1.1</version> 
   <description>
    Code classes
   </description> 
   <content_location>external</content_location>
 </collection_info>
     <artifacts>
        <artifact>
           <id>46</id>
           <content>ClassCode\46.txt
          </content>
          <parent_id/>
        </artifact>
        <artifact>
           <id>47</id>
           <content>ClassCode\47.txt
          </content>
          <parent_id/>
        </artifact>
        <artifact>
           <id>48</id>
           <content>ClassCode\48.txt
          </content>
          <parent_id/>
        </artifact>
        <artifact>
           <id>49</id>
           <content>ClassCode\49.txt
          </content>
          <parent_id/>
        </artifact>
        <artifact>
           <id>50</id>
           <content>ClassCode\50.txt
          </content>
          <parent_id/>
        </artifact>
        <artifact>
           <id>51</id>
           <content>ClassCode\51.txt
          </content>
          <parent_id/>
        </artifact>
        <artifact>
           <id>52</id>
           <content>ClassCode\52.txt
          </content>
          <parent_id/>
        </artifact>
        <artifact>
           <id>53</id>
           <content>ClassCode\53.txt
          </content>
          <parent_id/>
        </artifact>
        <artifact>
           <id>54</id>
           <content>ClassCode\54.txt
          </content>
          <parent_id/>
        </artifact>
        <artifact>
           <id>55</id>
           <content>ClassCode\55.txt
          </content>
          <parent_id/>
        </artifact>
        <artifact>
           <id>56</id>
           <content>ClassCode\56.txt
          </content>
          <parent_id/>
        </artifact>
        <artifact>
           <id>57</id>
           <content>ClassCode\57.txt
          </content>
          <parent_id/>
        </artifact>
        <artifact>
           <id>58</id>
           <content>ClassCode\58.txt
          </content>
          <parent_id/>
        </artifact>
        <artifact>
           <id>59</id>
           <content>ClassCode\59.txt
          </content>
          <parent_id/>
        </artifact>
        <artifact>
           <id>60</id>
           <content>ClassCode\60.txt
          </content>
          <parent_id/>
        </artifact>
        <artifact>
           <id>61</id>
           <content>ClassCode\61.txt
          </content>
          <parent_id/>
        </artifact>
        <artifact>
           <id>62</id>
           <content>ClassCode\62.txt
          </content>
          <parent_id/>
        </artifact>
        <artifact>
           <id>63</id>
           <content>ClassCode\63.txt
          </content>
          <parent_id/>
        </artifact>
        <artifact>
           <id>64</id>
           <content>ClassCode\64.txt
          </content>
          <parent_id/>
        </artifact>
        <artifact>
           <id>65</id>
           <content>ClassCode\65.txt
          </content>
          <parent_id/>
        </artifact>
        <artifact>
           <id>66</id>
           <content>ClassCode\66.txt
          </content>
          <parent_id/>
        </artifact>
        <artifact>
           <id>67</id>
           <content>ClassCode\67.txt
          </content>
          <parent_id/>
        </artifact>
        <artifact>
           <id>68</id>
           <content>ClassCode\68.txt
          </content>
          <parent_id/>
        </artifact>
        <artifact>
           <id>69</id>
           <content>ClassCode\69.txt
          </content>
          <parent_id/>
        </artifact>
        <artifact>
           <id>70</id>
           <content>ClassCode\70.txt
          </content>
          <parent_id/>
        </artifact>
        <artifact>
           <id>71</id>
           <content>ClassCode\71.txt
          </content>
          <parent_id/>
        </artifact>
        <artifact>
           <id>72</id>
           <content>ClassCode\72.txt
          </content>
          <parent_id/>
        </artifact>
        <artifact>
           <id>73</id>
           <content>ClassCode\73.txt
          </content>
          <parent_id/>
        </artifact>
        <artifact>
           <id>74</id>
           <content>ClassCode\74.txt
          </content>
          <parent_id/>
        </artifact>
        <artifact>
           <id>75</id>
           <content>ClassCode\75.txt
          </content>
          <parent_id/>
        </artifact>
        <artifact>
           <id>76</id>
           <content>ClassCode\76.txt
          </content>
          <parent_id/>
        </artifact>
        <artifact>
           <id>77</id>
           <content>ClassCode\77.txt
          </content>
          <parent_id/>
        </artifact>
        <artifact>
           <id>78</id>
           <content>ClassCode\78.txt
          </content>
          <parent_id/>
        </artifact>
        <artifact>
           <id>79</id>
           <content>ClassCode\79.txt
          </content>
          <parent_id/>
        </artifact>
        <artifact>
           <id>80</id>
           <content>ClassCode\80.txt
          </content>
          <parent_id/>
        </artifact>
        <artifact>
           <id>81</id>
           <content>ClassCode\81.txt
          </content>
          <parent_id/>
        </artifact>
        <artifact>
           <id>82</id>
           <content>ClassCode\82.txt
          </content>
          <parent_id/>
        </artifact>
        <artifact>
           <id>83</id>
           <content>ClassCode\83.txt
          </content>
          <parent_id/>
        </artifact>
        <artifact>
           <id>84</id>
           <content>ClassCode\84.txt
          </content>
          <parent_id/>
        </artifact>
        <artifact>
           <id>85</id>
           <content>ClassCode\85.txt
          </content>
          <parent_id/>
        </artifact>
        <artifact>
           <id>86</id>
           <content>ClassCode\86.txt
          </content>
          <parent_id/>
        </artifact>
        <artifact>
           <id>87</id>
           <content>ClassCode\87.txt
          </content>
          <parent_id/>
        </artifact>
        <artifact>
           <id>88</id>
           <content>ClassCode\88.txt
          </content>
          <parent_id/>
        </artifact>
        <artifact>
           <id>89</id>
           <content>ClassCode\89.txt
          </content>
          <parent_id/>
        </artifact>
        <artifact>
           <id>90</id>
           <content>ClassCode\90.txt
          </content>
          <parent_id/>
        </artifact>
        <artifact>
           <id>91</id>
           <content>ClassCode\91.txt
          </content>
          <parent_id/>
        </artifact>
        <artifact>
           <id>92</id>
           <content>ClassCode\92.txt
          </content>
          <parent_id/>
        </artifact>
        <artifact>
           <id>93</id>
           <content>ClassCode\93.txt
          </content>
          <parent_id/>
        </artifact>
        <artifact>
           <id>94</id>
           <content>ClassCode\94.txt
          </content>
          <parent_id/>
        </artifact>
        <artifact>
           <id>95</id>
           <content>ClassCode\95.txt
          </content>
          <parent_id/>
        </artifact>
     </artifacts>
  </artifacts_collection>
