<?xml version="1.0" encoding="utf-8"?>
<answer_set>
<answer_info>
	<source_artifacts_collection>UC</source_artifacts_collection>
	<target_artifacts_collection>CC</target_artifacts_collection>
</answer_info>
<links>
<link><source_artifact_id>EA1</source_artifact_id><target_artifact_id>EA140</target_artifact_id></link>
<link><source_artifact_id>EA1</source_artifact_id><target_artifact_id>EA141</target_artifact_id></link>
<link><source_artifact_id>EA1</source_artifact_id><target_artifact_id>EA142</target_artifact_id></link>
<link><source_artifact_id>EA1</source_artifact_id><target_artifact_id>EA143</target_artifact_id></link>
<link><source_artifact_id>EA1</source_artifact_id><target_artifact_id>EA150</target_artifact_id></link>
<link><source_artifact_id>EA1</source_artifact_id><target_artifact_id>EA151</target_artifact_id></link>
<link><source_artifact_id>EA1</source_artifact_id><target_artifact_id>EA156</target_artifact_id></link>
<link><source_artifact_id>EA1</source_artifact_id><target_artifact_id>EA157</target_artifact_id></link>
<link><source_artifact_id>EA1</source_artifact_id><target_artifact_id>EA166</target_artifact_id></link>
<link><source_artifact_id>EA1</source_artifact_id><target_artifact_id>EA177</target_artifact_id></link>
<link><source_artifact_id>EA1</source_artifact_id><target_artifact_id>EA184</target_artifact_id></link>
<link><source_artifact_id>EA2</source_artifact_id><target_artifact_id>EA140</target_artifact_id></link>
<link><source_artifact_id>EA2</source_artifact_id><target_artifact_id>EA141</target_artifact_id></link>
<link><source_artifact_id>EA2</source_artifact_id><target_artifact_id>EA142</target_artifact_id></link>
<link><source_artifact_id>EA2</source_artifact_id><target_artifact_id>EA144</target_artifact_id></link>
<link><source_artifact_id>EA2</source_artifact_id><target_artifact_id>EA145</target_artifact_id></link>
<link><source_artifact_id>EA2</source_artifact_id><target_artifact_id>EA146</target_artifact_id></link>
<link><source_artifact_id>EA2</source_artifact_id><target_artifact_id>EA147</target_artifact_id></link>
<link><source_artifact_id>EA2</source_artifact_id><target_artifact_id>EA150</target_artifact_id></link>
<link><source_artifact_id>EA2</source_artifact_id><target_artifact_id>EA153</target_artifact_id></link>
<link><source_artifact_id>EA2</source_artifact_id><target_artifact_id>EA154</target_artifact_id></link>
<link><source_artifact_id>EA2</source_artifact_id><target_artifact_id>EA155</target_artifact_id></link>
<link><source_artifact_id>EA2</source_artifact_id><target_artifact_id>EA156</target_artifact_id></link>
<link><source_artifact_id>EA2</source_artifact_id><target_artifact_id>EA166</target_artifact_id></link>
<link><source_artifact_id>EA2</source_artifact_id><target_artifact_id>EA177</target_artifact_id></link>
<link><source_artifact_id>EA2</source_artifact_id><target_artifact_id>EA185</target_artifact_id></link>
<link><source_artifact_id>EA3</source_artifact_id><target_artifact_id>EA140</target_artifact_id></link>
<link><source_artifact_id>EA3</source_artifact_id><target_artifact_id>EA141</target_artifact_id></link>
<link><source_artifact_id>EA3</source_artifact_id><target_artifact_id>EA142</target_artifact_id></link>
<link><source_artifact_id>EA3</source_artifact_id><target_artifact_id>EA150</target_artifact_id></link>
<link><source_artifact_id>EA3</source_artifact_id><target_artifact_id>EA158</target_artifact_id></link>
<link><source_artifact_id>EA3</source_artifact_id><target_artifact_id>EA161</target_artifact_id></link>
<link><source_artifact_id>EA3</source_artifact_id><target_artifact_id>EA162</target_artifact_id></link>
<link><source_artifact_id>EA3</source_artifact_id><target_artifact_id>EA166</target_artifact_id></link>
<link><source_artifact_id>EA3</source_artifact_id><target_artifact_id>EA177</target_artifact_id></link>
<link><source_artifact_id>EA3</source_artifact_id><target_artifact_id>EA184</target_artifact_id></link>
<link><source_artifact_id>EA4</source_artifact_id><target_artifact_id>EA140</target_artifact_id></link>
<link><source_artifact_id>EA4</source_artifact_id><target_artifact_id>EA141</target_artifact_id></link>
<link><source_artifact_id>EA4</source_artifact_id><target_artifact_id>EA144</target_artifact_id></link>
<link><source_artifact_id>EA4</source_artifact_id><target_artifact_id>EA145</target_artifact_id></link>
<link><source_artifact_id>EA4</source_artifact_id><target_artifact_id>EA146</target_artifact_id></link>
<link><source_artifact_id>EA4</source_artifact_id><target_artifact_id>EA147</target_artifact_id></link>
<link><source_artifact_id>EA4</source_artifact_id><target_artifact_id>EA150</target_artifact_id></link>
<link><source_artifact_id>EA4</source_artifact_id><target_artifact_id>EA153</target_artifact_id></link>
<link><source_artifact_id>EA4</source_artifact_id><target_artifact_id>EA154</target_artifact_id></link>
<link><source_artifact_id>EA4</source_artifact_id><target_artifact_id>EA156</target_artifact_id></link>
<link><source_artifact_id>EA4</source_artifact_id><target_artifact_id>EA157</target_artifact_id></link>
<link><source_artifact_id>EA4</source_artifact_id><target_artifact_id>EA159</target_artifact_id></link>
<link><source_artifact_id>EA4</source_artifact_id><target_artifact_id>EA163</target_artifact_id></link>
<link><source_artifact_id>EA4</source_artifact_id><target_artifact_id>EA164</target_artifact_id></link>
<link><source_artifact_id>EA4</source_artifact_id><target_artifact_id>EA166</target_artifact_id></link>
<link><source_artifact_id>EA4</source_artifact_id><target_artifact_id>EA172</target_artifact_id></link>
<link><source_artifact_id>EA4</source_artifact_id><target_artifact_id>EA181</target_artifact_id></link>
<link><source_artifact_id>EA4</source_artifact_id><target_artifact_id>EA189</target_artifact_id></link>
<link><source_artifact_id>EA4</source_artifact_id><target_artifact_id>EA193</target_artifact_id></link>
<link><source_artifact_id>EA5</source_artifact_id><target_artifact_id>EA140</target_artifact_id></link>
<link><source_artifact_id>EA5</source_artifact_id><target_artifact_id>EA141</target_artifact_id></link>
<link><source_artifact_id>EA5</source_artifact_id><target_artifact_id>EA142</target_artifact_id></link>
<link><source_artifact_id>EA5</source_artifact_id><target_artifact_id>EA150</target_artifact_id></link>
<link><source_artifact_id>EA5</source_artifact_id><target_artifact_id>EA156</target_artifact_id></link>
<link><source_artifact_id>EA5</source_artifact_id><target_artifact_id>EA157</target_artifact_id></link>
<link><source_artifact_id>EA5</source_artifact_id><target_artifact_id>EA158</target_artifact_id></link>
<link><source_artifact_id>EA5</source_artifact_id><target_artifact_id>EA161</target_artifact_id></link>
<link><source_artifact_id>EA5</source_artifact_id><target_artifact_id>EA162</target_artifact_id></link>
<link><source_artifact_id>EA5</source_artifact_id><target_artifact_id>EA166</target_artifact_id></link>
<link><source_artifact_id>EA5</source_artifact_id><target_artifact_id>EA173</target_artifact_id></link>
<link><source_artifact_id>EA6</source_artifact_id><target_artifact_id>EA140</target_artifact_id></link>
<link><source_artifact_id>EA6</source_artifact_id><target_artifact_id>EA141</target_artifact_id></link>
<link><source_artifact_id>EA6</source_artifact_id><target_artifact_id>EA144</target_artifact_id></link>
<link><source_artifact_id>EA6</source_artifact_id><target_artifact_id>EA145</target_artifact_id></link>
<link><source_artifact_id>EA6</source_artifact_id><target_artifact_id>EA146</target_artifact_id></link>
<link><source_artifact_id>EA6</source_artifact_id><target_artifact_id>EA147</target_artifact_id></link>
<link><source_artifact_id>EA6</source_artifact_id><target_artifact_id>EA150</target_artifact_id></link>
<link><source_artifact_id>EA6</source_artifact_id><target_artifact_id>EA153</target_artifact_id></link>
<link><source_artifact_id>EA6</source_artifact_id><target_artifact_id>EA154</target_artifact_id></link>
<link><source_artifact_id>EA6</source_artifact_id><target_artifact_id>EA156</target_artifact_id></link>
<link><source_artifact_id>EA6</source_artifact_id><target_artifact_id>EA157</target_artifact_id></link>
<link><source_artifact_id>EA6</source_artifact_id><target_artifact_id>EA159</target_artifact_id></link>
<link><source_artifact_id>EA6</source_artifact_id><target_artifact_id>EA163</target_artifact_id></link>
<link><source_artifact_id>EA6</source_artifact_id><target_artifact_id>EA164</target_artifact_id></link>
<link><source_artifact_id>EA6</source_artifact_id><target_artifact_id>EA166</target_artifact_id></link>
<link><source_artifact_id>EA6</source_artifact_id><target_artifact_id>EA175</target_artifact_id></link>
<link><source_artifact_id>EA6</source_artifact_id><target_artifact_id>EA189</target_artifact_id></link>
<link><source_artifact_id>EA6</source_artifact_id><target_artifact_id>EA193</target_artifact_id></link>
<link><source_artifact_id>EA7</source_artifact_id><target_artifact_id>EA140</target_artifact_id></link>
<link><source_artifact_id>EA7</source_artifact_id><target_artifact_id>EA141</target_artifact_id></link>
<link><source_artifact_id>EA7</source_artifact_id><target_artifact_id>EA142</target_artifact_id></link>
<link><source_artifact_id>EA7</source_artifact_id><target_artifact_id>EA150</target_artifact_id></link>
<link><source_artifact_id>EA7</source_artifact_id><target_artifact_id>EA156</target_artifact_id></link>
<link><source_artifact_id>EA7</source_artifact_id><target_artifact_id>EA157</target_artifact_id></link>
<link><source_artifact_id>EA7</source_artifact_id><target_artifact_id>EA158</target_artifact_id></link>
<link><source_artifact_id>EA7</source_artifact_id><target_artifact_id>EA161</target_artifact_id></link>
<link><source_artifact_id>EA7</source_artifact_id><target_artifact_id>EA162</target_artifact_id></link>
<link><source_artifact_id>EA7</source_artifact_id><target_artifact_id>EA166</target_artifact_id></link>
<link><source_artifact_id>EA7</source_artifact_id><target_artifact_id>EA176</target_artifact_id></link>
<link><source_artifact_id>EA8</source_artifact_id><target_artifact_id>EA140</target_artifact_id></link>
<link><source_artifact_id>EA8</source_artifact_id><target_artifact_id>EA141</target_artifact_id></link>
<link><source_artifact_id>EA8</source_artifact_id><target_artifact_id>EA142</target_artifact_id></link>
<link><source_artifact_id>EA8</source_artifact_id><target_artifact_id>EA143</target_artifact_id></link>
<link><source_artifact_id>EA8</source_artifact_id><target_artifact_id>EA150</target_artifact_id></link>
<link><source_artifact_id>EA8</source_artifact_id><target_artifact_id>EA151</target_artifact_id></link>
<link><source_artifact_id>EA8</source_artifact_id><target_artifact_id>EA156</target_artifact_id></link>
<link><source_artifact_id>EA8</source_artifact_id><target_artifact_id>EA157</target_artifact_id></link>
<link><source_artifact_id>EA8</source_artifact_id><target_artifact_id>EA166</target_artifact_id></link>
<link><source_artifact_id>EA8</source_artifact_id><target_artifact_id>EA178</target_artifact_id></link>
<link><source_artifact_id>EA8</source_artifact_id><target_artifact_id>EA184</target_artifact_id></link>
<link><source_artifact_id>EA9</source_artifact_id><target_artifact_id>EA140</target_artifact_id></link>
<link><source_artifact_id>EA9</source_artifact_id><target_artifact_id>EA141</target_artifact_id></link>
<link><source_artifact_id>EA9</source_artifact_id><target_artifact_id>EA142</target_artifact_id></link>
<link><source_artifact_id>EA9</source_artifact_id><target_artifact_id>EA144</target_artifact_id></link>
<link><source_artifact_id>EA9</source_artifact_id><target_artifact_id>EA145</target_artifact_id></link>
<link><source_artifact_id>EA9</source_artifact_id><target_artifact_id>EA146</target_artifact_id></link>
<link><source_artifact_id>EA9</source_artifact_id><target_artifact_id>EA147</target_artifact_id></link>
<link><source_artifact_id>EA9</source_artifact_id><target_artifact_id>EA150</target_artifact_id></link>
<link><source_artifact_id>EA9</source_artifact_id><target_artifact_id>EA153</target_artifact_id></link>
<link><source_artifact_id>EA9</source_artifact_id><target_artifact_id>EA154</target_artifact_id></link>
<link><source_artifact_id>EA9</source_artifact_id><target_artifact_id>EA155</target_artifact_id></link>
<link><source_artifact_id>EA9</source_artifact_id><target_artifact_id>EA156</target_artifact_id></link>
<link><source_artifact_id>EA9</source_artifact_id><target_artifact_id>EA166</target_artifact_id></link>
<link><source_artifact_id>EA9</source_artifact_id><target_artifact_id>EA178</target_artifact_id></link>
<link><source_artifact_id>EA9</source_artifact_id><target_artifact_id>EA185</target_artifact_id></link>
<link><source_artifact_id>EA10</source_artifact_id><target_artifact_id>EA140</target_artifact_id></link>
<link><source_artifact_id>EA10</source_artifact_id><target_artifact_id>EA141</target_artifact_id></link>
<link><source_artifact_id>EA10</source_artifact_id><target_artifact_id>EA142</target_artifact_id></link>
<link><source_artifact_id>EA10</source_artifact_id><target_artifact_id>EA150</target_artifact_id></link>
<link><source_artifact_id>EA10</source_artifact_id><target_artifact_id>EA158</target_artifact_id></link>
<link><source_artifact_id>EA10</source_artifact_id><target_artifact_id>EA161</target_artifact_id></link>
<link><source_artifact_id>EA10</source_artifact_id><target_artifact_id>EA162</target_artifact_id></link>
<link><source_artifact_id>EA10</source_artifact_id><target_artifact_id>EA166</target_artifact_id></link>
<link><source_artifact_id>EA10</source_artifact_id><target_artifact_id>EA178</target_artifact_id></link>
<link><source_artifact_id>EA10</source_artifact_id><target_artifact_id>EA184</target_artifact_id></link>
<link><source_artifact_id>EA11</source_artifact_id><target_artifact_id>EA140</target_artifact_id></link>
<link><source_artifact_id>EA11</source_artifact_id><target_artifact_id>EA141</target_artifact_id></link>
<link><source_artifact_id>EA11</source_artifact_id><target_artifact_id>EA144</target_artifact_id></link>
<link><source_artifact_id>EA11</source_artifact_id><target_artifact_id>EA145</target_artifact_id></link>
<link><source_artifact_id>EA11</source_artifact_id><target_artifact_id>EA146</target_artifact_id></link>
<link><source_artifact_id>EA11</source_artifact_id><target_artifact_id>EA147</target_artifact_id></link>
<link><source_artifact_id>EA11</source_artifact_id><target_artifact_id>EA153</target_artifact_id></link>
<link><source_artifact_id>EA11</source_artifact_id><target_artifact_id>EA154</target_artifact_id></link>
<link><source_artifact_id>EA11</source_artifact_id><target_artifact_id>EA156</target_artifact_id></link>
<link><source_artifact_id>EA11</source_artifact_id><target_artifact_id>EA157</target_artifact_id></link>
<link><source_artifact_id>EA11</source_artifact_id><target_artifact_id>EA159</target_artifact_id></link>
<link><source_artifact_id>EA11</source_artifact_id><target_artifact_id>EA163</target_artifact_id></link>
<link><source_artifact_id>EA11</source_artifact_id><target_artifact_id>EA164</target_artifact_id></link>
<link><source_artifact_id>EA11</source_artifact_id><target_artifact_id>EA166</target_artifact_id></link>
<link><source_artifact_id>EA11</source_artifact_id><target_artifact_id>EA181</target_artifact_id></link>
<link><source_artifact_id>EA11</source_artifact_id><target_artifact_id>EA189</target_artifact_id></link>
<link><source_artifact_id>EA11</source_artifact_id><target_artifact_id>EA193</target_artifact_id></link>
<link><source_artifact_id>EA12</source_artifact_id><target_artifact_id>EA141</target_artifact_id></link>
<link><source_artifact_id>EA12</source_artifact_id><target_artifact_id>EA142</target_artifact_id></link>
<link><source_artifact_id>EA12</source_artifact_id><target_artifact_id>EA143</target_artifact_id></link>
<link><source_artifact_id>EA12</source_artifact_id><target_artifact_id>EA150</target_artifact_id></link>
<link><source_artifact_id>EA12</source_artifact_id><target_artifact_id>EA151</target_artifact_id></link>
<link><source_artifact_id>EA12</source_artifact_id><target_artifact_id>EA156</target_artifact_id></link>
<link><source_artifact_id>EA12</source_artifact_id><target_artifact_id>EA157</target_artifact_id></link>
<link><source_artifact_id>EA12</source_artifact_id><target_artifact_id>EA166</target_artifact_id></link>
<link><source_artifact_id>EA12</source_artifact_id><target_artifact_id>EA180</target_artifact_id></link>
<link><source_artifact_id>EA12</source_artifact_id><target_artifact_id>EA188</target_artifact_id></link>
<link><source_artifact_id>EA13</source_artifact_id><target_artifact_id>EA141</target_artifact_id></link>
<link><source_artifact_id>EA13</source_artifact_id><target_artifact_id>EA142</target_artifact_id></link>
<link><source_artifact_id>EA13</source_artifact_id><target_artifact_id>EA146</target_artifact_id></link>
<link><source_artifact_id>EA13</source_artifact_id><target_artifact_id>EA147</target_artifact_id></link>
<link><source_artifact_id>EA13</source_artifact_id><target_artifact_id>EA150</target_artifact_id></link>
<link><source_artifact_id>EA13</source_artifact_id><target_artifact_id>EA154</target_artifact_id></link>
<link><source_artifact_id>EA13</source_artifact_id><target_artifact_id>EA156</target_artifact_id></link>
<link><source_artifact_id>EA13</source_artifact_id><target_artifact_id>EA157</target_artifact_id></link>
<link><source_artifact_id>EA13</source_artifact_id><target_artifact_id>EA166</target_artifact_id></link>
<link><source_artifact_id>EA13</source_artifact_id><target_artifact_id>EA181</target_artifact_id></link>
<link><source_artifact_id>EA13</source_artifact_id><target_artifact_id>EA189</target_artifact_id></link>
<link><source_artifact_id>EA14</source_artifact_id><target_artifact_id>EA140</target_artifact_id></link>
<link><source_artifact_id>EA14</source_artifact_id><target_artifact_id>EA141</target_artifact_id></link>
<link><source_artifact_id>EA14</source_artifact_id><target_artifact_id>EA150</target_artifact_id></link>
<link><source_artifact_id>EA14</source_artifact_id><target_artifact_id>EA156</target_artifact_id></link>
<link><source_artifact_id>EA14</source_artifact_id><target_artifact_id>EA157</target_artifact_id></link>
<link><source_artifact_id>EA14</source_artifact_id><target_artifact_id>EA158</target_artifact_id></link>
<link><source_artifact_id>EA14</source_artifact_id><target_artifact_id>EA161</target_artifact_id></link>
<link><source_artifact_id>EA14</source_artifact_id><target_artifact_id>EA162</target_artifact_id></link>
<link><source_artifact_id>EA14</source_artifact_id><target_artifact_id>EA166</target_artifact_id></link>
<link><source_artifact_id>EA14</source_artifact_id><target_artifact_id>EA182</target_artifact_id></link>
<link><source_artifact_id>EA14</source_artifact_id><target_artifact_id>EA190</target_artifact_id></link>
<link><source_artifact_id>EA15</source_artifact_id><target_artifact_id>EA140</target_artifact_id></link>
<link><source_artifact_id>EA15</source_artifact_id><target_artifact_id>EA141</target_artifact_id></link>
<link><source_artifact_id>EA15</source_artifact_id><target_artifact_id>EA150</target_artifact_id></link>
<link><source_artifact_id>EA15</source_artifact_id><target_artifact_id>EA156</target_artifact_id></link>
<link><source_artifact_id>EA15</source_artifact_id><target_artifact_id>EA157</target_artifact_id></link>
<link><source_artifact_id>EA15</source_artifact_id><target_artifact_id>EA158</target_artifact_id></link>
<link><source_artifact_id>EA15</source_artifact_id><target_artifact_id>EA161</target_artifact_id></link>
<link><source_artifact_id>EA15</source_artifact_id><target_artifact_id>EA162</target_artifact_id></link>
<link><source_artifact_id>EA15</source_artifact_id><target_artifact_id>EA166</target_artifact_id></link>
<link><source_artifact_id>EA15</source_artifact_id><target_artifact_id>EA182</target_artifact_id></link>
<link><source_artifact_id>EA15</source_artifact_id><target_artifact_id>EA190</target_artifact_id></link>
<link><source_artifact_id>EA16</source_artifact_id><target_artifact_id>EA141</target_artifact_id></link>
<link><source_artifact_id>EA16</source_artifact_id><target_artifact_id>EA142</target_artifact_id></link>
<link><source_artifact_id>EA16</source_artifact_id><target_artifact_id>EA143</target_artifact_id></link>
<link><source_artifact_id>EA16</source_artifact_id><target_artifact_id>EA150</target_artifact_id></link>
<link><source_artifact_id>EA16</source_artifact_id><target_artifact_id>EA151</target_artifact_id></link>
<link><source_artifact_id>EA16</source_artifact_id><target_artifact_id>EA156</target_artifact_id></link>
<link><source_artifact_id>EA16</source_artifact_id><target_artifact_id>EA157</target_artifact_id></link>
<link><source_artifact_id>EA16</source_artifact_id><target_artifact_id>EA166</target_artifact_id></link>
<link><source_artifact_id>EA16</source_artifact_id><target_artifact_id>EA179</target_artifact_id></link>
<link><source_artifact_id>EA16</source_artifact_id><target_artifact_id>EA180</target_artifact_id></link>
<link><source_artifact_id>EA16</source_artifact_id><target_artifact_id>EA186</target_artifact_id></link>
<link><source_artifact_id>EA16</source_artifact_id><target_artifact_id>EA188</target_artifact_id></link>
<link><source_artifact_id>EA17</source_artifact_id><target_artifact_id>EA140</target_artifact_id></link>
<link><source_artifact_id>EA17</source_artifact_id><target_artifact_id>EA141</target_artifact_id></link>
<link><source_artifact_id>EA17</source_artifact_id><target_artifact_id>EA146</target_artifact_id></link>
<link><source_artifact_id>EA17</source_artifact_id><target_artifact_id>EA147</target_artifact_id></link>
<link><source_artifact_id>EA17</source_artifact_id><target_artifact_id>EA150</target_artifact_id></link>
<link><source_artifact_id>EA17</source_artifact_id><target_artifact_id>EA154</target_artifact_id></link>
<link><source_artifact_id>EA17</source_artifact_id><target_artifact_id>EA156</target_artifact_id></link>
<link><source_artifact_id>EA17</source_artifact_id><target_artifact_id>EA157</target_artifact_id></link>
<link><source_artifact_id>EA17</source_artifact_id><target_artifact_id>EA166</target_artifact_id></link>
<link><source_artifact_id>EA17</source_artifact_id><target_artifact_id>EA179</target_artifact_id></link>
<link><source_artifact_id>EA17</source_artifact_id><target_artifact_id>EA181</target_artifact_id></link>
<link><source_artifact_id>EA17</source_artifact_id><target_artifact_id>EA186</target_artifact_id></link>
<link><source_artifact_id>EA18</source_artifact_id><target_artifact_id>EA140</target_artifact_id></link>
<link><source_artifact_id>EA18</source_artifact_id><target_artifact_id>EA141</target_artifact_id></link>
<link><source_artifact_id>EA18</source_artifact_id><target_artifact_id>EA150</target_artifact_id></link>
<link><source_artifact_id>EA18</source_artifact_id><target_artifact_id>EA156</target_artifact_id></link>
<link><source_artifact_id>EA18</source_artifact_id><target_artifact_id>EA157</target_artifact_id></link>
<link><source_artifact_id>EA18</source_artifact_id><target_artifact_id>EA158</target_artifact_id></link>
<link><source_artifact_id>EA18</source_artifact_id><target_artifact_id>EA161</target_artifact_id></link>
<link><source_artifact_id>EA18</source_artifact_id><target_artifact_id>EA162</target_artifact_id></link>
<link><source_artifact_id>EA18</source_artifact_id><target_artifact_id>EA166</target_artifact_id></link>
<link><source_artifact_id>EA18</source_artifact_id><target_artifact_id>EA179</target_artifact_id></link>
<link><source_artifact_id>EA18</source_artifact_id><target_artifact_id>EA190</target_artifact_id></link>
<link><source_artifact_id>EA19</source_artifact_id><target_artifact_id>EA140</target_artifact_id></link>
<link><source_artifact_id>EA19</source_artifact_id><target_artifact_id>EA141</target_artifact_id></link>
<link><source_artifact_id>EA19</source_artifact_id><target_artifact_id>EA144</target_artifact_id></link>
<link><source_artifact_id>EA19</source_artifact_id><target_artifact_id>EA145</target_artifact_id></link>
<link><source_artifact_id>EA19</source_artifact_id><target_artifact_id>EA146</target_artifact_id></link>
<link><source_artifact_id>EA19</source_artifact_id><target_artifact_id>EA147</target_artifact_id></link>
<link><source_artifact_id>EA19</source_artifact_id><target_artifact_id>EA150</target_artifact_id></link>
<link><source_artifact_id>EA19</source_artifact_id><target_artifact_id>EA153</target_artifact_id></link>
<link><source_artifact_id>EA19</source_artifact_id><target_artifact_id>EA154</target_artifact_id></link>
<link><source_artifact_id>EA19</source_artifact_id><target_artifact_id>EA156</target_artifact_id></link>
<link><source_artifact_id>EA19</source_artifact_id><target_artifact_id>EA157</target_artifact_id></link>
<link><source_artifact_id>EA19</source_artifact_id><target_artifact_id>EA166</target_artifact_id></link>
<link><source_artifact_id>EA19</source_artifact_id><target_artifact_id>EA186</target_artifact_id></link>
<link><source_artifact_id>EA19</source_artifact_id><target_artifact_id>EA189</target_artifact_id></link>
<link><source_artifact_id>EA20</source_artifact_id><target_artifact_id>EA141</target_artifact_id></link>
<link><source_artifact_id>EA20</source_artifact_id><target_artifact_id>EA142</target_artifact_id></link>
<link><source_artifact_id>EA20</source_artifact_id><target_artifact_id>EA143</target_artifact_id></link>
<link><source_artifact_id>EA20</source_artifact_id><target_artifact_id>EA150</target_artifact_id></link>
<link><source_artifact_id>EA20</source_artifact_id><target_artifact_id>EA151</target_artifact_id></link>
<link><source_artifact_id>EA20</source_artifact_id><target_artifact_id>EA156</target_artifact_id></link>
<link><source_artifact_id>EA20</source_artifact_id><target_artifact_id>EA157</target_artifact_id></link>
<link><source_artifact_id>EA20</source_artifact_id><target_artifact_id>EA166</target_artifact_id></link>
<link><source_artifact_id>EA20</source_artifact_id><target_artifact_id>EA186</target_artifact_id></link>
<link><source_artifact_id>EA21</source_artifact_id><target_artifact_id>EA140</target_artifact_id></link>
<link><source_artifact_id>EA21</source_artifact_id><target_artifact_id>EA141</target_artifact_id></link>
<link><source_artifact_id>EA21</source_artifact_id><target_artifact_id>EA144</target_artifact_id></link>
<link><source_artifact_id>EA21</source_artifact_id><target_artifact_id>EA145</target_artifact_id></link>
<link><source_artifact_id>EA21</source_artifact_id><target_artifact_id>EA146</target_artifact_id></link>
<link><source_artifact_id>EA21</source_artifact_id><target_artifact_id>EA147</target_artifact_id></link>
<link><source_artifact_id>EA21</source_artifact_id><target_artifact_id>EA150</target_artifact_id></link>
<link><source_artifact_id>EA21</source_artifact_id><target_artifact_id>EA153</target_artifact_id></link>
<link><source_artifact_id>EA21</source_artifact_id><target_artifact_id>EA154</target_artifact_id></link>
<link><source_artifact_id>EA21</source_artifact_id><target_artifact_id>EA156</target_artifact_id></link>
<link><source_artifact_id>EA21</source_artifact_id><target_artifact_id>EA157</target_artifact_id></link>
<link><source_artifact_id>EA21</source_artifact_id><target_artifact_id>EA159</target_artifact_id></link>
<link><source_artifact_id>EA21</source_artifact_id><target_artifact_id>EA163</target_artifact_id></link>
<link><source_artifact_id>EA21</source_artifact_id><target_artifact_id>EA164</target_artifact_id></link>
<link><source_artifact_id>EA21</source_artifact_id><target_artifact_id>EA166</target_artifact_id></link>
<link><source_artifact_id>EA21</source_artifact_id><target_artifact_id>EA187</target_artifact_id></link>
<link><source_artifact_id>EA21</source_artifact_id><target_artifact_id>EA189</target_artifact_id></link>
<link><source_artifact_id>EA22</source_artifact_id><target_artifact_id>EA140</target_artifact_id></link>
<link><source_artifact_id>EA22</source_artifact_id><target_artifact_id>EA141</target_artifact_id></link>
<link><source_artifact_id>EA22</source_artifact_id><target_artifact_id>EA144</target_artifact_id></link>
<link><source_artifact_id>EA22</source_artifact_id><target_artifact_id>EA145</target_artifact_id></link>
<link><source_artifact_id>EA22</source_artifact_id><target_artifact_id>EA146</target_artifact_id></link>
<link><source_artifact_id>EA22</source_artifact_id><target_artifact_id>EA147</target_artifact_id></link>
<link><source_artifact_id>EA22</source_artifact_id><target_artifact_id>EA150</target_artifact_id></link>
<link><source_artifact_id>EA22</source_artifact_id><target_artifact_id>EA153</target_artifact_id></link>
<link><source_artifact_id>EA22</source_artifact_id><target_artifact_id>EA154</target_artifact_id></link>
<link><source_artifact_id>EA22</source_artifact_id><target_artifact_id>EA156</target_artifact_id></link>
<link><source_artifact_id>EA22</source_artifact_id><target_artifact_id>EA157</target_artifact_id></link>
<link><source_artifact_id>EA22</source_artifact_id><target_artifact_id>EA159</target_artifact_id></link>
<link><source_artifact_id>EA22</source_artifact_id><target_artifact_id>EA163</target_artifact_id></link>
<link><source_artifact_id>EA22</source_artifact_id><target_artifact_id>EA164</target_artifact_id></link>
<link><source_artifact_id>EA22</source_artifact_id><target_artifact_id>EA166</target_artifact_id></link>
<link><source_artifact_id>EA22</source_artifact_id><target_artifact_id>EA189</target_artifact_id></link>
<link><source_artifact_id>EA23</source_artifact_id><target_artifact_id>EA156</target_artifact_id></link>
<link><source_artifact_id>EA23</source_artifact_id><target_artifact_id>EA157</target_artifact_id></link>
<link><source_artifact_id>EA23</source_artifact_id><target_artifact_id>EA158</target_artifact_id></link>
<link><source_artifact_id>EA23</source_artifact_id><target_artifact_id>EA161</target_artifact_id></link>
<link><source_artifact_id>EA23</source_artifact_id><target_artifact_id>EA162</target_artifact_id></link>
<link><source_artifact_id>EA23</source_artifact_id><target_artifact_id>EA190</target_artifact_id></link>
<link><source_artifact_id>EA24</source_artifact_id><target_artifact_id>EA144</target_artifact_id></link>
<link><source_artifact_id>EA24</source_artifact_id><target_artifact_id>EA145</target_artifact_id></link>
<link><source_artifact_id>EA24</source_artifact_id><target_artifact_id>EA146</target_artifact_id></link>
<link><source_artifact_id>EA24</source_artifact_id><target_artifact_id>EA147</target_artifact_id></link>
<link><source_artifact_id>EA24</source_artifact_id><target_artifact_id>EA148</target_artifact_id></link>
<link><source_artifact_id>EA24</source_artifact_id><target_artifact_id>EA149</target_artifact_id></link>
<link><source_artifact_id>EA24</source_artifact_id><target_artifact_id>EA152</target_artifact_id></link>
<link><source_artifact_id>EA24</source_artifact_id><target_artifact_id>EA153</target_artifact_id></link>
<link><source_artifact_id>EA24</source_artifact_id><target_artifact_id>EA154</target_artifact_id></link>
<link><source_artifact_id>EA24</source_artifact_id><target_artifact_id>EA155</target_artifact_id></link>
<link><source_artifact_id>EA24</source_artifact_id><target_artifact_id>EA156</target_artifact_id></link>
<link><source_artifact_id>EA24</source_artifact_id><target_artifact_id>EA157</target_artifact_id></link>
<link><source_artifact_id>EA24</source_artifact_id><target_artifact_id>EA159</target_artifact_id></link>
<link><source_artifact_id>EA24</source_artifact_id><target_artifact_id>EA160</target_artifact_id></link>
<link><source_artifact_id>EA24</source_artifact_id><target_artifact_id>EA163</target_artifact_id></link>
<link><source_artifact_id>EA24</source_artifact_id><target_artifact_id>EA164</target_artifact_id></link>
<link><source_artifact_id>EA24</source_artifact_id><target_artifact_id>EA165</target_artifact_id></link>
<link><source_artifact_id>EA24</source_artifact_id><target_artifact_id>EA166</target_artifact_id></link>
<link><source_artifact_id>EA24</source_artifact_id><target_artifact_id>EA167</target_artifact_id></link>
<link><source_artifact_id>EA24</source_artifact_id><target_artifact_id>EA168</target_artifact_id></link>
<link><source_artifact_id>EA24</source_artifact_id><target_artifact_id>EA170</target_artifact_id></link>
<link><source_artifact_id>EA24</source_artifact_id><target_artifact_id>EA181</target_artifact_id></link>
<link><source_artifact_id>EA24</source_artifact_id><target_artifact_id>EA183</target_artifact_id></link>
<link><source_artifact_id>EA24</source_artifact_id><target_artifact_id>EA191</target_artifact_id></link>
<link><source_artifact_id>EA24</source_artifact_id><target_artifact_id>EA192</target_artifact_id></link>
<link><source_artifact_id>EA24</source_artifact_id><target_artifact_id>EA193</target_artifact_id></link>
<link><source_artifact_id>EA24</source_artifact_id><target_artifact_id>EA194</target_artifact_id></link>
<link><source_artifact_id>EA25</source_artifact_id><target_artifact_id>EA144</target_artifact_id></link>
<link><source_artifact_id>EA25</source_artifact_id><target_artifact_id>EA145</target_artifact_id></link>
<link><source_artifact_id>EA25</source_artifact_id><target_artifact_id>EA146</target_artifact_id></link>
<link><source_artifact_id>EA25</source_artifact_id><target_artifact_id>EA147</target_artifact_id></link>
<link><source_artifact_id>EA25</source_artifact_id><target_artifact_id>EA148</target_artifact_id></link>
<link><source_artifact_id>EA25</source_artifact_id><target_artifact_id>EA149</target_artifact_id></link>
<link><source_artifact_id>EA25</source_artifact_id><target_artifact_id>EA152</target_artifact_id></link>
<link><source_artifact_id>EA25</source_artifact_id><target_artifact_id>EA153</target_artifact_id></link>
<link><source_artifact_id>EA25</source_artifact_id><target_artifact_id>EA154</target_artifact_id></link>
<link><source_artifact_id>EA25</source_artifact_id><target_artifact_id>EA155</target_artifact_id></link>
<link><source_artifact_id>EA25</source_artifact_id><target_artifact_id>EA156</target_artifact_id></link>
<link><source_artifact_id>EA25</source_artifact_id><target_artifact_id>EA157</target_artifact_id></link>
<link><source_artifact_id>EA25</source_artifact_id><target_artifact_id>EA159</target_artifact_id></link>
<link><source_artifact_id>EA25</source_artifact_id><target_artifact_id>EA160</target_artifact_id></link>
<link><source_artifact_id>EA25</source_artifact_id><target_artifact_id>EA163</target_artifact_id></link>
<link><source_artifact_id>EA25</source_artifact_id><target_artifact_id>EA164</target_artifact_id></link>
<link><source_artifact_id>EA25</source_artifact_id><target_artifact_id>EA165</target_artifact_id></link>
<link><source_artifact_id>EA25</source_artifact_id><target_artifact_id>EA166</target_artifact_id></link>
<link><source_artifact_id>EA25</source_artifact_id><target_artifact_id>EA167</target_artifact_id></link>
<link><source_artifact_id>EA25</source_artifact_id><target_artifact_id>EA168</target_artifact_id></link>
<link><source_artifact_id>EA25</source_artifact_id><target_artifact_id>EA170</target_artifact_id></link>
<link><source_artifact_id>EA25</source_artifact_id><target_artifact_id>EA181</target_artifact_id></link>
<link><source_artifact_id>EA25</source_artifact_id><target_artifact_id>EA183</target_artifact_id></link>
<link><source_artifact_id>EA25</source_artifact_id><target_artifact_id>EA191</target_artifact_id></link>
<link><source_artifact_id>EA25</source_artifact_id><target_artifact_id>EA192</target_artifact_id></link>
<link><source_artifact_id>EA25</source_artifact_id><target_artifact_id>EA193</target_artifact_id></link>
<link><source_artifact_id>EA25</source_artifact_id><target_artifact_id>EA194</target_artifact_id></link>
<link><source_artifact_id>EA26</source_artifact_id><target_artifact_id>EA144</target_artifact_id></link>
<link><source_artifact_id>EA26</source_artifact_id><target_artifact_id>EA145</target_artifact_id></link>
<link><source_artifact_id>EA26</source_artifact_id><target_artifact_id>EA146</target_artifact_id></link>
<link><source_artifact_id>EA26</source_artifact_id><target_artifact_id>EA147</target_artifact_id></link>
<link><source_artifact_id>EA26</source_artifact_id><target_artifact_id>EA149</target_artifact_id></link>
<link><source_artifact_id>EA26</source_artifact_id><target_artifact_id>EA153</target_artifact_id></link>
<link><source_artifact_id>EA26</source_artifact_id><target_artifact_id>EA154</target_artifact_id></link>
<link><source_artifact_id>EA26</source_artifact_id><target_artifact_id>EA155</target_artifact_id></link>
<link><source_artifact_id>EA26</source_artifact_id><target_artifact_id>EA156</target_artifact_id></link>
<link><source_artifact_id>EA26</source_artifact_id><target_artifact_id>EA157</target_artifact_id></link>
<link><source_artifact_id>EA26</source_artifact_id><target_artifact_id>EA159</target_artifact_id></link>
<link><source_artifact_id>EA26</source_artifact_id><target_artifact_id>EA160</target_artifact_id></link>
<link><source_artifact_id>EA26</source_artifact_id><target_artifact_id>EA163</target_artifact_id></link>
<link><source_artifact_id>EA26</source_artifact_id><target_artifact_id>EA164</target_artifact_id></link>
<link><source_artifact_id>EA26</source_artifact_id><target_artifact_id>EA165</target_artifact_id></link>
<link><source_artifact_id>EA26</source_artifact_id><target_artifact_id>EA166</target_artifact_id></link>
<link><source_artifact_id>EA26</source_artifact_id><target_artifact_id>EA167</target_artifact_id></link>
<link><source_artifact_id>EA26</source_artifact_id><target_artifact_id>EA170</target_artifact_id></link>
<link><source_artifact_id>EA26</source_artifact_id><target_artifact_id>EA191</target_artifact_id></link>
<link><source_artifact_id>EA26</source_artifact_id><target_artifact_id>EA192</target_artifact_id></link>
<link><source_artifact_id>EA26</source_artifact_id><target_artifact_id>EA193</target_artifact_id></link>
<link><source_artifact_id>EA26</source_artifact_id><target_artifact_id>EA194</target_artifact_id></link>
<link><source_artifact_id>EA27</source_artifact_id><target_artifact_id>EA144</target_artifact_id></link>
<link><source_artifact_id>EA27</source_artifact_id><target_artifact_id>EA145</target_artifact_id></link>
<link><source_artifact_id>EA27</source_artifact_id><target_artifact_id>EA146</target_artifact_id></link>
<link><source_artifact_id>EA27</source_artifact_id><target_artifact_id>EA147</target_artifact_id></link>
<link><source_artifact_id>EA27</source_artifact_id><target_artifact_id>EA153</target_artifact_id></link>
<link><source_artifact_id>EA27</source_artifact_id><target_artifact_id>EA154</target_artifact_id></link>
<link><source_artifact_id>EA27</source_artifact_id><target_artifact_id>EA155</target_artifact_id></link>
<link><source_artifact_id>EA27</source_artifact_id><target_artifact_id>EA156</target_artifact_id></link>
<link><source_artifact_id>EA27</source_artifact_id><target_artifact_id>EA157</target_artifact_id></link>
<link><source_artifact_id>EA27</source_artifact_id><target_artifact_id>EA160</target_artifact_id></link>
<link><source_artifact_id>EA27</source_artifact_id><target_artifact_id>EA165</target_artifact_id></link>
<link><source_artifact_id>EA27</source_artifact_id><target_artifact_id>EA166</target_artifact_id></link>
<link><source_artifact_id>EA27</source_artifact_id><target_artifact_id>EA194</target_artifact_id></link>
<link><source_artifact_id>EA28</source_artifact_id><target_artifact_id>EA144</target_artifact_id></link>
<link><source_artifact_id>EA28</source_artifact_id><target_artifact_id>EA145</target_artifact_id></link>
<link><source_artifact_id>EA28</source_artifact_id><target_artifact_id>EA146</target_artifact_id></link>
<link><source_artifact_id>EA28</source_artifact_id><target_artifact_id>EA147</target_artifact_id></link>
<link><source_artifact_id>EA28</source_artifact_id><target_artifact_id>EA153</target_artifact_id></link>
<link><source_artifact_id>EA28</source_artifact_id><target_artifact_id>EA154</target_artifact_id></link>
<link><source_artifact_id>EA28</source_artifact_id><target_artifact_id>EA155</target_artifact_id></link>
<link><source_artifact_id>EA28</source_artifact_id><target_artifact_id>EA156</target_artifact_id></link>
<link><source_artifact_id>EA28</source_artifact_id><target_artifact_id>EA157</target_artifact_id></link>
<link><source_artifact_id>EA28</source_artifact_id><target_artifact_id>EA160</target_artifact_id></link>
<link><source_artifact_id>EA28</source_artifact_id><target_artifact_id>EA165</target_artifact_id></link>
<link><source_artifact_id>EA28</source_artifact_id><target_artifact_id>EA166</target_artifact_id></link>
<link><source_artifact_id>EA28</source_artifact_id><target_artifact_id>EA194</target_artifact_id></link>
<link><source_artifact_id>EA29</source_artifact_id><target_artifact_id>EA144</target_artifact_id></link>
<link><source_artifact_id>EA29</source_artifact_id><target_artifact_id>EA145</target_artifact_id></link>
<link><source_artifact_id>EA29</source_artifact_id><target_artifact_id>EA146</target_artifact_id></link>
<link><source_artifact_id>EA29</source_artifact_id><target_artifact_id>EA147</target_artifact_id></link>
<link><source_artifact_id>EA29</source_artifact_id><target_artifact_id>EA153</target_artifact_id></link>
<link><source_artifact_id>EA29</source_artifact_id><target_artifact_id>EA154</target_artifact_id></link>
<link><source_artifact_id>EA29</source_artifact_id><target_artifact_id>EA155</target_artifact_id></link>
<link><source_artifact_id>EA29</source_artifact_id><target_artifact_id>EA156</target_artifact_id></link>
<link><source_artifact_id>EA29</source_artifact_id><target_artifact_id>EA157</target_artifact_id></link>
<link><source_artifact_id>EA29</source_artifact_id><target_artifact_id>EA160</target_artifact_id></link>
<link><source_artifact_id>EA29</source_artifact_id><target_artifact_id>EA165</target_artifact_id></link>
<link><source_artifact_id>EA29</source_artifact_id><target_artifact_id>EA166</target_artifact_id></link>
<link><source_artifact_id>EA29</source_artifact_id><target_artifact_id>EA194</target_artifact_id></link>
<link><source_artifact_id>EA30</source_artifact_id><target_artifact_id>EA144</target_artifact_id></link>
<link><source_artifact_id>EA30</source_artifact_id><target_artifact_id>EA145</target_artifact_id></link>
<link><source_artifact_id>EA30</source_artifact_id><target_artifact_id>EA146</target_artifact_id></link>
<link><source_artifact_id>EA30</source_artifact_id><target_artifact_id>EA147</target_artifact_id></link>
<link><source_artifact_id>EA30</source_artifact_id><target_artifact_id>EA153</target_artifact_id></link>
<link><source_artifact_id>EA30</source_artifact_id><target_artifact_id>EA154</target_artifact_id></link>
<link><source_artifact_id>EA30</source_artifact_id><target_artifact_id>EA156</target_artifact_id></link>
<link><source_artifact_id>EA30</source_artifact_id><target_artifact_id>EA157</target_artifact_id></link>
<link><source_artifact_id>EA30</source_artifact_id><target_artifact_id>EA159</target_artifact_id></link>
<link><source_artifact_id>EA30</source_artifact_id><target_artifact_id>EA160</target_artifact_id></link>
<link><source_artifact_id>EA30</source_artifact_id><target_artifact_id>EA163</target_artifact_id></link>
<link><source_artifact_id>EA30</source_artifact_id><target_artifact_id>EA164</target_artifact_id></link>
<link><source_artifact_id>EA30</source_artifact_id><target_artifact_id>EA165</target_artifact_id></link>
<link><source_artifact_id>EA30</source_artifact_id><target_artifact_id>EA166</target_artifact_id></link>
<link><source_artifact_id>EA30</source_artifact_id><target_artifact_id>EA192</target_artifact_id></link>
<link><source_artifact_id>EA31</source_artifact_id><target_artifact_id>EA144</target_artifact_id></link>
<link><source_artifact_id>EA31</source_artifact_id><target_artifact_id>EA145</target_artifact_id></link>
<link><source_artifact_id>EA31</source_artifact_id><target_artifact_id>EA146</target_artifact_id></link>
<link><source_artifact_id>EA31</source_artifact_id><target_artifact_id>EA147</target_artifact_id></link>
<link><source_artifact_id>EA31</source_artifact_id><target_artifact_id>EA153</target_artifact_id></link>
<link><source_artifact_id>EA31</source_artifact_id><target_artifact_id>EA154</target_artifact_id></link>
<link><source_artifact_id>EA31</source_artifact_id><target_artifact_id>EA156</target_artifact_id></link>
<link><source_artifact_id>EA31</source_artifact_id><target_artifact_id>EA157</target_artifact_id></link>
<link><source_artifact_id>EA31</source_artifact_id><target_artifact_id>EA159</target_artifact_id></link>
<link><source_artifact_id>EA31</source_artifact_id><target_artifact_id>EA160</target_artifact_id></link>
<link><source_artifact_id>EA31</source_artifact_id><target_artifact_id>EA163</target_artifact_id></link>
<link><source_artifact_id>EA31</source_artifact_id><target_artifact_id>EA164</target_artifact_id></link>
<link><source_artifact_id>EA31</source_artifact_id><target_artifact_id>EA165</target_artifact_id></link>
<link><source_artifact_id>EA31</source_artifact_id><target_artifact_id>EA166</target_artifact_id></link>
<link><source_artifact_id>EA31</source_artifact_id><target_artifact_id>EA191</target_artifact_id></link>
<link><source_artifact_id>EA31</source_artifact_id><target_artifact_id>EA192</target_artifact_id></link>
<link><source_artifact_id>EA32</source_artifact_id><target_artifact_id>EA144</target_artifact_id></link>
<link><source_artifact_id>EA32</source_artifact_id><target_artifact_id>EA145</target_artifact_id></link>
<link><source_artifact_id>EA32</source_artifact_id><target_artifact_id>EA146</target_artifact_id></link>
<link><source_artifact_id>EA32</source_artifact_id><target_artifact_id>EA147</target_artifact_id></link>
<link><source_artifact_id>EA32</source_artifact_id><target_artifact_id>EA153</target_artifact_id></link>
<link><source_artifact_id>EA32</source_artifact_id><target_artifact_id>EA154</target_artifact_id></link>
<link><source_artifact_id>EA32</source_artifact_id><target_artifact_id>EA156</target_artifact_id></link>
<link><source_artifact_id>EA32</source_artifact_id><target_artifact_id>EA157</target_artifact_id></link>
<link><source_artifact_id>EA32</source_artifact_id><target_artifact_id>EA159</target_artifact_id></link>
<link><source_artifact_id>EA32</source_artifact_id><target_artifact_id>EA160</target_artifact_id></link>
<link><source_artifact_id>EA32</source_artifact_id><target_artifact_id>EA163</target_artifact_id></link>
<link><source_artifact_id>EA32</source_artifact_id><target_artifact_id>EA164</target_artifact_id></link>
<link><source_artifact_id>EA32</source_artifact_id><target_artifact_id>EA165</target_artifact_id></link>
<link><source_artifact_id>EA32</source_artifact_id><target_artifact_id>EA166</target_artifact_id></link>
<link><source_artifact_id>EA32</source_artifact_id><target_artifact_id>EA191</target_artifact_id></link>
<link><source_artifact_id>EA32</source_artifact_id><target_artifact_id>EA192</target_artifact_id></link>
<link><source_artifact_id>EA33</source_artifact_id><target_artifact_id>EA149</target_artifact_id></link>
<link><source_artifact_id>EA33</source_artifact_id><target_artifact_id>EA166</target_artifact_id></link>
<link><source_artifact_id>EA33</source_artifact_id><target_artifact_id>EA169</target_artifact_id></link>
<link><source_artifact_id>EA34</source_artifact_id><target_artifact_id>EA149</target_artifact_id></link>
<link><source_artifact_id>EA34</source_artifact_id><target_artifact_id>EA166</target_artifact_id></link>
<link><source_artifact_id>EA34</source_artifact_id><target_artifact_id>EA169</target_artifact_id></link>
<link><source_artifact_id>EA36</source_artifact_id><target_artifact_id>EA144</target_artifact_id></link>
<link><source_artifact_id>EA36</source_artifact_id><target_artifact_id>EA145</target_artifact_id></link>
<link><source_artifact_id>EA36</source_artifact_id><target_artifact_id>EA146</target_artifact_id></link>
<link><source_artifact_id>EA36</source_artifact_id><target_artifact_id>EA147</target_artifact_id></link>
<link><source_artifact_id>EA36</source_artifact_id><target_artifact_id>EA153</target_artifact_id></link>
<link><source_artifact_id>EA36</source_artifact_id><target_artifact_id>EA154</target_artifact_id></link>
<link><source_artifact_id>EA36</source_artifact_id><target_artifact_id>EA156</target_artifact_id></link>
<link><source_artifact_id>EA36</source_artifact_id><target_artifact_id>EA157</target_artifact_id></link>
<link><source_artifact_id>EA36</source_artifact_id><target_artifact_id>EA159</target_artifact_id></link>
<link><source_artifact_id>EA36</source_artifact_id><target_artifact_id>EA163</target_artifact_id></link>
<link><source_artifact_id>EA36</source_artifact_id><target_artifact_id>EA164</target_artifact_id></link>
<link><source_artifact_id>EA36</source_artifact_id><target_artifact_id>EA166</target_artifact_id></link>
<link><source_artifact_id>EA36</source_artifact_id><target_artifact_id>EA193</target_artifact_id></link>
<link><source_artifact_id>EA37</source_artifact_id><target_artifact_id>EA144</target_artifact_id></link>
<link><source_artifact_id>EA37</source_artifact_id><target_artifact_id>EA145</target_artifact_id></link>
<link><source_artifact_id>EA37</source_artifact_id><target_artifact_id>EA146</target_artifact_id></link>
<link><source_artifact_id>EA37</source_artifact_id><target_artifact_id>EA147</target_artifact_id></link>
<link><source_artifact_id>EA37</source_artifact_id><target_artifact_id>EA153</target_artifact_id></link>
<link><source_artifact_id>EA37</source_artifact_id><target_artifact_id>EA154</target_artifact_id></link>
<link><source_artifact_id>EA37</source_artifact_id><target_artifact_id>EA156</target_artifact_id></link>
<link><source_artifact_id>EA37</source_artifact_id><target_artifact_id>EA157</target_artifact_id></link>
<link><source_artifact_id>EA37</source_artifact_id><target_artifact_id>EA159</target_artifact_id></link>
<link><source_artifact_id>EA37</source_artifact_id><target_artifact_id>EA160</target_artifact_id></link>
<link><source_artifact_id>EA37</source_artifact_id><target_artifact_id>EA163</target_artifact_id></link>
<link><source_artifact_id>EA37</source_artifact_id><target_artifact_id>EA164</target_artifact_id></link>
<link><source_artifact_id>EA37</source_artifact_id><target_artifact_id>EA165</target_artifact_id></link>
<link><source_artifact_id>EA37</source_artifact_id><target_artifact_id>EA166</target_artifact_id></link>
<link><source_artifact_id>EA37</source_artifact_id><target_artifact_id>EA192</target_artifact_id></link>
<link><source_artifact_id>EA38</source_artifact_id><target_artifact_id>EA144</target_artifact_id></link>
<link><source_artifact_id>EA38</source_artifact_id><target_artifact_id>EA145</target_artifact_id></link>
<link><source_artifact_id>EA38</source_artifact_id><target_artifact_id>EA146</target_artifact_id></link>
<link><source_artifact_id>EA38</source_artifact_id><target_artifact_id>EA147</target_artifact_id></link>
<link><source_artifact_id>EA38</source_artifact_id><target_artifact_id>EA153</target_artifact_id></link>
<link><source_artifact_id>EA38</source_artifact_id><target_artifact_id>EA154</target_artifact_id></link>
<link><source_artifact_id>EA38</source_artifact_id><target_artifact_id>EA156</target_artifact_id></link>
<link><source_artifact_id>EA38</source_artifact_id><target_artifact_id>EA157</target_artifact_id></link>
<link><source_artifact_id>EA38</source_artifact_id><target_artifact_id>EA159</target_artifact_id></link>
<link><source_artifact_id>EA38</source_artifact_id><target_artifact_id>EA160</target_artifact_id></link>
<link><source_artifact_id>EA38</source_artifact_id><target_artifact_id>EA163</target_artifact_id></link>
<link><source_artifact_id>EA38</source_artifact_id><target_artifact_id>EA164</target_artifact_id></link>
<link><source_artifact_id>EA38</source_artifact_id><target_artifact_id>EA165</target_artifact_id></link>
<link><source_artifact_id>EA38</source_artifact_id><target_artifact_id>EA166</target_artifact_id></link>
<link><source_artifact_id>EA38</source_artifact_id><target_artifact_id>EA192</target_artifact_id></link>
<link><source_artifact_id>EA41</source_artifact_id><target_artifact_id>EA144</target_artifact_id></link>
<link><source_artifact_id>EA41</source_artifact_id><target_artifact_id>EA145</target_artifact_id></link>
<link><source_artifact_id>EA41</source_artifact_id><target_artifact_id>EA146</target_artifact_id></link>
<link><source_artifact_id>EA41</source_artifact_id><target_artifact_id>EA147</target_artifact_id></link>
<link><source_artifact_id>EA41</source_artifact_id><target_artifact_id>EA153</target_artifact_id></link>
<link><source_artifact_id>EA41</source_artifact_id><target_artifact_id>EA154</target_artifact_id></link>
<link><source_artifact_id>EA41</source_artifact_id><target_artifact_id>EA156</target_artifact_id></link>
<link><source_artifact_id>EA41</source_artifact_id><target_artifact_id>EA157</target_artifact_id></link>
<link><source_artifact_id>EA41</source_artifact_id><target_artifact_id>EA160</target_artifact_id></link>
<link><source_artifact_id>EA41</source_artifact_id><target_artifact_id>EA165</target_artifact_id></link>
<link><source_artifact_id>EA41</source_artifact_id><target_artifact_id>EA166</target_artifact_id></link>
<link><source_artifact_id>EA41</source_artifact_id><target_artifact_id>EA191</target_artifact_id></link>
<link><source_artifact_id>EA41</source_artifact_id><target_artifact_id>EA194</target_artifact_id></link>
<link><source_artifact_id>EA138</source_artifact_id><target_artifact_id>EA140</target_artifact_id></link>
<link><source_artifact_id>EA138</source_artifact_id><target_artifact_id>EA141</target_artifact_id></link>
<link><source_artifact_id>EA138</source_artifact_id><target_artifact_id>EA142</target_artifact_id></link>
<link><source_artifact_id>EA138</source_artifact_id><target_artifact_id>EA143</target_artifact_id></link>
<link><source_artifact_id>EA138</source_artifact_id><target_artifact_id>EA144</target_artifact_id></link>
<link><source_artifact_id>EA138</source_artifact_id><target_artifact_id>EA145</target_artifact_id></link>
<link><source_artifact_id>EA138</source_artifact_id><target_artifact_id>EA146</target_artifact_id></link>
<link><source_artifact_id>EA138</source_artifact_id><target_artifact_id>EA147</target_artifact_id></link>
<link><source_artifact_id>EA138</source_artifact_id><target_artifact_id>EA148</target_artifact_id></link>
<link><source_artifact_id>EA138</source_artifact_id><target_artifact_id>EA149</target_artifact_id></link>
<link><source_artifact_id>EA138</source_artifact_id><target_artifact_id>EA150</target_artifact_id></link>
<link><source_artifact_id>EA138</source_artifact_id><target_artifact_id>EA151</target_artifact_id></link>
<link><source_artifact_id>EA138</source_artifact_id><target_artifact_id>EA152</target_artifact_id></link>
<link><source_artifact_id>EA138</source_artifact_id><target_artifact_id>EA153</target_artifact_id></link>
<link><source_artifact_id>EA138</source_artifact_id><target_artifact_id>EA154</target_artifact_id></link>
<link><source_artifact_id>EA138</source_artifact_id><target_artifact_id>EA155</target_artifact_id></link>
<link><source_artifact_id>EA138</source_artifact_id><target_artifact_id>EA156</target_artifact_id></link>
<link><source_artifact_id>EA138</source_artifact_id><target_artifact_id>EA157</target_artifact_id></link>
<link><source_artifact_id>EA138</source_artifact_id><target_artifact_id>EA158</target_artifact_id></link>
<link><source_artifact_id>EA138</source_artifact_id><target_artifact_id>EA159</target_artifact_id></link>
<link><source_artifact_id>EA138</source_artifact_id><target_artifact_id>EA160</target_artifact_id></link>
<link><source_artifact_id>EA138</source_artifact_id><target_artifact_id>EA161</target_artifact_id></link>
<link><source_artifact_id>EA138</source_artifact_id><target_artifact_id>EA162</target_artifact_id></link>
<link><source_artifact_id>EA138</source_artifact_id><target_artifact_id>EA163</target_artifact_id></link>
<link><source_artifact_id>EA138</source_artifact_id><target_artifact_id>EA164</target_artifact_id></link>
<link><source_artifact_id>EA138</source_artifact_id><target_artifact_id>EA165</target_artifact_id></link>
<link><source_artifact_id>EA138</source_artifact_id><target_artifact_id>EA166</target_artifact_id></link>
<link><source_artifact_id>EA138</source_artifact_id><target_artifact_id>EA167</target_artifact_id></link>
<link><source_artifact_id>EA138</source_artifact_id><target_artifact_id>EA168</target_artifact_id></link>
<link><source_artifact_id>EA138</source_artifact_id><target_artifact_id>EA169</target_artifact_id></link>
<link><source_artifact_id>EA138</source_artifact_id><target_artifact_id>EA170</target_artifact_id></link>
<link><source_artifact_id>EA138</source_artifact_id><target_artifact_id>EA171</target_artifact_id></link>
<link><source_artifact_id>EA138</source_artifact_id><target_artifact_id>EA172</target_artifact_id></link>
<link><source_artifact_id>EA138</source_artifact_id><target_artifact_id>EA173</target_artifact_id></link>
<link><source_artifact_id>EA138</source_artifact_id><target_artifact_id>EA174</target_artifact_id></link>
<link><source_artifact_id>EA138</source_artifact_id><target_artifact_id>EA175</target_artifact_id></link>
<link><source_artifact_id>EA138</source_artifact_id><target_artifact_id>EA176</target_artifact_id></link>
<link><source_artifact_id>EA138</source_artifact_id><target_artifact_id>EA177</target_artifact_id></link>
<link><source_artifact_id>EA138</source_artifact_id><target_artifact_id>EA178</target_artifact_id></link>
<link><source_artifact_id>EA138</source_artifact_id><target_artifact_id>EA179</target_artifact_id></link>
<link><source_artifact_id>EA138</source_artifact_id><target_artifact_id>EA180</target_artifact_id></link>
<link><source_artifact_id>EA138</source_artifact_id><target_artifact_id>EA181</target_artifact_id></link>
<link><source_artifact_id>EA138</source_artifact_id><target_artifact_id>EA182</target_artifact_id></link>
<link><source_artifact_id>EA138</source_artifact_id><target_artifact_id>EA183</target_artifact_id></link>
<link><source_artifact_id>EA138</source_artifact_id><target_artifact_id>EA184</target_artifact_id></link>
<link><source_artifact_id>EA138</source_artifact_id><target_artifact_id>EA185</target_artifact_id></link>
<link><source_artifact_id>EA138</source_artifact_id><target_artifact_id>EA186</target_artifact_id></link>
<link><source_artifact_id>EA138</source_artifact_id><target_artifact_id>EA187</target_artifact_id></link>
<link><source_artifact_id>EA138</source_artifact_id><target_artifact_id>EA188</target_artifact_id></link>
<link><source_artifact_id>EA138</source_artifact_id><target_artifact_id>EA189</target_artifact_id></link>
<link><source_artifact_id>EA138</source_artifact_id><target_artifact_id>EA190</target_artifact_id></link>
<link><source_artifact_id>EA138</source_artifact_id><target_artifact_id>EA191</target_artifact_id></link>
<link><source_artifact_id>EA138</source_artifact_id><target_artifact_id>EA192</target_artifact_id></link>
<link><source_artifact_id>EA138</source_artifact_id><target_artifact_id>EA193</target_artifact_id></link>
<link><source_artifact_id>EA138</source_artifact_id><target_artifact_id>EA194</target_artifact_id></link>
</links>
</answer_set>
