<?xml version="1.0" encoding="utf-8"?>
<answer_set>
<answer_info>
	<source_artifacts_collection>UC</source_artifacts_collection>
	<target_artifacts_collection>CC</target_artifacts_collection>
</answer_info>
<links>
<link><source_artifact_id>UC1</source_artifact_id><target_artifact_id>GestioneBeniCulturaliAgenzia</target_artifact_id></link>
<link><source_artifact_id>UC1</source_artifact_id><target_artifact_id>DBBeneCulturale</target_artifact_id></link>
<link><source_artifact_id>UC1</source_artifact_id><target_artifact_id>IDBBeneCulturale</target_artifact_id></link>
<link><source_artifact_id>UC1</source_artifact_id><target_artifact_id>BeniCulturali</target_artifact_id></link>
<link><source_artifact_id>UC2</source_artifact_id><target_artifact_id>DBBeneCulturale</target_artifact_id></link>
<link><source_artifact_id>UC2</source_artifact_id><target_artifact_id>IGestioneBeniCulturaliAgenzia</target_artifact_id></link>
<link><source_artifact_id>UC2</source_artifact_id><target_artifact_id>GestioneBeniCulturaliAgenzia</target_artifact_id></link>
<link><source_artifact_id>UC2</source_artifact_id><target_artifact_id>ControlloBeniCulturali</target_artifact_id></link>
<link><source_artifact_id>UC2</source_artifact_id><target_artifact_id>BeanBeneCulturale</target_artifact_id></link>
<link><source_artifact_id>UC2</source_artifact_id><target_artifact_id>BeniCulturali</target_artifact_id></link>
<link><source_artifact_id>UC3</source_artifact_id><target_artifact_id>DBBeneCulturale</target_artifact_id></link>
<link><source_artifact_id>UC3</source_artifact_id><target_artifact_id>IGestioneBeniCulturaliAgenzia</target_artifact_id></link>
<link><source_artifact_id>UC3</source_artifact_id><target_artifact_id>GestioneBeniCulturaliAgenzia</target_artifact_id></link>
<link><source_artifact_id>UC3</source_artifact_id><target_artifact_id>ControlloBeniCulturali</target_artifact_id></link>
<link><source_artifact_id>UC3</source_artifact_id><target_artifact_id>BeanBeneCulturale</target_artifact_id></link>
<link><source_artifact_id>UC3</source_artifact_id><target_artifact_id>BeniCulturali</target_artifact_id></link>
<link><source_artifact_id>UC4</source_artifact_id><target_artifact_id>DBBeneCulturale</target_artifact_id></link>
<link><source_artifact_id>UC4</source_artifact_id><target_artifact_id>IGestioneBeniCulturaliAgenzia</target_artifact_id></link>
<link><source_artifact_id>UC4</source_artifact_id><target_artifact_id>GestioneBeniCulturaliAgenzia</target_artifact_id></link>
<link><source_artifact_id>UC4</source_artifact_id><target_artifact_id>Ricerca</target_artifact_id></link>
<link><source_artifact_id>UC4</source_artifact_id><target_artifact_id>RicercaStandard</target_artifact_id></link>
<link><source_artifact_id>UC4</source_artifact_id><target_artifact_id>RicercaAvanzata</target_artifact_id></link>
<link><source_artifact_id>UC4</source_artifact_id><target_artifact_id>BeanBeneCulturale</target_artifact_id></link>
<link><source_artifact_id>UC4</source_artifact_id><target_artifact_id>IRicerca</target_artifact_id></link>
<link><source_artifact_id>UC4</source_artifact_id><target_artifact_id>BeniCulturali</target_artifact_id></link>
<link><source_artifact_id>UC5</source_artifact_id><target_artifact_id>BeanBeneCulturale</target_artifact_id></link>
<link><source_artifact_id>UC5</source_artifact_id><target_artifact_id>IGestioneBeniCulturaliComune</target_artifact_id></link>
<link><source_artifact_id>UC5</source_artifact_id><target_artifact_id>GestioneBeniCulturaliComune</target_artifact_id></link>
<link><source_artifact_id>UC5</source_artifact_id><target_artifact_id>BeniCulturali</target_artifact_id></link>
<link><source_artifact_id>UC6</source_artifact_id><target_artifact_id>DBPuntoDiRistoro</target_artifact_id></link>
<link><source_artifact_id>UC6</source_artifact_id><target_artifact_id>GestionePuntiDiRistoroAgenzia</target_artifact_id></link>
<link><source_artifact_id>UC6</source_artifact_id><target_artifact_id>IGestionePuntiDiRistoroAgenzia</target_artifact_id></link>
<link><source_artifact_id>UC7</source_artifact_id><target_artifact_id>IDBConvenzione</target_artifact_id></link>
<link><source_artifact_id>UC7</source_artifact_id><target_artifact_id>GestionePuntiDiRistoroAgenzia</target_artifact_id></link>
<link><source_artifact_id>UC7</source_artifact_id><target_artifact_id>IGestionePuntiDiRistoroAgenzia</target_artifact_id></link>
<link><source_artifact_id>UC7</source_artifact_id><target_artifact_id>BeanConvenzione</target_artifact_id></link>
<link><source_artifact_id>UC8</source_artifact_id><target_artifact_id>DBPuntoDiRistoro</target_artifact_id></link>
<link><source_artifact_id>UC8</source_artifact_id><target_artifact_id>GestionePuntiDiRistoroAgenzia</target_artifact_id></link>
<link><source_artifact_id>UC8</source_artifact_id><target_artifact_id>IGestionePuntiDiRistoroAgenzia</target_artifact_id></link>
<link><source_artifact_id>UC8</source_artifact_id><target_artifact_id>ControlloDati</target_artifact_id></link>
<link><source_artifact_id>UC8</source_artifact_id><target_artifact_id>BeanPuntoDiRistoro</target_artifact_id></link>
<link><source_artifact_id>UC9</source_artifact_id><target_artifact_id>DBPuntoDiRistoro</target_artifact_id></link>
<link><source_artifact_id>UC9</source_artifact_id><target_artifact_id>GestionePuntiDiRistoroAgenzia</target_artifact_id></link>
<link><source_artifact_id>UC9</source_artifact_id><target_artifact_id>IGestionePuntiDiRistoroAgenzia</target_artifact_id></link>
<link><source_artifact_id>UC9</source_artifact_id><target_artifact_id>Ricerca</target_artifact_id></link>
<link><source_artifact_id>UC9</source_artifact_id><target_artifact_id>RicercaStandard</target_artifact_id></link>
<link><source_artifact_id>UC9</source_artifact_id><target_artifact_id>RicercaAvanzata</target_artifact_id></link>
<link><source_artifact_id>UC9</source_artifact_id><target_artifact_id>BeanPuntoDiRistoro</target_artifact_id></link>
<link><source_artifact_id>UC9</source_artifact_id><target_artifact_id>IRicerca</target_artifact_id></link>
<link><source_artifact_id>UC10</source_artifact_id><target_artifact_id>BeanPuntoDiRistoro</target_artifact_id></link>
<link><source_artifact_id>UC10</source_artifact_id><target_artifact_id>IGestionePuntiDiRistoroComune</target_artifact_id></link>
<link><source_artifact_id>UC10</source_artifact_id><target_artifact_id>GestionePuntiDiRistoroComune</target_artifact_id></link>
<link><source_artifact_id>UC10</source_artifact_id><target_artifact_id>IDBPuntoDiRistoro</target_artifact_id></link>
<link><source_artifact_id>UC10</source_artifact_id><target_artifact_id>DBPuntoDiRistoro</target_artifact_id></link>
<link><source_artifact_id>UC10</source_artifact_id><target_artifact_id>GestionePuntiDiRistoroAgenzia</target_artifact_id></link>
<link><source_artifact_id>UC10</source_artifact_id><target_artifact_id>IGestionePuntiDiRistoroAgenzia</target_artifact_id></link>
<link><source_artifact_id>UC11</source_artifact_id><target_artifact_id>IDBConvenzione</target_artifact_id></link>
<link><source_artifact_id>UC11</source_artifact_id><target_artifact_id>BeanConvenzione</target_artifact_id></link>
<link><source_artifact_id>UC12</source_artifact_id><target_artifact_id>Turisti</target_artifact_id></link>
<link><source_artifact_id>UC12</source_artifact_id><target_artifact_id>TuristiTableModel</target_artifact_id></link>
<link><source_artifact_id>UC12</source_artifact_id><target_artifact_id>BeanTurista</target_artifact_id></link>
<link><source_artifact_id>UC12</source_artifact_id><target_artifact_id>GestioneTuristaComune</target_artifact_id></link>
<link><source_artifact_id>UC13</source_artifact_id><target_artifact_id>IGestioneTuristiAgenzia</target_artifact_id></link>
<link><source_artifact_id>UC13</source_artifact_id><target_artifact_id>Turisti</target_artifact_id></link>
<link><source_artifact_id>UC13</source_artifact_id><target_artifact_id>DBTurista</target_artifact_id></link>
<link><source_artifact_id>UC13</source_artifact_id><target_artifact_id>IDBTurista</target_artifact_id></link>
<link><source_artifact_id>UC13</source_artifact_id><target_artifact_id>BeanTurista</target_artifact_id></link>
<link><source_artifact_id>UC14</source_artifact_id><target_artifact_id>IDBTurista</target_artifact_id></link>
<link><source_artifact_id>UC14</source_artifact_id><target_artifact_id>GestioneTuristiAgenzia</target_artifact_id></link>
<link><source_artifact_id>UC14</source_artifact_id><target_artifact_id>IGestioneTuristiAgenzia</target_artifact_id></link>
<link><source_artifact_id>UC14</source_artifact_id><target_artifact_id>RicercaAvanzata</target_artifact_id></link>
<link><source_artifact_id>UC14</source_artifact_id><target_artifact_id>BeanTurista</target_artifact_id></link>
<link><source_artifact_id>UC15</source_artifact_id><target_artifact_id>IDBTurista</target_artifact_id></link>
<link><source_artifact_id>UC15</source_artifact_id><target_artifact_id>GestioneTuristiAgenzia</target_artifact_id></link>
<link><source_artifact_id>UC15</source_artifact_id><target_artifact_id>IGestioneTuristiAgenzia</target_artifact_id></link>
<link><source_artifact_id>UC15</source_artifact_id><target_artifact_id>ControlloDati</target_artifact_id></link>
<link><source_artifact_id>UC15</source_artifact_id><target_artifact_id>BeanTurista</target_artifact_id></link>
<link><source_artifact_id>UC15</source_artifact_id><target_artifact_id>GestioneTuristaComune</target_artifact_id></link>
<link><source_artifact_id>UC16</source_artifact_id><target_artifact_id>IDBTurista</target_artifact_id></link>
<link><source_artifact_id>UC16</source_artifact_id><target_artifact_id>GestioneTuristiAgenzia</target_artifact_id></link>
<link><source_artifact_id>UC16</source_artifact_id><target_artifact_id>IGestioneTuristiAgenzia</target_artifact_id></link>
<link><source_artifact_id>UC16</source_artifact_id><target_artifact_id>BeanTurista</target_artifact_id></link>
<link><source_artifact_id>UC17</source_artifact_id><target_artifact_id>BannerNode</target_artifact_id></link>
<link><source_artifact_id>UC17</source_artifact_id><target_artifact_id>ControlloDati</target_artifact_id></link>
<link><source_artifact_id>UC17</source_artifact_id><target_artifact_id>IDBBanner</target_artifact_id></link>
<link><source_artifact_id>UC17</source_artifact_id><target_artifact_id>DBBanner</target_artifact_id></link>
<link><source_artifact_id>UC17</source_artifact_id><target_artifact_id>BeanBanner</target_artifact_id></link>
<link><source_artifact_id>UC17</source_artifact_id><target_artifact_id>IGestioneAdvertisement</target_artifact_id></link>
<link><source_artifact_id>UC17</source_artifact_id><target_artifact_id>GestioneAdvertisement</target_artifact_id></link>
<link><source_artifact_id>UC17</source_artifact_id><target_artifact_id>GestioneAdvertisementAgenzia</target_artifact_id></link>
<link><source_artifact_id>UC17</source_artifact_id><target_artifact_id>IGestioneAdvertisementAgenzia</target_artifact_id></link>
<link><source_artifact_id>UC17</source_artifact_id><target_artifact_id>ControlloDatiAdvertisement</target_artifact_id></link>
<link><source_artifact_id>UC17</source_artifact_id><target_artifact_id>CostantiGlobali</target_artifact_id></link>
<link><source_artifact_id>UC17</source_artifact_id><target_artifact_id>Banner</target_artifact_id></link>
<link><source_artifact_id>UC18</source_artifact_id><target_artifact_id>IGestioneAdvertisement</target_artifact_id></link>
<link><source_artifact_id>UC18</source_artifact_id><target_artifact_id>IDBBanner</target_artifact_id></link>
<link><source_artifact_id>UC18</source_artifact_id><target_artifact_id>DBBanner</target_artifact_id></link>
<link><source_artifact_id>UC18</source_artifact_id><target_artifact_id>BeanBanner</target_artifact_id></link>
<link><source_artifact_id>UC18</source_artifact_id><target_artifact_id>MessaggiErrore</target_artifact_id></link>
<link><source_artifact_id>UC19</source_artifact_id><target_artifact_id>DBBanner</target_artifact_id></link>
<link><source_artifact_id>UC19</source_artifact_id><target_artifact_id>GestioneAdvertisement</target_artifact_id></link>
<link><source_artifact_id>UC19</source_artifact_id><target_artifact_id>IGestioneAdvertisement</target_artifact_id></link>
<link><source_artifact_id>UC19</source_artifact_id><target_artifact_id>BeanBanner</target_artifact_id></link>
<link><source_artifact_id>UC19</source_artifact_id><target_artifact_id>GestioneAdvertisementAgenzia</target_artifact_id></link>
<link><source_artifact_id>UC19</source_artifact_id><target_artifact_id>IGestioneAdvertisementAgenzia</target_artifact_id></link>
<link><source_artifact_id>UC19</source_artifact_id><target_artifact_id>ControlloDatiAdvertisement</target_artifact_id></link>
<link><source_artifact_id>UC19</source_artifact_id><target_artifact_id>CostantiGlobali</target_artifact_id></link>
<link><source_artifact_id>UC19</source_artifact_id><target_artifact_id>Banner</target_artifact_id></link>
<link><source_artifact_id>UC20</source_artifact_id><target_artifact_id>BannerNode</target_artifact_id></link>
<link><source_artifact_id>UC20</source_artifact_id><target_artifact_id>ControlloDati</target_artifact_id></link>
<link><source_artifact_id>UC20</source_artifact_id><target_artifact_id>IDBBanner</target_artifact_id></link>
<link><source_artifact_id>UC20</source_artifact_id><target_artifact_id>DBBanner</target_artifact_id></link>
<link><source_artifact_id>UC20</source_artifact_id><target_artifact_id>GestioneAdvertisement</target_artifact_id></link>
<link><source_artifact_id>UC20</source_artifact_id><target_artifact_id>IGestioneAdvertisement</target_artifact_id></link>
<link><source_artifact_id>UC20</source_artifact_id><target_artifact_id>BeanBanner</target_artifact_id></link>
<link><source_artifact_id>UC20</source_artifact_id><target_artifact_id>GestioneAdvertisementAgenzia</target_artifact_id></link>
<link><source_artifact_id>UC20</source_artifact_id><target_artifact_id>IGestioneAdvertisementAgenzia</target_artifact_id></link>
<link><source_artifact_id>UC20</source_artifact_id><target_artifact_id>ControlloDatiAdvertisement</target_artifact_id></link>
<link><source_artifact_id>UC20</source_artifact_id><target_artifact_id>CostantiGlobali</target_artifact_id></link>
<link><source_artifact_id>UC20</source_artifact_id><target_artifact_id>Banner</target_artifact_id></link>
<link><source_artifact_id>UC21</source_artifact_id><target_artifact_id>IDBNews</target_artifact_id></link>
<link><source_artifact_id>UC21</source_artifact_id><target_artifact_id>GestioneAdvertisementAgenzia</target_artifact_id></link>
<link><source_artifact_id>UC21</source_artifact_id><target_artifact_id>IGestioneAdvertisementAgenzia</target_artifact_id></link>
<link><source_artifact_id>UC21</source_artifact_id><target_artifact_id>News</target_artifact_id></link>
<link><source_artifact_id>UC21</source_artifact_id><target_artifact_id>ControlloDati</target_artifact_id></link>
<link><source_artifact_id>UC21</source_artifact_id><target_artifact_id>BeanNews</target_artifact_id></link>
<link><source_artifact_id>UC21</source_artifact_id><target_artifact_id>ControlloDatiAdvertisement</target_artifact_id></link>
<link><source_artifact_id>UC22</source_artifact_id><target_artifact_id>IDBNews</target_artifact_id></link>
<link><source_artifact_id>UC22</source_artifact_id><target_artifact_id>GestioneAdvertisementAgenzia</target_artifact_id></link>
<link><source_artifact_id>UC22</source_artifact_id><target_artifact_id>IGestioneAdvertisementAgenzia</target_artifact_id></link>
<link><source_artifact_id>UC22</source_artifact_id><target_artifact_id>BeanNews</target_artifact_id></link>
<link><source_artifact_id>UC22</source_artifact_id><target_artifact_id>ControlloDatiAdvertisement</target_artifact_id></link>
<link><source_artifact_id>UC23</source_artifact_id><target_artifact_id>IDBNews</target_artifact_id></link>
<link><source_artifact_id>UC23</source_artifact_id><target_artifact_id>GestioneAdvertisementAgenzia</target_artifact_id></link>
<link><source_artifact_id>UC23</source_artifact_id><target_artifact_id>IGestioneAdvertisementAgenzia</target_artifact_id></link>
<link><source_artifact_id>UC23</source_artifact_id><target_artifact_id>News</target_artifact_id></link>
<link><source_artifact_id>UC23</source_artifact_id><target_artifact_id>ControlloDati</target_artifact_id></link>
<link><source_artifact_id>UC23</source_artifact_id><target_artifact_id>BeanNews</target_artifact_id></link>
<link><source_artifact_id>UC23</source_artifact_id><target_artifact_id>ControlloDatiAdvertisement</target_artifact_id></link>
<link><source_artifact_id>UC24</source_artifact_id><target_artifact_id>IGestioneBeniCulturaliAgenzia</target_artifact_id></link>
<link><source_artifact_id>UC24</source_artifact_id><target_artifact_id>GestionePuntiDiRistoroAgenzia</target_artifact_id></link>
<link><source_artifact_id>UC24</source_artifact_id><target_artifact_id>IGestionePuntiDiRistoroAgenzia</target_artifact_id></link>
<link><source_artifact_id>UC24</source_artifact_id><target_artifact_id>GestioneBeniCulturaliComune</target_artifact_id></link>
<link><source_artifact_id>UC24</source_artifact_id><target_artifact_id>GestionePuntiDiRistoroComune</target_artifact_id></link>
<link><source_artifact_id>UC24</source_artifact_id><target_artifact_id>IGestionePuntiDiRistoroComune</target_artifact_id></link>
<link><source_artifact_id>UC24</source_artifact_id><target_artifact_id>IGestioneBeniCulturaliComune</target_artifact_id></link>
<link><source_artifact_id>UC24</source_artifact_id><target_artifact_id>FeedBackTableModel</target_artifact_id></link>
<link><source_artifact_id>UC24</source_artifact_id><target_artifact_id>GestioneTuristiAgenzia</target_artifact_id></link>
<link><source_artifact_id>UC24</source_artifact_id><target_artifact_id>IGestioneTuristiAgenzia</target_artifact_id></link>
<link><source_artifact_id>UC25</source_artifact_id><target_artifact_id>GestionePuntiDiRistoroComune</target_artifact_id></link>
<link><source_artifact_id>UC25</source_artifact_id><target_artifact_id>GestioneBeniCulturaliAgenzia</target_artifact_id></link>
<link><source_artifact_id>UC25</source_artifact_id><target_artifact_id>IGestioneBeniCulturaliComune</target_artifact_id></link>
<link><source_artifact_id>UC26</source_artifact_id><target_artifact_id>BeanVisitaPR</target_artifact_id></link>
<link><source_artifact_id>UC26</source_artifact_id><target_artifact_id>FeedBackTableModel</target_artifact_id></link>
<link><source_artifact_id>UC27</source_artifact_id><target_artifact_id>IRicerca</target_artifact_id></link>
<link><source_artifact_id>UC28</source_artifact_id><target_artifact_id>IDBTag</target_artifact_id></link>
<link><source_artifact_id>UC28</source_artifact_id><target_artifact_id>GestioneTagOperatoreAgenzia</target_artifact_id></link>
<link><source_artifact_id>UC28</source_artifact_id><target_artifact_id>IGestioneTagOperatoreAgenzia</target_artifact_id></link>
<link><source_artifact_id>UC28</source_artifact_id><target_artifact_id>TAGTableModel</target_artifact_id></link>
<link><source_artifact_id>UC28</source_artifact_id><target_artifact_id>BeanTag</target_artifact_id></link>
<link><source_artifact_id>UC29</source_artifact_id><target_artifact_id>GestioneTagOperatoreAgenzia</target_artifact_id></link>
<link><source_artifact_id>UC30</source_artifact_id><target_artifact_id>GestioneTagOperatoreAgenzia</target_artifact_id></link>
<link><source_artifact_id>UC30</source_artifact_id><target_artifact_id>DBTag</target_artifact_id></link>
<link><source_artifact_id>UC30</source_artifact_id><target_artifact_id>IDBTag</target_artifact_id></link>
<link><source_artifact_id>UC30</source_artifact_id><target_artifact_id>BeanTag</target_artifact_id></link>
<link><source_artifact_id>UC31</source_artifact_id><target_artifact_id>DBOperatoreAgenzia</target_artifact_id></link>
<link><source_artifact_id>UC31</source_artifact_id><target_artifact_id>OperatoreAgenzia</target_artifact_id></link>
<link><source_artifact_id>UC31</source_artifact_id><target_artifact_id>IDBOperatoreAgenzia</target_artifact_id></link>
<link><source_artifact_id>UC32</source_artifact_id><target_artifact_id>DBOperatoreAgenzia</target_artifact_id></link>
<link><source_artifact_id>UC32</source_artifact_id><target_artifact_id>OperatoreAgenzia</target_artifact_id></link>
<link><source_artifact_id>UC33</source_artifact_id><target_artifact_id>ControlloDati</target_artifact_id></link>
<link><source_artifact_id>UC33</source_artifact_id><target_artifact_id>IDBTurista</target_artifact_id></link>
<link><source_artifact_id>UC33</source_artifact_id><target_artifact_id>DBTurista</target_artifact_id></link>
<link><source_artifact_id>UC33</source_artifact_id><target_artifact_id>IGestioneTuristaClient</target_artifact_id></link>
<link><source_artifact_id>UC33</source_artifact_id><target_artifact_id>GestioneTuristaClient</target_artifact_id></link>
<link><source_artifact_id>UC33</source_artifact_id><target_artifact_id>SchedaTurista</target_artifact_id></link>
<link><source_artifact_id>UC34</source_artifact_id><target_artifact_id>IRicerca</target_artifact_id></link>
<link><source_artifact_id>UC34</source_artifact_id><target_artifact_id>GestioneBeniCulturaliComune</target_artifact_id></link>
<link><source_artifact_id>UC34</source_artifact_id><target_artifact_id>IGestioneBeniCulturaliComune</target_artifact_id></link>
<link><source_artifact_id>UC34</source_artifact_id><target_artifact_id>IGestionePuntiDiRistoroComune</target_artifact_id></link>
<link><source_artifact_id>UC34</source_artifact_id><target_artifact_id>GestionePuntiDiRistoroComune</target_artifact_id></link>
<link><source_artifact_id>UC35</source_artifact_id><target_artifact_id>IAutenticazione</target_artifact_id></link>
<link><source_artifact_id>UC35</source_artifact_id><target_artifact_id>ControlloDati</target_artifact_id></link>
<link><source_artifact_id>UC35</source_artifact_id><target_artifact_id>BeanTurista</target_artifact_id></link>
<link><source_artifact_id>UC35</source_artifact_id><target_artifact_id>BeanOperatorePuntoDiRistoro</target_artifact_id></link>
<link><source_artifact_id>UC36</source_artifact_id><target_artifact_id>IAutenticazione</target_artifact_id></link>
<link><source_artifact_id>UC36</source_artifact_id><target_artifact_id>ControlloDati</target_artifact_id></link>
<link><source_artifact_id>UC38</source_artifact_id><target_artifact_id>IDBBanner</target_artifact_id></link>
<link><source_artifact_id>UC38</source_artifact_id><target_artifact_id>GestioneAdvertisementPuntoDiRistoro</target_artifact_id></link>
<link><source_artifact_id>UC38</source_artifact_id><target_artifact_id>IGestioneAdvertisementPuntoDiRistoro</target_artifact_id></link>
<link><source_artifact_id>UC38</source_artifact_id><target_artifact_id>ControlloDati</target_artifact_id></link>
<link><source_artifact_id>UC38</source_artifact_id><target_artifact_id>BannerDialog</target_artifact_id></link>
<link><source_artifact_id>UC38</source_artifact_id><target_artifact_id>BannerNode</target_artifact_id></link>
<link><source_artifact_id>UC38</source_artifact_id><target_artifact_id>BeanBanner</target_artifact_id></link>
<link><source_artifact_id>UC38</source_artifact_id><target_artifact_id>IGestioneAdvertisement</target_artifact_id></link>
<link><source_artifact_id>UC38</source_artifact_id><target_artifact_id>GestioneAdvertisement</target_artifact_id></link>
<link><source_artifact_id>UC38</source_artifact_id><target_artifact_id>ControlloDatiAdvertisement</target_artifact_id></link>
<link><source_artifact_id>UC39</source_artifact_id><target_artifact_id>IDBBanner</target_artifact_id></link>
<link><source_artifact_id>UC39</source_artifact_id><target_artifact_id>GestioneAdvertisementPuntoDiRistoro</target_artifact_id></link>
<link><source_artifact_id>UC39</source_artifact_id><target_artifact_id>IGestioneAdvertisementPuntoDiRistoro</target_artifact_id></link>
<link><source_artifact_id>UC39</source_artifact_id><target_artifact_id>ControlloDati</target_artifact_id></link>
<link><source_artifact_id>UC39</source_artifact_id><target_artifact_id>BannerDialog</target_artifact_id></link>
<link><source_artifact_id>UC39</source_artifact_id><target_artifact_id>BannerNode</target_artifact_id></link>
<link><source_artifact_id>UC39</source_artifact_id><target_artifact_id>BeanBanner</target_artifact_id></link>
<link><source_artifact_id>UC39</source_artifact_id><target_artifact_id>IGestioneAdvertisement</target_artifact_id></link>
<link><source_artifact_id>UC39</source_artifact_id><target_artifact_id>GestioneAdvertisement</target_artifact_id></link>
<link><source_artifact_id>UC39</source_artifact_id><target_artifact_id>ControlloDatiAdvertisement</target_artifact_id></link>
<link><source_artifact_id>UC40</source_artifact_id><target_artifact_id>IDBBanner</target_artifact_id></link>
<link><source_artifact_id>UC40</source_artifact_id><target_artifact_id>GestioneAdvertisementPuntoDiRistoro</target_artifact_id></link>
<link><source_artifact_id>UC40</source_artifact_id><target_artifact_id>IGestioneAdvertisementPuntoDiRistoro</target_artifact_id></link>
<link><source_artifact_id>UC40</source_artifact_id><target_artifact_id>BeanBanner</target_artifact_id></link>
<link><source_artifact_id>UC40</source_artifact_id><target_artifact_id>IGestioneAdvertisement</target_artifact_id></link>
<link><source_artifact_id>UC40</source_artifact_id><target_artifact_id>GestioneAdvertisement</target_artifact_id></link>
<link><source_artifact_id>UC40</source_artifact_id><target_artifact_id>ControlloDatiAdvertisement</target_artifact_id></link>
<link><source_artifact_id>UC41</source_artifact_id><target_artifact_id>DBMenu</target_artifact_id></link>
<link><source_artifact_id>UC41</source_artifact_id><target_artifact_id>IDBMenu</target_artifact_id></link>
<link><source_artifact_id>UC41</source_artifact_id><target_artifact_id>DBPiatto</target_artifact_id></link>
<link><source_artifact_id>UC41</source_artifact_id><target_artifact_id>IDBPiatto</target_artifact_id></link>
<link><source_artifact_id>UC41</source_artifact_id><target_artifact_id>BeanMenu</target_artifact_id></link>
<link><source_artifact_id>UC41</source_artifact_id><target_artifact_id>BeanPiatto</target_artifact_id></link>
<link><source_artifact_id>UC42</source_artifact_id><target_artifact_id>DBMenu</target_artifact_id></link>
<link><source_artifact_id>UC42</source_artifact_id><target_artifact_id>IDBMenu</target_artifact_id></link>
<link><source_artifact_id>UC42</source_artifact_id><target_artifact_id>DBPiatto</target_artifact_id></link>
<link><source_artifact_id>UC42</source_artifact_id><target_artifact_id>IDBPiatto</target_artifact_id></link>
<link><source_artifact_id>UC42</source_artifact_id><target_artifact_id>BeanMenu</target_artifact_id></link>
<link><source_artifact_id>UC42</source_artifact_id><target_artifact_id>BeanPiatto</target_artifact_id></link>
<link><source_artifact_id>UC43</source_artifact_id><target_artifact_id>IDBPuntoDiRistoro</target_artifact_id></link>
<link><source_artifact_id>UC43</source_artifact_id><target_artifact_id>ControlloDati</target_artifact_id></link>
<link><source_artifact_id>UC43</source_artifact_id><target_artifact_id>PuntiDiRistoro</target_artifact_id></link>
<link><source_artifact_id>UC43</source_artifact_id><target_artifact_id>BeanPuntoDiRistoro</target_artifact_id></link>
<link><source_artifact_id>UC43</source_artifact_id><target_artifact_id>IGestionePuntiDiRistoroComune</target_artifact_id></link>
<link><source_artifact_id>UC43</source_artifact_id><target_artifact_id>GestionePuntiDiRistoroComune</target_artifact_id></link>
<link><source_artifact_id>UC43</source_artifact_id><target_artifact_id>PRNode</target_artifact_id></link>
<link><source_artifact_id>UC44</source_artifact_id><target_artifact_id>ControlloDati</target_artifact_id></link>
<link><source_artifact_id>UC44</source_artifact_id><target_artifact_id>IDBConvenzione</target_artifact_id></link>
<link><source_artifact_id>UC44</source_artifact_id><target_artifact_id>BeanConvenzione</target_artifact_id></link>
<link><source_artifact_id>UC45</source_artifact_id><target_artifact_id>GestionePuntiDiRistoroComune</target_artifact_id></link>
<link><source_artifact_id>UC45</source_artifact_id><target_artifact_id>IGestionePuntiDiRistoroComune</target_artifact_id></link>
<link><source_artifact_id>UC45</source_artifact_id><target_artifact_id>BeanPuntoDiRistoro</target_artifact_id></link>
<link><source_artifact_id>UC45</source_artifact_id><target_artifact_id>BeanBeneCulturale</target_artifact_id></link>
<link><source_artifact_id>UC46</source_artifact_id><target_artifact_id>DBPreferenzeDiRicerca</target_artifact_id></link>
<link><source_artifact_id>UC46</source_artifact_id><target_artifact_id>IDBPreferenzeDiRicerca</target_artifact_id></link>
<link><source_artifact_id>UC46</source_artifact_id><target_artifact_id>GestioneTuristaComune</target_artifact_id></link>
<link><source_artifact_id>UC46</source_artifact_id><target_artifact_id>BeanPreferenzaDiRicerca</target_artifact_id></link>
<link><source_artifact_id>UC46</source_artifact_id><target_artifact_id>IDBPreferenzeGeneriche</target_artifact_id></link>
<link><source_artifact_id>UC46</source_artifact_id><target_artifact_id>DBPreferenzeGeneriche</target_artifact_id></link>
<link><source_artifact_id>UC47</source_artifact_id><target_artifact_id>DBTurista</target_artifact_id></link>
<link><source_artifact_id>UC47</source_artifact_id><target_artifact_id>IDBTurista</target_artifact_id></link>
<link><source_artifact_id>UC47</source_artifact_id><target_artifact_id>GestioneTuristaClient</target_artifact_id></link>
<link><source_artifact_id>UC47</source_artifact_id><target_artifact_id>IGestioneTuristaClient</target_artifact_id></link>
<link><source_artifact_id>UC47</source_artifact_id><target_artifact_id>GestioneTuristaComune</target_artifact_id></link>
<link><source_artifact_id>UC47</source_artifact_id><target_artifact_id>SchedaTurista</target_artifact_id></link>
<link><source_artifact_id>UC47</source_artifact_id><target_artifact_id>BeanTurista</target_artifact_id></link>
<link><source_artifact_id>UC48</source_artifact_id><target_artifact_id>DBPreferenzeGeneriche</target_artifact_id></link>
<link><source_artifact_id>UC48</source_artifact_id><target_artifact_id>IDBPreferenzeGeneriche</target_artifact_id></link>
<link><source_artifact_id>UC48</source_artifact_id><target_artifact_id>GestioneTuristaClient</target_artifact_id></link>
<link><source_artifact_id>UC48</source_artifact_id><target_artifact_id>BeanPreferenzeGeneriche</target_artifact_id></link>
<link><source_artifact_id>UC48</source_artifact_id><target_artifact_id>IGestioneTuristaClient</target_artifact_id></link>
<link><source_artifact_id>UC49</source_artifact_id><target_artifact_id>GestioneTuristaClient</target_artifact_id></link>
<link><source_artifact_id>UC49</source_artifact_id><target_artifact_id>IGestioneTuristaClient</target_artifact_id></link>
<link><source_artifact_id>UC49</source_artifact_id><target_artifact_id>GestioneBeniCulturaliComune</target_artifact_id></link>
<link><source_artifact_id>UC49</source_artifact_id><target_artifact_id>IGestioneBeniCulturaliComune</target_artifact_id></link>
<link><source_artifact_id>UC49</source_artifact_id><target_artifact_id>GestionePuntiDiRistoroComune</target_artifact_id></link>
<link><source_artifact_id>UC49</source_artifact_id><target_artifact_id>IGestionePuntiDiRistoroComune</target_artifact_id></link>
<link><source_artifact_id>UC50</source_artifact_id><target_artifact_id>IDBVisitaBC</target_artifact_id></link>
<link><source_artifact_id>UC50</source_artifact_id><target_artifact_id>DBVisitaPR</target_artifact_id></link>
<link><source_artifact_id>UC50</source_artifact_id><target_artifact_id>IDBVisitaPR</target_artifact_id></link>
<link><source_artifact_id>UC50</source_artifact_id><target_artifact_id>ControlloVisiteBeniCulturali</target_artifact_id></link>
<link><source_artifact_id>UC50</source_artifact_id><target_artifact_id>SitoTableModel</target_artifact_id></link>
<link><source_artifact_id>UC50</source_artifact_id><target_artifact_id>ControlloDati</target_artifact_id></link>
<link><source_artifact_id>UC50</source_artifact_id><target_artifact_id>BeanVisitaBC</target_artifact_id></link>
<link><source_artifact_id>UC51</source_artifact_id><target_artifact_id>IDBPreferenzeGeneriche</target_artifact_id></link>
<link><source_artifact_id>UC51</source_artifact_id><target_artifact_id>GestioneTuristaComune</target_artifact_id></link>
<link><source_artifact_id>UC51</source_artifact_id><target_artifact_id>IGestioneTuristaClient</target_artifact_id></link>
<link><source_artifact_id>UC51</source_artifact_id><target_artifact_id>ControlloDati</target_artifact_id></link>
<link><source_artifact_id>UC51</source_artifact_id><target_artifact_id>BeanPreferenzeGeneriche</target_artifact_id></link>
<link><source_artifact_id>UC52</source_artifact_id><target_artifact_id>IDBPreferenzeGeneriche</target_artifact_id></link>
<link><source_artifact_id>UC52</source_artifact_id><target_artifact_id>GestioneTuristaComune</target_artifact_id></link>
<link><source_artifact_id>UC52</source_artifact_id><target_artifact_id>IGestioneTuristaClient</target_artifact_id></link>
<link><source_artifact_id>UC52</source_artifact_id><target_artifact_id>BeanPreferenzeGeneriche</target_artifact_id></link>
<link><source_artifact_id>UC52</source_artifact_id><target_artifact_id>IDBTurista</target_artifact_id></link>
<link><source_artifact_id>UC52</source_artifact_id><target_artifact_id>DBTurista</target_artifact_id></link>
<link><source_artifact_id>UC53</source_artifact_id><target_artifact_id>IDBVisitaBC</target_artifact_id></link>
<link><source_artifact_id>UC53</source_artifact_id><target_artifact_id>DBVisitaPR</target_artifact_id></link>
<link><source_artifact_id>UC53</source_artifact_id><target_artifact_id>IDBVisitaPR</target_artifact_id></link>
<link><source_artifact_id>UC53</source_artifact_id><target_artifact_id>ControlloVisiteBeniCulturali</target_artifact_id></link>
<link><source_artifact_id>UC53</source_artifact_id><target_artifact_id>SitoTableModel</target_artifact_id></link>
<link><source_artifact_id>UC53</source_artifact_id><target_artifact_id>ControlloDati</target_artifact_id></link>
<link><source_artifact_id>UC54</source_artifact_id><target_artifact_id>BeanVisitaPR</target_artifact_id></link>
<link><source_artifact_id>UC54</source_artifact_id><target_artifact_id>DBVisitaBC</target_artifact_id></link>
<link><source_artifact_id>UC54</source_artifact_id><target_artifact_id>IDBVisitaBC</target_artifact_id></link>
<link><source_artifact_id>UC54</source_artifact_id><target_artifact_id>DBVisitaPR</target_artifact_id></link>
<link><source_artifact_id>UC54</source_artifact_id><target_artifact_id>IDBVisitaPR</target_artifact_id></link>
<link><source_artifact_id>UC54</source_artifact_id><target_artifact_id>ControlloVisiteBeniCulturali</target_artifact_id></link>
<link><source_artifact_id>UC54</source_artifact_id><target_artifact_id>SitoTableModel</target_artifact_id></link>
<link><source_artifact_id>UC54</source_artifact_id><target_artifact_id>ControlloDati</target_artifact_id></link>
<link><source_artifact_id>UC55</source_artifact_id><target_artifact_id>ControlloDati</target_artifact_id></link>
<link><source_artifact_id>UC55</source_artifact_id><target_artifact_id>BeanVisitaBC</target_artifact_id></link>
<link><source_artifact_id>UC55</source_artifact_id><target_artifact_id>BeanVisitaPR</target_artifact_id></link>
<link><source_artifact_id>UC56</source_artifact_id><target_artifact_id>Punto3DRenderer</target_artifact_id></link>
<link><source_artifact_id>UC56</source_artifact_id><target_artifact_id>Ricerca</target_artifact_id></link>
<link><source_artifact_id>UC56</source_artifact_id><target_artifact_id>IRicerca</target_artifact_id></link>
<link><source_artifact_id>UC56</source_artifact_id><target_artifact_id>RicercaStandard</target_artifact_id></link>
<link><source_artifact_id>UC57</source_artifact_id><target_artifact_id>IRicerca</target_artifact_id></link>
<link><source_artifact_id>UC58</source_artifact_id><target_artifact_id>SchedaBC</target_artifact_id></link>
<link><source_artifact_id>UC58</source_artifact_id><target_artifact_id>SchedaPR</target_artifact_id></link>
<link><source_artifact_id>UC58</source_artifact_id><target_artifact_id>BeanPuntoDiRistoro</target_artifact_id></link>
<link><source_artifact_id>UC58</source_artifact_id><target_artifact_id>BeanBeneCulturale</target_artifact_id></link>
</links>
</answer_set>
