<?xml version="1.0" encoding="utf-8" ?>
<artifacts_collection>
<collection_info>
	<id>CC</id>
	<name>CC</name>
	<version>1.1</version>
	<description>Class code</description>
	<content_location>external</content_location>
</collection_info>
<artifacts>
	<artifact><id>Autenticazione</id><content>CC/Autenticazione.txt</content><parent_id/></artifact>
	<artifact><id>Banner</id><content>CC/Banner.txt</content><parent_id/></artifact>
	<artifact><id>BannerDialog</id><content>CC/BannerDialog.txt</content><parent_id/></artifact>
	<artifact><id>BannerNode</id><content>CC/BannerNode.txt</content><parent_id/></artifact>
	<artifact><id>BannerRenderer</id><content>CC/BannerRenderer.txt</content><parent_id/></artifact>
	<artifact><id>BeanBanner</id><content>CC/BeanBanner.txt</content><parent_id/></artifact>
	<artifact><id>BeanBeneCulturale</id><content>CC/BeanBeneCulturale.txt</content><parent_id/></artifact>
	<artifact><id>BeanConvenzione</id><content>CC/BeanConvenzione.txt</content><parent_id/></artifact>
	<artifact><id>BeanMenu</id><content>CC/BeanMenu.txt</content><parent_id/></artifact>
	<artifact><id>BeanNews</id><content>CC/BeanNews.txt</content><parent_id/></artifact>
	<artifact><id>BeanOperatoreAgenzia</id><content>CC/BeanOperatoreAgenzia.txt</content><parent_id/></artifact>
	<artifact><id>BeanOperatorePuntoDiRistoro</id><content>CC/BeanOperatorePuntoDiRistoro.txt</content><parent_id/></artifact>
	<artifact><id>BeanPiatto</id><content>CC/BeanPiatto.txt</content><parent_id/></artifact>
	<artifact><id>BeanPreferenzaDiRicerca</id><content>CC/BeanPreferenzaDiRicerca.txt</content><parent_id/></artifact>
	<artifact><id>BeanPreferenzeGeneriche</id><content>CC/BeanPreferenzeGeneriche.txt</content><parent_id/></artifact>
	<artifact><id>BeanPuntoDiRistoro</id><content>CC/BeanPuntoDiRistoro.txt</content><parent_id/></artifact>
	<artifact><id>BeanTag</id><content>CC/BeanTag.txt</content><parent_id/></artifact>
	<artifact><id>BeanTurista</id><content>CC/BeanTurista.txt</content><parent_id/></artifact>
	<artifact><id>BeanVisitaBC</id><content>CC/BeanVisitaBC.txt</content><parent_id/></artifact>
	<artifact><id>BeanVisitaPR</id><content>CC/BeanVisitaPR.txt</content><parent_id/></artifact>
	<artifact><id>BeniCulturali</id><content>CC/BeniCulturali.txt</content><parent_id/></artifact>
	<artifact><id>Categoria</id><content>CC/Categoria.txt</content><parent_id/></artifact>
	<artifact><id>ControlloBeniCulturali</id><content>CC/ControlloBeniCulturali.txt</content><parent_id/></artifact>
	<artifact><id>ControlloDati</id><content>CC/ControlloDati.txt</content><parent_id/></artifact>
	<artifact><id>ControlloDatiAdvertisement</id><content>CC/ControlloDatiAdvertisement.txt</content><parent_id/></artifact>
	<artifact><id>ControlloVisiteBeniCulturali</id><content>CC/ControlloVisiteBeniCulturali.txt</content><parent_id/></artifact>
	<artifact><id>ControlServerLauncher</id><content>CC/ControlServerLauncher.txt</content><parent_id/></artifact>
	<artifact><id>CostantiGlobali</id><content>CC/CostantiGlobali.txt</content><parent_id/></artifact>
	<artifact><id>DBBanner</id><content>CC/DBBanner.txt</content><parent_id/></artifact>
	<artifact><id>DBBeneCulturale</id><content>CC/DBBeneCulturale.txt</content><parent_id/></artifact>
	<artifact><id>DBConnessionePool</id><content>CC/DBConnessionePool.txt</content><parent_id/></artifact>
	<artifact><id>DBConvenzione</id><content>CC/DBConvenzione.txt</content><parent_id/></artifact>
	<artifact><id>DBMenu</id><content>CC/DBMenu.txt</content><parent_id/></artifact>
	<artifact><id>DBNews</id><content>CC/DBNews.txt</content><parent_id/></artifact>
	<artifact><id>DBOperatoreAgenzia</id><content>CC/DBOperatoreAgenzia.txt</content><parent_id/></artifact>
	<artifact><id>DBOperatorePuntoDiRistoro</id><content>CC/DBOperatorePuntoDiRistoro.txt</content><parent_id/></artifact>
	<artifact><id>DBPiatto</id><content>CC/DBPiatto.txt</content><parent_id/></artifact>
	<artifact><id>DBPreferenzeDiRicerca</id><content>CC/DBPreferenzeDiRicerca.txt</content><parent_id/></artifact>
	<artifact><id>DBPreferenzeGeneriche</id><content>CC/DBPreferenzeGeneriche.txt</content><parent_id/></artifact>
	<artifact><id>DBPuntoDiRistoro</id><content>CC/DBPuntoDiRistoro.txt</content><parent_id/></artifact>
	<artifact><id>DBStatisticheLocalita</id><content>CC/DBStatisticheLocalita.txt</content><parent_id/></artifact>
	<artifact><id>DBTag</id><content>CC/DBTag.txt</content><parent_id/></artifact>
	<artifact><id>DBTurista</id><content>CC/DBTurista.txt</content><parent_id/></artifact>
	<artifact><id>DBVisitaBC</id><content>CC/DBVisitaBC.txt</content><parent_id/></artifact>
	<artifact><id>DBVisitaPR</id><content>CC/DBVisitaPR.txt</content><parent_id/></artifact>
	<artifact><id>DeskManager</id><content>CC/DeskManager.txt</content><parent_id/></artifact>
	<artifact><id>ElencoCategorie</id><content>CC/ElencoCategorie.txt</content><parent_id/></artifact>
	<artifact><id>FeedBackTableModel</id><content>CC/FeedBackTableModel.txt</content><parent_id/></artifact>
	<artifact><id>Fuzzy</id><content>CC/Fuzzy.txt</content><parent_id/></artifact>
	<artifact><id>GestioneAdvertisement</id><content>CC/GestioneAdvertisement.txt</content><parent_id/></artifact>
	<artifact><id>GestioneAdvertisementAgenzia</id><content>CC/GestioneAdvertisementAgenzia.txt</content><parent_id/></artifact>
	<artifact><id>GestioneAdvertisementPuntoDiRistoro</id><content>CC/GestioneAdvertisementPuntoDiRistoro.txt</content><parent_id/></artifact>
	<artifact><id>GestioneBeniCulturaliAgenzia</id><content>CC/GestioneBeniCulturaliAgenzia.txt</content><parent_id/></artifact>
	<artifact><id>GestioneBeniCulturaliComune</id><content>CC/GestioneBeniCulturaliComune.txt</content><parent_id/></artifact>
	<artifact><id>GestionePuntiDiRistoroAgenzia</id><content>CC/GestionePuntiDiRistoroAgenzia.txt</content><parent_id/></artifact>
	<artifact><id>GestionePuntiDiRistoroComune</id><content>CC/GestionePuntiDiRistoroComune.txt</content><parent_id/></artifact>
	<artifact><id>GestioneTagComune</id><content>CC/GestioneTagComune.txt</content><parent_id/></artifact>
	<artifact><id>GestioneTagOperatoreAgenzia</id><content>CC/GestioneTagOperatoreAgenzia.txt</content><parent_id/></artifact>
	<artifact><id>GestioneTuristaClient</id><content>CC/GestioneTuristaClient.txt</content><parent_id/></artifact>
	<artifact><id>GestioneTuristaComune</id><content>CC/GestioneTuristaComune.txt</content><parent_id/></artifact>
	<artifact><id>GestioneTuristiAgenzia</id><content>CC/GestioneTuristiAgenzia.txt</content><parent_id/></artifact>
	<artifact><id>HelpManager</id><content>CC/HelpManager.txt</content><parent_id/></artifact>
	<artifact><id>IAutenticazione</id><content>CC/IAutenticazione.txt</content><parent_id/></artifact>
	<artifact><id>IDBBanner</id><content>CC/IDBBanner.txt</content><parent_id/></artifact>
	<artifact><id>IDBBeneCulturale</id><content>CC/IDBBeneCulturale.txt</content><parent_id/></artifact>
	<artifact><id>IDBConvenzione</id><content>CC/IDBConvenzione.txt</content><parent_id/></artifact>
	<artifact><id>IDBMenu</id><content>CC/IDBMenu.txt</content><parent_id/></artifact>
	<artifact><id>IDBNews</id><content>CC/IDBNews.txt</content><parent_id/></artifact>
	<artifact><id>IDBOperatoreAgenzia</id><content>CC/IDBOperatoreAgenzia.txt</content><parent_id/></artifact>
	<artifact><id>IDBOperatorePuntoDiRistoro</id><content>CC/IDBOperatorePuntoDiRistoro.txt</content><parent_id/></artifact>
	<artifact><id>IDBPiatto</id><content>CC/IDBPiatto.txt</content><parent_id/></artifact>
	<artifact><id>IDBPreferenzeDiRicerca</id><content>CC/IDBPreferenzeDiRicerca.txt</content><parent_id/></artifact>
	<artifact><id>IDBPreferenzeGeneriche</id><content>CC/IDBPreferenzeGeneriche.txt</content><parent_id/></artifact>
	<artifact><id>IDBPuntoDiRistoro</id><content>CC/IDBPuntoDiRistoro.txt</content><parent_id/></artifact>
	<artifact><id>IDBTag</id><content>CC/IDBTag.txt</content><parent_id/></artifact>
	<artifact><id>IDBTurista</id><content>CC/IDBTurista.txt</content><parent_id/></artifact>
	<artifact><id>IDBVisitaBC</id><content>CC/IDBVisitaBC.txt</content><parent_id/></artifact>
	<artifact><id>IDBVisitaPR</id><content>CC/IDBVisitaPR.txt</content><parent_id/></artifact>
	<artifact><id>IGestioneAdvertisement</id><content>CC/IGestioneAdvertisement.txt</content><parent_id/></artifact>
	<artifact><id>IGestioneAdvertisementAgenzia</id><content>CC/IGestioneAdvertisementAgenzia.txt</content><parent_id/></artifact>
	<artifact><id>IGestioneAdvertisementPuntoDiRistoro</id><content>CC/IGestioneAdvertisementPuntoDiRistoro.txt</content><parent_id/></artifact>
	<artifact><id>IGestioneBeniCulturaliAgenzia</id><content>CC/IGestioneBeniCulturaliAgenzia.txt</content><parent_id/></artifact>
	<artifact><id>IGestioneBeniCulturaliComune</id><content>CC/IGestioneBeniCulturaliComune.txt</content><parent_id/></artifact>
	<artifact><id>IGestionePuntiDiRistoroAgenzia</id><content>CC/IGestionePuntiDiRistoroAgenzia.txt</content><parent_id/></artifact>
	<artifact><id>IGestionePuntiDiRistoroComune</id><content>CC/IGestionePuntiDiRistoroComune.txt</content><parent_id/></artifact>
	<artifact><id>IGestioneTagComune</id><content>CC/IGestioneTagComune.txt</content><parent_id/></artifact>
	<artifact><id>IGestioneTagOperatoreAgenzia</id><content>CC/IGestioneTagOperatoreAgenzia.txt</content><parent_id/></artifact>
	<artifact><id>IGestioneTuristaClient</id><content>CC/IGestioneTuristaClient.txt</content><parent_id/></artifact>
	<artifact><id>IGestioneTuristiAgenzia</id><content>CC/IGestioneTuristiAgenzia.txt</content><parent_id/></artifact>
	<artifact><id>IRicerca</id><content>CC/IRicerca.txt</content><parent_id/></artifact>
	<artifact><id>LimitedDocument</id><content>CC/LimitedDocument.txt</content><parent_id/></artifact>
	<artifact><id>MediaVotiRenderer</id><content>CC/MediaVotiRenderer.txt</content><parent_id/></artifact>
	<artifact><id>MessaggiErrore</id><content>CC/MessaggiErrore.txt</content><parent_id/></artifact>
	<artifact><id>News</id><content>CC/News.txt</content><parent_id/></artifact>
	<artifact><id>NewsTableModelTest</id><content>CC/NewsTableModelTest.txt</content><parent_id/></artifact>
	<artifact><id>OperatoreAgenzia</id><content>CC/OperatoreAgenzia.txt</content><parent_id/></artifact>
	<artifact><id>PrioritaRenderer</id><content>CC/PrioritaRenderer.txt</content><parent_id/></artifact>
	<artifact><id>PRNode</id><content>CC/PRNode.txt</content><parent_id/></artifact>
	<artifact><id>PuntiDiRistoro</id><content>CC/PuntiDiRistoro.txt</content><parent_id/></artifact>
	<artifact><id>Punto3D</id><content>CC/Punto3D.txt</content><parent_id/></artifact>
	<artifact><id>Punto3DRenderer</id><content>CC/Punto3DRenderer.txt</content><parent_id/></artifact>
	<artifact><id>reportStatistici</id><content>CC/reportStatistici.txt</content><parent_id/></artifact>
	<artifact><id>ReportTableModel</id><content>CC/ReportTableModel.txt</content><parent_id/></artifact>
	<artifact><id>Ricerca</id><content>CC/Ricerca.txt</content><parent_id/></artifact>
	<artifact><id>RicercaAvanzata</id><content>CC/RicercaAvanzata.txt</content><parent_id/></artifact>
	<artifact><id>RicercaStandard</id><content>CC/RicercaStandard.txt</content><parent_id/></artifact>
	<artifact><id>SchedaBC</id><content>CC/SchedaBC.txt</content><parent_id/></artifact>
	<artifact><id>SchedaPR</id><content>CC/SchedaPR.txt</content><parent_id/></artifact>
	<artifact><id>SchedaTurista</id><content>CC/SchedaTurista.txt</content><parent_id/></artifact>
	<artifact><id>ScrollableTable</id><content>CC/ScrollableTable.txt</content><parent_id/></artifact>
	<artifact><id>SitoTableModel</id><content>CC/SitoTableModel.txt</content><parent_id/></artifact>
	<artifact><id>Tag</id><content>CC/Tag.txt</content><parent_id/></artifact>
	<artifact><id>TAGTableModel</id><content>CC/TAGTableModel.txt</content><parent_id/></artifact>
	<artifact><id>TestoNewsRendererTest</id><content>CC/TestoNewsRendererTest.txt</content><parent_id/></artifact>
	<artifact><id>Turisti</id><content>CC/Turisti.txt</content><parent_id/></artifact>
	<artifact><id>TuristiTableModel</id><content>CC/TuristiTableModel.txt</content><parent_id/></artifact>
</artifacts>
</artifacts_collection>
