<?xml version="1.0" encoding="utf-8"?>
<answer_set>
<answer_info>
	<source_artifacts_collection>Requirements</source_artifacts_collection>
	<target_artifacts_collection>Code</target_artifacts_collection>
</answer_info>
<links>
	<link><source_artifact_id>UC1S1</source_artifact_id><target_artifact_id>/auth/hcp-uap/addPatient</target_artifact_id></link>
	<link><source_artifact_id>UC2S1</source_artifact_id><target_artifact_id>/auth/admin/addHCP</target_artifact_id></link>
	<link><source_artifact_id>UC2S2</source_artifact_id><target_artifact_id>/auth/hcp/addUAP</target_artifact_id></link>
	<link><source_artifact_id>UC3S1</source_artifact_id><target_artifact_id>/util/resetPassword</target_artifact_id></link>
	<link><source_artifact_id>UC3S3</source_artifact_id><target_artifact_id>/auth/admin/sessionTimeout</target_artifact_id></link>
	<link><source_artifact_id>UC3S4</source_artifact_id><target_artifact_id>/auth/hcp/home</target_artifact_id></link>
	<link><source_artifact_id>UC3E2</source_artifact_id><target_artifact_id>/util/resetPassword</target_artifact_id></link>
	<link><source_artifact_id>UC4S1</source_artifact_id><target_artifact_id>/auth/patient/editMyDemographics</target_artifact_id></link>
	<link><source_artifact_id>UC4S2</source_artifact_id><target_artifact_id>/auth/getPatientID</target_artifact_id></link>
	<link><source_artifact_id>UC6S1</source_artifact_id><target_artifact_id>/auth/patient/viewVisitedHCPs</target_artifact_id></link>
	<link><source_artifact_id>UC6S2</source_artifact_id><target_artifact_id>/auth/patient/viewVisitedHCPs</target_artifact_id></link>
	<link><source_artifact_id>UC6S3</source_artifact_id><target_artifact_id>/auth/patient/viewVisitedHCPs</target_artifact_id></link>
	<link><source_artifact_id>UC8S1</source_artifact_id><target_artifact_id>/auth/patient/viewAccessLog</target_artifact_id></link>
	<link><source_artifact_id>UC8S2</source_artifact_id><target_artifact_id>/auth/patient/viewAccessLog</target_artifact_id></link>
	<link><source_artifact_id>UC9S1</source_artifact_id><target_artifact_id>/auth/patient/viewMyRecords</target_artifact_id></link>
	<link><source_artifact_id>UC10S1</source_artifact_id><target_artifact_id>/auth/hcp-uap/editBasicHealth</target_artifact_id></link>
	<link><source_artifact_id>UC10S2</source_artifact_id><target_artifact_id>/auth/patient/home</target_artifact_id></link>
	<link><source_artifact_id>UC10E1</source_artifact_id><target_artifact_id>/util/getUser</target_artifact_id></link>
	<link><source_artifact_id>UC10E2</source_artifact_id><target_artifact_id>/util/getUser</target_artifact_id></link>
	<link><source_artifact_id>UC11S1</source_artifact_id><target_artifact_id>/auth/hcp-uap/editOfficeVisit</target_artifact_id></link>
	<link><source_artifact_id>UC11S2</source_artifact_id><target_artifact_id>/auth/hcp-uap/editOfficeVisit</target_artifact_id></link>
	<link><source_artifact_id>UC11E1</source_artifact_id><target_artifact_id>/util/getUser</target_artifact_id></link>
	<link><source_artifact_id>UC11E2</source_artifact_id><target_artifact_id>/util/getUser</target_artifact_id></link>
	<link><source_artifact_id>UC12</source_artifact_id><target_artifact_id>/auth/tester/home</target_artifact_id></link>
	<link><source_artifact_id>UC13E1</source_artifact_id><target_artifact_id>/util/getUser</target_artifact_id></link>
	<link><source_artifact_id>UC15S1</source_artifact_id><target_artifact_id>/auth/admin/editCPTProcedureCodes</target_artifact_id></link>
	<link><source_artifact_id>UC15S2</source_artifact_id><target_artifact_id>/auth/admin/editICDCodes</target_artifact_id></link>
	<link><source_artifact_id>UC15S3</source_artifact_id><target_artifact_id>/auth/admin/editNDCodes</target_artifact_id></link>
	<link><source_artifact_id>UC15S4</source_artifact_id><target_artifact_id>/auth/admin/editLOINCCodes</target_artifact_id></link>
	<link><source_artifact_id>UC16</source_artifact_id><target_artifact_id>/auth/hcp-uap/chronicDiseaseRisks</target_artifact_id></link>
	<link><source_artifact_id>UC17S1</source_artifact_id><target_artifact_id>/auth/hcp/visitReminders</target_artifact_id></link>
	<link><source_artifact_id>UC17S1</source_artifact_id><target_artifact_id>/auth/hcp/visitReminders</target_artifact_id></link>
	<link><source_artifact_id>UC17S1</source_artifact_id><target_artifact_id>/auth/hcp/visitReminders</target_artifact_id></link>
	<link><source_artifact_id>UC18S1</source_artifact_id><target_artifact_id>/auth/admin/hospitalListing</target_artifact_id></link>
	<link><source_artifact_id>UC18S2</source_artifact_id><target_artifact_id>/auth/admin/hospitalListing</target_artifact_id></link>
	<link><source_artifact_id>UC19S1</source_artifact_id><target_artifact_id>/auth/patient/viewPrescriptionRecords</target_artifact_id></link>
	<link><source_artifact_id>UC19S2</source_artifact_id><target_artifact_id>/auth/hcp-uap/getPrescriptionReport</target_artifact_id></link>
	<link><source_artifact_id>UC19S3</source_artifact_id><target_artifact_id>/auth/hcp-uap/getPrescriptionReport</target_artifact_id></link>
	<link><source_artifact_id>UC19S3</source_artifact_id><target_artifact_id>/auth/patient/viewPrescriptionRecords</target_artifact_id></link>
	<link><source_artifact_id>UC19E1</source_artifact_id><target_artifact_id>/util/getUser</target_artifact_id></link>
	<link><source_artifact_id>UC19E2</source_artifact_id><target_artifact_id>/util/getUser</target_artifact_id></link>
	<link><source_artifact_id>UC21S1</source_artifact_id><target_artifact_id>/auth/hcp-er/emergencyReport</target_artifact_id></link>
	<link><source_artifact_id>UC21E1</source_artifact_id><target_artifact_id>/util/getUser</target_artifact_id></link>
	<link><source_artifact_id>UC21E2</source_artifact_id><target_artifact_id>/util/getUser</target_artifact_id></link>
	<link><source_artifact_id>UC23S1</source_artifact_id><target_artifact_id>/auth/getPatientID</target_artifact_id></link>
	<link><source_artifact_id>UC23S1</source_artifact_id><target_artifact_id>/util/getUser</target_artifact_id></link>
	<link><source_artifact_id>UC23S3</source_artifact_id><target_artifact_id>/auth/hcp-uap/viewReport</target_artifact_id></link>
	<link><source_artifact_id>UC23S4</source_artifact_id><target_artifact_id>/auth/hcp-uap/viewMyReportRequests</target_artifact_id></link>
	<link><source_artifact_id>UC23E1</source_artifact_id><target_artifact_id>/util/getUser</target_artifact_id></link>
	<link><source_artifact_id>UC23E2</source_artifact_id><target_artifact_id>/auth/getPatientID</target_artifact_id></link>
	<link><source_artifact_id>UC23E2</source_artifact_id><target_artifact_id>/util/getUser</target_artifact_id></link>
	<link><source_artifact_id>UC24</source_artifact_id><target_artifact_id>/auth/patient/survey</target_artifact_id></link>
	<link><source_artifact_id>UC25</source_artifact_id><target_artifact_id>/auth/surveyResults</target_artifact_id></link>
	<link><source_artifact_id>UC25E1</source_artifact_id><target_artifact_id>/auth/surveyResults</target_artifact_id></link>
	<link><source_artifact_id>UC26S1</source_artifact_id><target_artifact_id>/auth/patient/viewMyRecords</target_artifact_id></link>
	<link><source_artifact_id>UC26S2</source_artifact_id><target_artifact_id>/auth/getPatientID</target_artifact_id></link>
	<link><source_artifact_id>UC26S2</source_artifact_id><target_artifact_id>/util/getUser</target_artifact_id></link>
	<link><source_artifact_id>UC26S2</source_artifact_id><target_artifact_id>/auth/hcp/LabProcHCP</target_artifact_id></link>
	<link><source_artifact_id>UC26S3</source_artifact_id><target_artifact_id>/auth/getPatientID</target_artifact_id></link>
	<link><source_artifact_id>UC26S3</source_artifact_id><target_artifact_id>/util/getUser</target_artifact_id></link>
	<link><source_artifact_id>UC26S3</source_artifact_id><target_artifact_id>/auth/hcp-uap/updateLabProc</target_artifact_id></link>
	<link><source_artifact_id>UC26S4</source_artifact_id><target_artifact_id>/auth/patient/home</target_artifact_id></link>
	<link><source_artifact_id>UC26E1</source_artifact_id><target_artifact_id>/auth/getPatientID</target_artifact_id></link>
	<link><source_artifact_id>UC26E1</source_artifact_id><target_artifact_id>/util/getUser</target_artifact_id></link>
	<link><source_artifact_id>UC26E2</source_artifact_id><target_artifact_id>/auth/getPatientID</target_artifact_id></link>
	<link><source_artifact_id>UC26E2</source_artifact_id><target_artifact_id>/util/getUser</target_artifact_id></link>
	<link><source_artifact_id>UC27S1</source_artifact_id><target_artifact_id>/util/resetPassword</target_artifact_id></link>
	<link><source_artifact_id>UC27S2</source_artifact_id><target_artifact_id>/auth/hcp-uap/updateLabProc</target_artifact_id></link>
	<link><source_artifact_id>UC28</source_artifact_id><target_artifact_id>/auth/hcp-uap/viewPatientOfficeVisitHistory</target_artifact_id></link>
	<link><source_artifact_id>UC29</source_artifact_id><target_artifact_id>/auth/patient/myDiagnoses</target_artifact_id></link>
	<link><source_artifact_id>UC30S1</source_artifact_id><target_artifact_id>/auth/patient/sendMessage</target_artifact_id></link>
	<link><source_artifact_id>UC30S2</source_artifact_id><target_artifact_id>/auth/getPatientID</target_artifact_id></link>
	<link><source_artifact_id>UC30S2</source_artifact_id><target_artifact_id>/util/getUser</target_artifact_id></link>
	<link><source_artifact_id>UC30S2</source_artifact_id><target_artifact_id>/auth/hcp/sendMessage</target_artifact_id></link>
	<link><source_artifact_id>UC30S3</source_artifact_id><target_artifact_id>/auth/patient/viewMyMessages</target_artifact_id></link>
	<link><source_artifact_id>UC30S4</source_artifact_id><target_artifact_id>/auth/hcp/viewMyMessages</target_artifact_id></link>
	<link><source_artifact_id>UC30S4</source_artifact_id><target_artifact_id>/auth/hcp/reply</target_artifact_id></link>
	<link><source_artifact_id>UC30S5</source_artifact_id><target_artifact_id>/auth/patient/viewMyMessages</target_artifact_id></link>
	<link><source_artifact_id>UC30S5</source_artifact_id><target_artifact_id>/auth/patient/viewMyMessages</target_artifact_id></link>
	<link><source_artifact_id>UC30S5</source_artifact_id><target_artifact_id>/auth/hcp/viewMyMessages</target_artifact_id></link>
	<link><source_artifact_id>UC30E1</source_artifact_id><target_artifact_id>/util/getUser</target_artifact_id></link>
	<link><source_artifact_id>UC30E2</source_artifact_id><target_artifact_id>/auth/getPatientID</target_artifact_id></link>
	<link><source_artifact_id>UC30E2</source_artifact_id><target_artifact_id>/util/getUser</target_artifact_id></link>
	<link><source_artifact_id>UC31S1</source_artifact_id><target_artifact_id>/auth/patient/viewExpiredPrescriptionRecords</target_artifact_id></link>
	<link><source_artifact_id>UC31S2</source_artifact_id><target_artifact_id>/auth/patient/viewExpiredPrescriptionRecords</target_artifact_id></link>
	<link><source_artifact_id>UC31S2</source_artifact_id><target_artifact_id>/auth/patient/viewLHCP</target_artifact_id></link>
	<link><source_artifact_id>UC32S2</source_artifact_id><target_artifact_id>/auth/hcp/viewPrescriptionRenewalNeeds</target_artifact_id></link>
	<link><source_artifact_id>UC32E1</source_artifact_id><target_artifact_id>/auth/hcp/viewPrescriptionRenewalNeeds</target_artifact_id></link>
	<link><source_artifact_id>UC33S1</source_artifact_id><target_artifact_id>/auth/hcp/hcpConsultation</target_artifact_id></link>
	<link><source_artifact_id>UC33S2</source_artifact_id><target_artifact_id>/auth/hcp/hcpConsultation</target_artifact_id></link>
	<link><source_artifact_id>UC33E1</source_artifact_id><target_artifact_id>/auth/hcp/hcpConsultation</target_artifact_id></link>
	<link><source_artifact_id>UC33E2</source_artifact_id><target_artifact_id>/auth/hcp/hcpConsultation</target_artifact_id></link>
	<link><source_artifact_id>UC34S1</source_artifact_id><target_artifact_id>/auth/getPatientID</target_artifact_id></link>
	<link><source_artifact_id>UC34S1</source_artifact_id><target_artifact_id>/util/getUser</target_artifact_id></link>
	<link><source_artifact_id>UC34S1</source_artifact_id><target_artifact_id>/auth/hcp/editPatientList</target_artifact_id></link>
	<link><source_artifact_id>UC34S2</source_artifact_id><target_artifact_id>/auth/patient/addTelemedicineData</target_artifact_id></link>
	<link><source_artifact_id>UC34S3</source_artifact_id><target_artifact_id>/auth/hcp/monitorPatients</target_artifact_id></link>
	<link><source_artifact_id>UC34S4</source_artifact_id><target_artifact_id>/auth/hcp/viewAdditionalInfo</target_artifact_id></link>
	<link><source_artifact_id>UC34S5</source_artifact_id><target_artifact_id>/auth/uap/getPatientMonitorList</target_artifact_id></link>
	<link><source_artifact_id>UC34S5</source_artifact_id><target_artifact_id>/auth/uap/addTelemedicineData</target_artifact_id></link>
	<link><source_artifact_id>UC34S6</source_artifact_id><target_artifact_id>/auth/patient/addTelemedicineData</target_artifact_id></link>
	<link><source_artifact_id>UC34E1</source_artifact_id><target_artifact_id>/auth/getPatientID</target_artifact_id></link>
	<link><source_artifact_id>UC34E1</source_artifact_id><target_artifact_id>/util/getUser</target_artifact_id></link>
	<link><source_artifact_id>UC35S1</source_artifact_id><target_artifact_id>/auth/patient/viewPrescriptionRecords</target_artifact_id></link>
	<link><source_artifact_id>UC35S1</source_artifact_id><target_artifact_id>/auth/patient/reportAdverseEvent</target_artifact_id></link>
	<link><source_artifact_id>UC35S2</source_artifact_id><target_artifact_id>/auth/patient/viewMyRecords</target_artifact_id></link>
	<link><source_artifact_id>UC35S2</source_artifact_id><target_artifact_id>/auth/patient/reportAdverseEvent</target_artifact_id></link>
	<link><source_artifact_id>UC36S1</source_artifact_id><target_artifact_id>/auth/pha/monitorAdverseEvents</target_artifact_id></link>
	<link><source_artifact_id>UC36S1</source_artifact_id><target_artifact_id>/auth/pha/adverseEventDetails</target_artifact_id></link>
	<link><source_artifact_id>UC36S2</source_artifact_id><target_artifact_id>/auth/pha/monitorAdverseEvents</target_artifact_id></link>
	<link><source_artifact_id>UC36S2</source_artifact_id><target_artifact_id>/auth/pha/adverseEventDetails</target_artifact_id></link>
	<link><source_artifact_id>UC36S3</source_artifact_id><target_artifact_id>/auth/pha/adverseEventDetails</target_artifact_id></link>
	<link><source_artifact_id>UC37S1</source_artifact_id><target_artifact_id>/auth/hcp-uap/editOfficeVisit</target_artifact_id></link>
	<link><source_artifact_id>UC37S2</source_artifact_id><target_artifact_id>/auth/hcp-uap/editOfficeVisit</target_artifact_id></link>
	<link><source_artifact_id>UC38S1</source_artifact_id><target_artifact_id>/auth/admin/editNDCInteractions</target_artifact_id></link>
	<link><source_artifact_id>UC38S2</source_artifact_id><target_artifact_id>/auth/admin/editNDCodes</target_artifact_id></link>
</links>
</answer_set>
