<?xml version="1.0" encoding="utf-8"?>
<answer_set>
<answer_info>
	<source_artifacts_collection>Requirements</source_artifacts_collection>
	<target_artifacts_collection>Code</target_artifacts_collection>
</answer_info>
<links>
	<link><source_artifact_id>UC1S1</source_artifact_id><target_artifact_id>/auth/hcp-uap/addPatient</target_artifact_id></link>
	<link><source_artifact_id>UC1S1</source_artifact_id><target_artifact_id>AddPatientAction</target_artifact_id></link>
	<link><source_artifact_id>UC1S1</source_artifact_id><target_artifact_id>PatientDAO</target_artifact_id></link>
	<link><source_artifact_id>UC1S1</source_artifact_id><target_artifact_id>AuthDAO</target_artifact_id></link>
	<link><source_artifact_id>UC1S1</source_artifact_id><target_artifact_id>PatientDAO</target_artifact_id></link>
	<link><source_artifact_id>UC1S1</source_artifact_id><target_artifact_id>TransactionDAO</target_artifact_id></link>
	<link><source_artifact_id>UC1E1</source_artifact_id><target_artifact_id>AddPatientValidator</target_artifact_id></link>
	<link><source_artifact_id>UC2S1</source_artifact_id><target_artifact_id>/auth/admin/addHCP</target_artifact_id></link>
	<link><source_artifact_id>UC2S1</source_artifact_id><target_artifact_id>AddHCPAction</target_artifact_id></link>
	<link><source_artifact_id>UC2S1</source_artifact_id><target_artifact_id>PersonnelDAO</target_artifact_id></link>
	<link><source_artifact_id>UC2S1</source_artifact_id><target_artifact_id>AuthDAO</target_artifact_id></link>
	<link><source_artifact_id>UC2S1</source_artifact_id><target_artifact_id>PersonnelDAO</target_artifact_id></link>
	<link><source_artifact_id>UC2S2</source_artifact_id><target_artifact_id>/auth/hcp/addUAP</target_artifact_id></link>
	<link><source_artifact_id>UC2S2</source_artifact_id><target_artifact_id>AddUAPAction</target_artifact_id></link>
	<link><source_artifact_id>UC2S2</source_artifact_id><target_artifact_id>PersonnelDAO</target_artifact_id></link>
	<link><source_artifact_id>UC2S2</source_artifact_id><target_artifact_id>PersonnelDAO</target_artifact_id></link>
	<link><source_artifact_id>UC2S2</source_artifact_id><target_artifact_id>AuthDAO</target_artifact_id></link>
	<link><source_artifact_id>UC2E2</source_artifact_id><target_artifact_id>AddPersonnelValidator</target_artifact_id></link>
	<link><source_artifact_id>UC3S1</source_artifact_id><target_artifact_id>/util/resetPassword</target_artifact_id></link>
	<link><source_artifact_id>UC3S1</source_artifact_id><target_artifact_id>ResetPasswordAction</target_artifact_id></link>
	<link><source_artifact_id>UC3S1</source_artifact_id><target_artifact_id>ResetPasswordAction</target_artifact_id></link>
	<link><source_artifact_id>UC3S1</source_artifact_id><target_artifact_id>ResetPasswordAction</target_artifact_id></link>
	<link><source_artifact_id>UC3S1</source_artifact_id><target_artifact_id>ResetPasswordAction</target_artifact_id></link>
	<link><source_artifact_id>UC3S2</source_artifact_id><target_artifact_id>ResetPasswordAction</target_artifact_id></link>
	<link><source_artifact_id>UC3S2</source_artifact_id><target_artifact_id>AuthDAO</target_artifact_id></link>
	<link><source_artifact_id>UC3S2</source_artifact_id><target_artifact_id>AuthDAO</target_artifact_id></link>
	<link><source_artifact_id>UC3S2</source_artifact_id><target_artifact_id>EmailUtil</target_artifact_id></link>
	<link><source_artifact_id>UC3S3</source_artifact_id><target_artifact_id>/auth/admin/sessionTimeout</target_artifact_id></link>
	<link><source_artifact_id>UC3S3</source_artifact_id><target_artifact_id>ChangeSessionTimeoutAction</target_artifact_id></link>
	<link><source_artifact_id>UC3S3</source_artifact_id><target_artifact_id>AccessDAO</target_artifact_id></link>
	<link><source_artifact_id>UC3S3</source_artifact_id><target_artifact_id>SessionTimeoutListener</target_artifact_id></link>
	<link><source_artifact_id>UC3S4</source_artifact_id><target_artifact_id>/auth/hcp/home</target_artifact_id></link>
	<link><source_artifact_id>UC3S4</source_artifact_id><target_artifact_id>LabProcHCPAction</target_artifact_id></link>
	<link><source_artifact_id>UC3S4</source_artifact_id><target_artifact_id>ReportRequestDAO</target_artifact_id></link>
	<link><source_artifact_id>UC3S4</source_artifact_id><target_artifact_id>OfficeVisitDAO</target_artifact_id></link>
	<link><source_artifact_id>UC3S4</source_artifact_id><target_artifact_id>LabProcedureDAO</target_artifact_id></link>
	<link><source_artifact_id>UC3S5</source_artifact_id><target_artifact_id>LabProcedureDAO</target_artifact_id></link>
	<link><source_artifact_id>UC3S5</source_artifact_id><target_artifact_id>ViewMyReportRequestsAction</target_artifact_id></link>
	<link><source_artifact_id>UC3S5</source_artifact_id><target_artifact_id>ReportRequestDAO</target_artifact_id></link>
	<link><source_artifact_id>UC3E1</source_artifact_id><target_artifact_id>ResetPasswordAction</target_artifact_id></link>
	<link><source_artifact_id>UC3E1</source_artifact_id><target_artifact_id>AuthDAO</target_artifact_id></link>
	<link><source_artifact_id>UC3E1</source_artifact_id><target_artifact_id>AuthDAO</target_artifact_id></link>
	<link><source_artifact_id>UC3E1</source_artifact_id><target_artifact_id>ResetPasswordAction</target_artifact_id></link>
	<link><source_artifact_id>UC3E2</source_artifact_id><target_artifact_id>/util/resetPassword</target_artifact_id></link>
	<link><source_artifact_id>UC3E2</source_artifact_id><target_artifact_id>ResetPasswordAction</target_artifact_id></link>
	<link><source_artifact_id>UC4S1</source_artifact_id><target_artifact_id>/auth/patient/editMyDemographics</target_artifact_id></link>
	<link><source_artifact_id>UC4S1</source_artifact_id><target_artifact_id>EditPatientAction</target_artifact_id></link>
	<link><source_artifact_id>UC4S1</source_artifact_id><target_artifact_id>EditPatientAction</target_artifact_id></link>
	<link><source_artifact_id>UC4S1</source_artifact_id><target_artifact_id>EmailUtil</target_artifact_id></link>
	<link><source_artifact_id>UC4S1</source_artifact_id><target_artifact_id>PatientDAO</target_artifact_id></link>
	<link><source_artifact_id>UC4S1</source_artifact_id><target_artifact_id>SetSecurityQuestionAction</target_artifact_id></link>
	<link><source_artifact_id>UC4S1</source_artifact_id><target_artifact_id>AuthDAO</target_artifact_id></link>
	<link><source_artifact_id>UC4S2</source_artifact_id><target_artifact_id>/auth/getPatientID</target_artifact_id></link>
	<link><source_artifact_id>UC4S2</source_artifact_id><target_artifact_id>SearchUsersAction</target_artifact_id></link>
	<link><source_artifact_id>UC4S2</source_artifact_id><target_artifact_id>PatientDAO</target_artifact_id></link>
	<link><source_artifact_id>UC4S2</source_artifact_id><target_artifact_id>EditPatientAction</target_artifact_id></link>
	<link><source_artifact_id>UC4S2</source_artifact_id><target_artifact_id>PatientDAO</target_artifact_id></link>
	<link><source_artifact_id>UC4S2</source_artifact_id><target_artifact_id>EmailUtil</target_artifact_id></link>
	<link><source_artifact_id>UC4S3</source_artifact_id><target_artifact_id>EditPersonnelAction</target_artifact_id></link>
	<link><source_artifact_id>UC4S3</source_artifact_id><target_artifact_id>EditPersonnelAction</target_artifact_id></link>
	<link><source_artifact_id>UC4S3</source_artifact_id><target_artifact_id>SetSecurityQuestionAction</target_artifact_id></link>
	<link><source_artifact_id>UC4S3</source_artifact_id><target_artifact_id>PersonnelDAO</target_artifact_id></link>
	<link><source_artifact_id>UC4S3</source_artifact_id><target_artifact_id>AuthDAO</target_artifact_id></link>
	<link><source_artifact_id>UC4S4</source_artifact_id><target_artifact_id>TransactionDAO</target_artifact_id></link>
	<link><source_artifact_id>UC4E1</source_artifact_id><target_artifact_id>SecurityQAValidator</target_artifact_id></link>
	<link><source_artifact_id>UC4E1</source_artifact_id><target_artifact_id>PatientValidator</target_artifact_id></link>
	<link><source_artifact_id>UC4E1</source_artifact_id><target_artifact_id>PersonnelValidator</target_artifact_id></link>
	<link><source_artifact_id>UC5S1</source_artifact_id><target_artifact_id>TransactionDAO</target_artifact_id></link>
	<link><source_artifact_id>UC5S2</source_artifact_id><target_artifact_id>TransactionDAO</target_artifact_id></link>
	<link><source_artifact_id>UC6S1</source_artifact_id><target_artifact_id>/auth/patient/viewVisitedHCPs</target_artifact_id></link>
	<link><source_artifact_id>UC6S1</source_artifact_id><target_artifact_id>ViewVisitedHCPsAction</target_artifact_id></link>
	<link><source_artifact_id>UC6S1</source_artifact_id><target_artifact_id>PatientDAO</target_artifact_id></link>
	<link><source_artifact_id>UC6S1</source_artifact_id><target_artifact_id>PersonnelDAO</target_artifact_id></link>
	<link><source_artifact_id>UC6S1</source_artifact_id><target_artifact_id>PatientDAO</target_artifact_id></link>
	<link><source_artifact_id>UC6S2</source_artifact_id><target_artifact_id>/auth/patient/viewVisitedHCPs</target_artifact_id></link>
	<link><source_artifact_id>UC6S2</source_artifact_id><target_artifact_id>ViewVisitedHCPsAction</target_artifact_id></link>
	<link><source_artifact_id>UC6S2</source_artifact_id><target_artifact_id>ViewVisitedHCPsAction</target_artifact_id></link>
	<link><source_artifact_id>UC6S2</source_artifact_id><target_artifact_id>DeclareHCPAction</target_artifact_id></link>
	<link><source_artifact_id>UC6S2</source_artifact_id><target_artifact_id>PatientDAO</target_artifact_id></link>
	<link><source_artifact_id>UC6S2</source_artifact_id><target_artifact_id>DeclareHCPAction</target_artifact_id></link>
	<link><source_artifact_id>UC6S2</source_artifact_id><target_artifact_id>PatientDAO</target_artifact_id></link>
	<link><source_artifact_id>UC6S3</source_artifact_id><target_artifact_id>/auth/patient/viewVisitedHCPs</target_artifact_id></link>
	<link><source_artifact_id>UC6S3</source_artifact_id><target_artifact_id>ViewVisitedHCPsAction</target_artifact_id></link>
	<link><source_artifact_id>UC6S3</source_artifact_id><target_artifact_id>PersonnelDAO</target_artifact_id></link>
	<link><source_artifact_id>UC8S1</source_artifact_id><target_artifact_id>/auth/patient/viewAccessLog</target_artifact_id></link>
	<link><source_artifact_id>UC8S1</source_artifact_id><target_artifact_id>ViewMyAccessLogAction</target_artifact_id></link>
	<link><source_artifact_id>UC8S1</source_artifact_id><target_artifact_id>TransactionDAO</target_artifact_id></link>
	<link><source_artifact_id>UC8S2</source_artifact_id><target_artifact_id>/auth/patient/viewAccessLog</target_artifact_id></link>
	<link><source_artifact_id>UC8S2</source_artifact_id><target_artifact_id>ViewMyAccessLogAction</target_artifact_id></link>
	<link><source_artifact_id>UC8S2</source_artifact_id><target_artifact_id>TransactionDAO</target_artifact_id></link>
	<link><source_artifact_id>UC9S1</source_artifact_id><target_artifact_id>/auth/patient/viewMyRecords</target_artifact_id></link>
	<link><source_artifact_id>UC9S1</source_artifact_id><target_artifact_id>ViewMyRecordsAction</target_artifact_id></link>
	<link><source_artifact_id>UC9S1</source_artifact_id><target_artifact_id>AllergyDAO</target_artifact_id></link>
	<link><source_artifact_id>UC9S1</source_artifact_id><target_artifact_id>ViewMyRecordsAction</target_artifact_id></link>
	<link><source_artifact_id>UC9S1</source_artifact_id><target_artifact_id>OfficeVisitDAO</target_artifact_id></link>
	<link><source_artifact_id>UC9S1</source_artifact_id><target_artifact_id>ViewMyRecordsAction</target_artifact_id></link>
	<link><source_artifact_id>UC9S1</source_artifact_id><target_artifact_id>HealthRecordsDAO</target_artifact_id></link>
	<link><source_artifact_id>UC9S1</source_artifact_id><target_artifact_id>ViewMyRecordsAction</target_artifact_id></link>
	<link><source_artifact_id>UC9S1</source_artifact_id><target_artifact_id>LabProcedureDAO</target_artifact_id></link>
	<link><source_artifact_id>UC9S2</source_artifact_id><target_artifact_id>ViewMyRecordsAction</target_artifact_id></link>
	<link><source_artifact_id>UC9S2</source_artifact_id><target_artifact_id>FamilyDAO</target_artifact_id></link>
	<link><source_artifact_id>UC9S2</source_artifact_id><target_artifact_id>FamilyDAO</target_artifact_id></link>
	<link><source_artifact_id>UC10S1</source_artifact_id><target_artifact_id>EditPHRAction</target_artifact_id></link>
	<link><source_artifact_id>UC10S1</source_artifact_id><target_artifact_id>EditPHRAction</target_artifact_id></link>
	<link><source_artifact_id>UC10S1</source_artifact_id><target_artifact_id>EditPHRAction</target_artifact_id></link>
	<link><source_artifact_id>UC10S1</source_artifact_id><target_artifact_id>EditPHRAction</target_artifact_id></link>
	<link><source_artifact_id>UC10S1</source_artifact_id><target_artifact_id>PersonnelDAO</target_artifact_id></link>
	<link><source_artifact_id>UC10S1</source_artifact_id><target_artifact_id>HealthRecordsDAO</target_artifact_id></link>
	<link><source_artifact_id>UC10S1</source_artifact_id><target_artifact_id>OfficeVisitDAO</target_artifact_id></link>
	<link><source_artifact_id>UC10S1</source_artifact_id><target_artifact_id>FamilyDAO</target_artifact_id></link>
	<link><source_artifact_id>UC10S1</source_artifact_id><target_artifact_id>FamilyDAO</target_artifact_id></link>
	<link><source_artifact_id>UC10S1</source_artifact_id><target_artifact_id>FamilyDAO</target_artifact_id></link>
	<link><source_artifact_id>UC10S1</source_artifact_id><target_artifact_id>/auth/hcp-uap/editBasicHealth</target_artifact_id></link>
	<link><source_artifact_id>UC10S1</source_artifact_id><target_artifact_id>EditHealthHistoryAction</target_artifact_id></link>
	<link><source_artifact_id>UC10S1</source_artifact_id><target_artifact_id>EditHealthHistoryAction</target_artifact_id></link>
	<link><source_artifact_id>UC10S1</source_artifact_id><target_artifact_id>EditHealthHistoryAction</target_artifact_id></link>
	<link><source_artifact_id>UC10S1</source_artifact_id><target_artifact_id>AuthDAO</target_artifact_id></link>
	<link><source_artifact_id>UC10S1</source_artifact_id><target_artifact_id>HealthRecordsDAO</target_artifact_id></link>
	<link><source_artifact_id>UC10S2</source_artifact_id><target_artifact_id>/auth/patient/home</target_artifact_id></link>
	<link><source_artifact_id>UC10S2</source_artifact_id><target_artifact_id>TransactionDAO</target_artifact_id></link>
	<link><source_artifact_id>UC10E1</source_artifact_id><target_artifact_id>/util/getUser</target_artifact_id></link>
	<link><source_artifact_id>UC10E1</source_artifact_id><target_artifact_id>GetUserNameAction</target_artifact_id></link>
	<link><source_artifact_id>UC10E1</source_artifact_id><target_artifact_id>AuthDAO</target_artifact_id></link>
	<link><source_artifact_id>UC10E2</source_artifact_id><target_artifact_id>/util/getUser</target_artifact_id></link>
	<link><source_artifact_id>UC10E2</source_artifact_id><target_artifact_id>GetUserNameAction</target_artifact_id></link>
	<link><source_artifact_id>UC10E2</source_artifact_id><target_artifact_id>AuthDAO</target_artifact_id></link>
	<link><source_artifact_id>UC11S1</source_artifact_id><target_artifact_id>/auth/hcp-uap/editOfficeVisit</target_artifact_id></link>
	<link><source_artifact_id>UC11S1</source_artifact_id><target_artifact_id>EditOfficeVisitAction</target_artifact_id></link>
	<link><source_artifact_id>UC11S1</source_artifact_id><target_artifact_id>OfficeVisitDAO</target_artifact_id></link>
	<link><source_artifact_id>UC11S1</source_artifact_id><target_artifact_id>EditOfficeVisitAction</target_artifact_id></link>
	<link><source_artifact_id>UC11S1</source_artifact_id><target_artifact_id>OfficeVisitDAO</target_artifact_id></link>
	<link><source_artifact_id>UC11S1</source_artifact_id><target_artifact_id>EditOfficeVisitAction</target_artifact_id></link>
	<link><source_artifact_id>UC11S1</source_artifact_id><target_artifact_id>AllergyDAO</target_artifact_id></link>
	<link><source_artifact_id>UC11S1</source_artifact_id><target_artifact_id>EditOfficeVisitAction</target_artifact_id></link>
	<link><source_artifact_id>UC11S1</source_artifact_id><target_artifact_id>EditOfficeVisitAction</target_artifact_id></link>
	<link><source_artifact_id>UC11S1</source_artifact_id><target_artifact_id>OfficeVisitDAO</target_artifact_id></link>
	<link><source_artifact_id>UC11S1</source_artifact_id><target_artifact_id>OfficeVisitDAO</target_artifact_id></link>
	<link><source_artifact_id>UC11S1</source_artifact_id><target_artifact_id>OfficeVisitDAO</target_artifact_id></link>
	<link><source_artifact_id>UC11S1</source_artifact_id><target_artifact_id>EditOfficeVisitAction</target_artifact_id></link>
	<link><source_artifact_id>UC11S1</source_artifact_id><target_artifact_id>OfficeVisitDAO</target_artifact_id></link>
	<link><source_artifact_id>UC11S1</source_artifact_id><target_artifact_id>EditOfficeVisitAction</target_artifact_id></link>
	<link><source_artifact_id>UC11S1</source_artifact_id><target_artifact_id>OfficeVisitDAO</target_artifact_id></link>
	<link><source_artifact_id>UC11S2</source_artifact_id><target_artifact_id>/auth/hcp-uap/editOfficeVisit</target_artifact_id></link>
	<link><source_artifact_id>UC11S2</source_artifact_id><target_artifact_id>EditOfficeVisitAction</target_artifact_id></link>
	<link><source_artifact_id>UC11S2</source_artifact_id><target_artifact_id>OfficeVisitDAO</target_artifact_id></link>
	<link><source_artifact_id>UC11S2</source_artifact_id><target_artifact_id>EditOfficeVisitAction</target_artifact_id></link>
	<link><source_artifact_id>UC11S2</source_artifact_id><target_artifact_id>OfficeVisitDAO</target_artifact_id></link>
	<link><source_artifact_id>UC11S2</source_artifact_id><target_artifact_id>EditOfficeVisitAction</target_artifact_id></link>
	<link><source_artifact_id>UC11S2</source_artifact_id><target_artifact_id>AllergyDAO</target_artifact_id></link>
	<link><source_artifact_id>UC11S2</source_artifact_id><target_artifact_id>EditOfficeVisitAction</target_artifact_id></link>
	<link><source_artifact_id>UC11S2</source_artifact_id><target_artifact_id>EditOfficeVisitAction</target_artifact_id></link>
	<link><source_artifact_id>UC11S2</source_artifact_id><target_artifact_id>EditOfficeVisitAction</target_artifact_id></link>
	<link><source_artifact_id>UC11S2</source_artifact_id><target_artifact_id>OfficeVisitDAO</target_artifact_id></link>
	<link><source_artifact_id>UC11S2</source_artifact_id><target_artifact_id>OfficeVisitDAO</target_artifact_id></link>
	<link><source_artifact_id>UC11S2</source_artifact_id><target_artifact_id>OfficeVisitDAO</target_artifact_id></link>
	<link><source_artifact_id>UC11S2</source_artifact_id><target_artifact_id>OfficeVisitDAO</target_artifact_id></link>
	<link><source_artifact_id>UC11S2</source_artifact_id><target_artifact_id>OfficeVisitDAO</target_artifact_id></link>
	<link><source_artifact_id>UC11E1</source_artifact_id><target_artifact_id>/util/getUser</target_artifact_id></link>
	<link><source_artifact_id>UC11E1</source_artifact_id><target_artifact_id>GetUserNameAction</target_artifact_id></link>
	<link><source_artifact_id>UC11E1</source_artifact_id><target_artifact_id>AuthDAO</target_artifact_id></link>
	<link><source_artifact_id>UC11E2</source_artifact_id><target_artifact_id>/util/getUser</target_artifact_id></link>
	<link><source_artifact_id>UC11E2</source_artifact_id><target_artifact_id>GetUserNameAction</target_artifact_id></link>
	<link><source_artifact_id>UC11E2</source_artifact_id><target_artifact_id>AuthDAO</target_artifact_id></link>
	<link><source_artifact_id>UC12</source_artifact_id><target_artifact_id>/auth/tester/home</target_artifact_id></link>
	<link><source_artifact_id>UC12</source_artifact_id><target_artifact_id>TransactionDAO</target_artifact_id></link>
	<link><source_artifact_id>UC13</source_artifact_id><target_artifact_id>EditRepresentativesAction</target_artifact_id></link>
	<link><source_artifact_id>UC13</source_artifact_id><target_artifact_id>EditRepresentativesAction</target_artifact_id></link>
	<link><source_artifact_id>UC13</source_artifact_id><target_artifact_id>AuthDAO</target_artifact_id></link>
	<link><source_artifact_id>UC13</source_artifact_id><target_artifact_id>PatientDAO</target_artifact_id></link>
	<link><source_artifact_id>UC13</source_artifact_id><target_artifact_id>PatientDAO</target_artifact_id></link>
	<link><source_artifact_id>UC13E1</source_artifact_id><target_artifact_id>/util/getUser</target_artifact_id></link>
	<link><source_artifact_id>UC13E1</source_artifact_id><target_artifact_id>GetUserNameAction</target_artifact_id></link>
	<link><source_artifact_id>UC13E1</source_artifact_id><target_artifact_id>AuthDAO</target_artifact_id></link>
	<link><source_artifact_id>UC15S1</source_artifact_id><target_artifact_id>/auth/admin/editCPTProcedureCodes</target_artifact_id></link>
	<link><source_artifact_id>UC15S1</source_artifact_id><target_artifact_id>UpdateCPTCodeListAction</target_artifact_id></link>
	<link><source_artifact_id>UC15S1</source_artifact_id><target_artifact_id>UpdateCPTCodeListAction</target_artifact_id></link>
	<link><source_artifact_id>UC15S1</source_artifact_id><target_artifact_id>CPTCodesDAO</target_artifact_id></link>
	<link><source_artifact_id>UC15S1</source_artifact_id><target_artifact_id>CPTCodesDAO</target_artifact_id></link>
	<link><source_artifact_id>UC15S1</source_artifact_id><target_artifact_id>CPTCodesDAO</target_artifact_id></link>
	<link><source_artifact_id>UC15S2</source_artifact_id><target_artifact_id>/auth/admin/editICDCodes</target_artifact_id></link>
	<link><source_artifact_id>UC15S2</source_artifact_id><target_artifact_id>UpdateICDCodeListAction</target_artifact_id></link>
	<link><source_artifact_id>UC15S2</source_artifact_id><target_artifact_id>UpdateICDCodeListAction</target_artifact_id></link>
	<link><source_artifact_id>UC15S2</source_artifact_id><target_artifact_id>ICDCodesDAO</target_artifact_id></link>
	<link><source_artifact_id>UC15S2</source_artifact_id><target_artifact_id>ICDCodesDAO</target_artifact_id></link>
	<link><source_artifact_id>UC15S2</source_artifact_id><target_artifact_id>ICDCodesDAO</target_artifact_id></link>
	<link><source_artifact_id>UC15S3</source_artifact_id><target_artifact_id>/auth/admin/editNDCodes</target_artifact_id></link>
	<link><source_artifact_id>UC15S3</source_artifact_id><target_artifact_id>UpdateNDCodeListAction</target_artifact_id></link>
	<link><source_artifact_id>UC15S3</source_artifact_id><target_artifact_id>UpdateNDCodeListAction</target_artifact_id></link>
	<link><source_artifact_id>UC15S3</source_artifact_id><target_artifact_id>NDCodesDAO</target_artifact_id></link>
	<link><source_artifact_id>UC15S3</source_artifact_id><target_artifact_id>NDCodesDAO</target_artifact_id></link>
	<link><source_artifact_id>UC15S3</source_artifact_id><target_artifact_id>NDCodesDAO</target_artifact_id></link>
	<link><source_artifact_id>UC15S4</source_artifact_id><target_artifact_id>/auth/admin/editLOINCCodes</target_artifact_id></link>
	<link><source_artifact_id>UC15S4</source_artifact_id><target_artifact_id>UpdateLOINCListAction</target_artifact_id></link>
	<link><source_artifact_id>UC15S4</source_artifact_id><target_artifact_id>UpdateLOINCListAction</target_artifact_id></link>
	<link><source_artifact_id>UC15S4</source_artifact_id><target_artifact_id>LOINCDAO</target_artifact_id></link>
	<link><source_artifact_id>UC15S4</source_artifact_id><target_artifact_id>LOINCDAO</target_artifact_id></link>
	<link><source_artifact_id>UC15S4</source_artifact_id><target_artifact_id>LOINCDAO</target_artifact_id></link>
	<link><source_artifact_id>UC15E1</source_artifact_id><target_artifact_id>LOINCBeanValidator</target_artifact_id></link>
	<link><source_artifact_id>UC15E1</source_artifact_id><target_artifact_id>MedicationBeanValidator</target_artifact_id></link>
	<link><source_artifact_id>UC15E1</source_artifact_id><target_artifact_id>DiagnosisBeanValidator</target_artifact_id></link>
	<link><source_artifact_id>UC15E1</source_artifact_id><target_artifact_id>ProcedureBeanValidator</target_artifact_id></link>
	<link><source_artifact_id>UC16</source_artifact_id><target_artifact_id>/auth/hcp-uap/chronicDiseaseRisks</target_artifact_id></link>
	<link><source_artifact_id>UC16</source_artifact_id><target_artifact_id>ChronicDiseaseRiskAction</target_artifact_id></link>
	<link><source_artifact_id>UC16</source_artifact_id><target_artifact_id>ChronicDiseaseRiskAction</target_artifact_id></link>
	<link><source_artifact_id>UC16</source_artifact_id><target_artifact_id>RiskChecker</target_artifact_id></link>
	<link><source_artifact_id>UC16</source_artifact_id><target_artifact_id>HeartDiseaseRisks</target_artifact_id></link>
	<link><source_artifact_id>UC16</source_artifact_id><target_artifact_id>Type1DiabetesRisks</target_artifact_id></link>
	<link><source_artifact_id>UC16</source_artifact_id><target_artifact_id>Type2DiabetesRisks</target_artifact_id></link>
	<link><source_artifact_id>UC16</source_artifact_id><target_artifact_id>HealthRecordsDAO</target_artifact_id></link>
	<link><source_artifact_id>UC17S1</source_artifact_id><target_artifact_id>/auth/hcp/visitReminders</target_artifact_id></link>
	<link><source_artifact_id>UC17S1</source_artifact_id><target_artifact_id>GetVisitRemindersAction</target_artifact_id></link>
	<link><source_artifact_id>UC17S1</source_artifact_id><target_artifact_id>VisitRemindersDAO</target_artifact_id></link>
	<link><source_artifact_id>UC17S1</source_artifact_id><target_artifact_id>/auth/hcp/visitReminders</target_artifact_id></link>
	<link><source_artifact_id>UC17S2</source_artifact_id><target_artifact_id>GetVisitRemindersAction</target_artifact_id></link>
	<link><source_artifact_id>UC17S2</source_artifact_id><target_artifact_id>VisitRemindersDAO</target_artifact_id></link>
	<link><source_artifact_id>UC17S1</source_artifact_id><target_artifact_id>/auth/hcp/visitReminders</target_artifact_id></link>
	<link><source_artifact_id>UC17S3</source_artifact_id><target_artifact_id>GetVisitRemindersAction</target_artifact_id></link>
	<link><source_artifact_id>UC17S3</source_artifact_id><target_artifact_id>GetVisitRemindersAction</target_artifact_id></link>
	<link><source_artifact_id>UC17S3</source_artifact_id><target_artifact_id>GetVisitRemindersAction</target_artifact_id></link>
	<link><source_artifact_id>UC17S3</source_artifact_id><target_artifact_id>VisitRemindersDAO</target_artifact_id></link>
	<link><source_artifact_id>UC18S1</source_artifact_id><target_artifact_id>/auth/admin/hospitalListing</target_artifact_id></link>
	<link><source_artifact_id>UC18S1</source_artifact_id><target_artifact_id>UpdateHospitalListAction</target_artifact_id></link>
	<link><source_artifact_id>UC18S1</source_artifact_id><target_artifact_id>HospitalsDAO</target_artifact_id></link>
	<link><source_artifact_id>UC18S2</source_artifact_id><target_artifact_id>/auth/admin/hospitalListing</target_artifact_id></link>
	<link><source_artifact_id>UC18S2</source_artifact_id><target_artifact_id>UpdateHospitalListAction</target_artifact_id></link>
	<link><source_artifact_id>UC18S2</source_artifact_id><target_artifact_id>UpdateHospitalListAction</target_artifact_id></link>
	<link><source_artifact_id>UC18S2</source_artifact_id><target_artifact_id>HospitalsDAO</target_artifact_id></link>
	<link><source_artifact_id>UC18E1</source_artifact_id><target_artifact_id>HospitalBeanValidator</target_artifact_id></link>
	<link><source_artifact_id>UC18E2</source_artifact_id><target_artifact_id>HospitalBeanValidator</target_artifact_id></link>
	<link><source_artifact_id>UC19S1</source_artifact_id><target_artifact_id>/auth/patient/viewPrescriptionRecords</target_artifact_id></link>
	<link><source_artifact_id>UC19S1</source_artifact_id><target_artifact_id>ViewPrescriptionRecordsAction</target_artifact_id></link>
	<link><source_artifact_id>UC19S1</source_artifact_id><target_artifact_id>PatientDAO</target_artifact_id></link>
	<link><source_artifact_id>UC19S1</source_artifact_id><target_artifact_id>EmailUtil</target_artifact_id></link>
	<link><source_artifact_id>UC19S2</source_artifact_id><target_artifact_id>/auth/hcp-uap/getPrescriptionReport</target_artifact_id></link>
	<link><source_artifact_id>UC19S2</source_artifact_id><target_artifact_id>ViewPrescriptionRecordsAction</target_artifact_id></link>
	<link><source_artifact_id>UC19S2</source_artifact_id><target_artifact_id>PatientDAO</target_artifact_id></link>
	<link><source_artifact_id>UC19S3</source_artifact_id><target_artifact_id>/auth/hcp-uap/getPrescriptionReport</target_artifact_id></link>
	<link><source_artifact_id>UC19S3</source_artifact_id><target_artifact_id>/auth/patient/viewPrescriptionRecords</target_artifact_id></link>
	<link><source_artifact_id>UC19E1</source_artifact_id><target_artifact_id>/util/getUser</target_artifact_id></link>
	<link><source_artifact_id>UC19E1</source_artifact_id><target_artifact_id>GetUserNameAction</target_artifact_id></link>
	<link><source_artifact_id>UC19E1</source_artifact_id><target_artifact_id>AuthDAO</target_artifact_id></link>
	<link><source_artifact_id>UC19E2</source_artifact_id><target_artifact_id>/util/getUser</target_artifact_id></link>
	<link><source_artifact_id>UC19E2</source_artifact_id><target_artifact_id>GetUserNameAction</target_artifact_id></link>
	<link><source_artifact_id>UC19E2</source_artifact_id><target_artifact_id>AuthDAO</target_artifact_id></link>
	<link><source_artifact_id>UC21S1</source_artifact_id><target_artifact_id>/auth/hcp-er/emergencyReport</target_artifact_id></link>
	<link><source_artifact_id>UC21S1</source_artifact_id><target_artifact_id>EmergencyReportAction</target_artifact_id></link>
	<link><source_artifact_id>UC21S1</source_artifact_id><target_artifact_id>EmergencyReportAction</target_artifact_id></link>
	<link><source_artifact_id>UC21S1</source_artifact_id><target_artifact_id>EmergencyReportAction</target_artifact_id></link>
	<link><source_artifact_id>UC21S1</source_artifact_id><target_artifact_id>EmergencyReportAction</target_artifact_id></link>
	<link><source_artifact_id>UC21S1</source_artifact_id><target_artifact_id>EmergencyReportAction</target_artifact_id></link>
	<link><source_artifact_id>UC21S1</source_artifact_id><target_artifact_id>EmergencyReportAction</target_artifact_id></link>
	<link><source_artifact_id>UC21S1</source_artifact_id><target_artifact_id>EmergencyReportAction</target_artifact_id></link>
	<link><source_artifact_id>UC21S1</source_artifact_id><target_artifact_id>EmergencyReportAction</target_artifact_id></link>
	<link><source_artifact_id>UC21S1</source_artifact_id><target_artifact_id>EmergencyReportAction</target_artifact_id></link>
	<link><source_artifact_id>UC21S1</source_artifact_id><target_artifact_id>PatientDAO</target_artifact_id></link>
	<link><source_artifact_id>UC21S1</source_artifact_id><target_artifact_id>AllergyDAO</target_artifact_id></link>
	<link><source_artifact_id>UC21S1</source_artifact_id><target_artifact_id>PatientDAO</target_artifact_id></link>
	<link><source_artifact_id>UC21S1</source_artifact_id><target_artifact_id>PatientDAO</target_artifact_id></link>
	<link><source_artifact_id>UC21S1</source_artifact_id><target_artifact_id>PatientDAO</target_artifact_id></link>
	<link><source_artifact_id>UC21E1</source_artifact_id><target_artifact_id>/util/getUser</target_artifact_id></link>
	<link><source_artifact_id>UC21E1</source_artifact_id><target_artifact_id>GetUserNameAction</target_artifact_id></link>
	<link><source_artifact_id>UC21E1</source_artifact_id><target_artifact_id>AuthDAO</target_artifact_id></link>
	<link><source_artifact_id>UC21E2</source_artifact_id><target_artifact_id>/util/getUser</target_artifact_id></link>
	<link><source_artifact_id>UC21E2</source_artifact_id><target_artifact_id>GetUserNameAction</target_artifact_id></link>
	<link><source_artifact_id>UC21E2</source_artifact_id><target_artifact_id>AuthDAO</target_artifact_id></link>
	<link><source_artifact_id>UC23S1</source_artifact_id><target_artifact_id>/auth/getPatientID</target_artifact_id></link>
	<link><source_artifact_id>UC23S1</source_artifact_id><target_artifact_id>/util/getUser</target_artifact_id></link>
	<link><source_artifact_id>UC23S1</source_artifact_id><target_artifact_id>GetUserNameAction</target_artifact_id></link>
	<link><source_artifact_id>UC23S1</source_artifact_id><target_artifact_id>AuthDAO</target_artifact_id></link>
	<link><source_artifact_id>UC23S3</source_artifact_id><target_artifact_id>/auth/hcp-uap/viewReport</target_artifact_id></link>
	<link><source_artifact_id>UC23S3</source_artifact_id><target_artifact_id>ViewMyReportRequestsAction</target_artifact_id></link>
	<link><source_artifact_id>UC23S3</source_artifact_id><target_artifact_id>ViewMyRecordsAction</target_artifact_id></link>
	<link><source_artifact_id>UC23S3</source_artifact_id><target_artifact_id>ViewMyRecordsAction</target_artifact_id></link>
	<link><source_artifact_id>UC23S3</source_artifact_id><target_artifact_id>ViewMyRecordsAction</target_artifact_id></link>
	<link><source_artifact_id>UC23S3</source_artifact_id><target_artifact_id>ViewMyRecordsAction</target_artifact_id></link>
	<link><source_artifact_id>UC23S3</source_artifact_id><target_artifact_id>ViewMyRecordsAction</target_artifact_id></link>
	<link><source_artifact_id>UC23S3</source_artifact_id><target_artifact_id>ViewMyRecordsAction</target_artifact_id></link>
	<link><source_artifact_id>UC23S3</source_artifact_id><target_artifact_id>ViewMyRecordsAction</target_artifact_id></link>
	<link><source_artifact_id>UC23S3</source_artifact_id><target_artifact_id>ViewReportAction</target_artifact_id></link>
	<link><source_artifact_id>UC23S3</source_artifact_id><target_artifact_id>ViewReportAction</target_artifact_id></link>
	<link><source_artifact_id>UC23S3</source_artifact_id><target_artifact_id>ViewReportAction</target_artifact_id></link>
	<link><source_artifact_id>UC23S3</source_artifact_id><target_artifact_id>ViewReportAction</target_artifact_id></link>
	<link><source_artifact_id>UC23S3</source_artifact_id><target_artifact_id>ReportRequestDAO</target_artifact_id></link>
	<link><source_artifact_id>UC23S3</source_artifact_id><target_artifact_id>PatientDAO</target_artifact_id></link>
	<link><source_artifact_id>UC23S3</source_artifact_id><target_artifact_id>OfficeVisitDAO</target_artifact_id></link>
	<link><source_artifact_id>UC23S3</source_artifact_id><target_artifact_id>HealthRecordsDAO</target_artifact_id></link>
	<link><source_artifact_id>UC23S3</source_artifact_id><target_artifact_id>AllergyDAO</target_artifact_id></link>
	<link><source_artifact_id>UC23S3</source_artifact_id><target_artifact_id>PatientDAO</target_artifact_id></link>
	<link><source_artifact_id>UC23S3</source_artifact_id><target_artifact_id>PatientDAO</target_artifact_id></link>
	<link><source_artifact_id>UC23S3</source_artifact_id><target_artifact_id>FamilyDAO</target_artifact_id></link>
	<link><source_artifact_id>UC23S3</source_artifact_id><target_artifact_id>FamilyDAO</target_artifact_id></link>
	<link><source_artifact_id>UC23S3</source_artifact_id><target_artifact_id>FamilyDAO</target_artifact_id></link>
	<link><source_artifact_id>UC23S3</source_artifact_id><target_artifact_id>PatientDAO</target_artifact_id></link>
	<link><source_artifact_id>UC23S3</source_artifact_id><target_artifact_id>PatientDAO</target_artifact_id></link>
	<link><source_artifact_id>UC23S3</source_artifact_id><target_artifact_id>PatientDAO</target_artifact_id></link>
	<link><source_artifact_id>UC23S3</source_artifact_id><target_artifact_id>PatientDAO</target_artifact_id></link>
	<link><source_artifact_id>UC23S4</source_artifact_id><target_artifact_id>/auth/hcp-uap/viewMyReportRequests</target_artifact_id></link>
	<link><source_artifact_id>UC23S4</source_artifact_id><target_artifact_id>ViewMyReportRequestsAction</target_artifact_id></link>
	<link><source_artifact_id>UC23S4</source_artifact_id><target_artifact_id>ReportRequestDAO</target_artifact_id></link>
	<link><source_artifact_id>UC23E1</source_artifact_id><target_artifact_id>/util/getUser</target_artifact_id></link>
	<link><source_artifact_id>UC23E1</source_artifact_id><target_artifact_id>GetUserNameAction</target_artifact_id></link>
	<link><source_artifact_id>UC23E1</source_artifact_id><target_artifact_id>AuthDAO</target_artifact_id></link>
	<link><source_artifact_id>UC23E2</source_artifact_id><target_artifact_id>/auth/getPatientID</target_artifact_id></link>
	<link><source_artifact_id>UC23E2</source_artifact_id><target_artifact_id>/util/getUser</target_artifact_id></link>
	<link><source_artifact_id>UC23E2</source_artifact_id><target_artifact_id>GetUserNameAction</target_artifact_id></link>
	<link><source_artifact_id>UC23E2</source_artifact_id><target_artifact_id>AuthDAO</target_artifact_id></link>
	<link><source_artifact_id>UC24</source_artifact_id><target_artifact_id>/auth/patient/survey</target_artifact_id></link>
	<link><source_artifact_id>UC24</source_artifact_id><target_artifact_id>SurveyAction</target_artifact_id></link>
	<link><source_artifact_id>UC24</source_artifact_id><target_artifact_id>SurveyDAO</target_artifact_id></link>
	<link><source_artifact_id>UC25</source_artifact_id><target_artifact_id>/auth/surveyResults</target_artifact_id></link>
	<link><source_artifact_id>UC25</source_artifact_id><target_artifact_id>ViewSurveyResultAction</target_artifact_id></link>
	<link><source_artifact_id>UC25</source_artifact_id><target_artifact_id>ViewSurveyResultAction</target_artifact_id></link>
	<link><source_artifact_id>UC25</source_artifact_id><target_artifact_id>HospitalsDAO</target_artifact_id></link>
	<link><source_artifact_id>UC25</source_artifact_id><target_artifact_id>SurveyResultDAO</target_artifact_id></link>
	<link><source_artifact_id>UC25</source_artifact_id><target_artifact_id>SurveyResultDAO</target_artifact_id></link>
	<link><source_artifact_id>UC25E1</source_artifact_id><target_artifact_id>/auth/surveyResults</target_artifact_id></link>
	<link><source_artifact_id>UC26S1</source_artifact_id><target_artifact_id>/auth/patient/viewMyRecords</target_artifact_id></link>
	<link><source_artifact_id>UC26S1</source_artifact_id><target_artifact_id>ViewMyRecordsAction</target_artifact_id></link>
	<link><source_artifact_id>UC26S1</source_artifact_id><target_artifact_id>LabProcedureDAO</target_artifact_id></link>
	<link><source_artifact_id>UC26S2</source_artifact_id><target_artifact_id>/auth/getPatientID</target_artifact_id></link>
	<link><source_artifact_id>UC26S2</source_artifact_id><target_artifact_id>/util/getUser</target_artifact_id></link>
	<link><source_artifact_id>UC26S2</source_artifact_id><target_artifact_id>GetUserNameAction</target_artifact_id></link>
	<link><source_artifact_id>UC26S2</source_artifact_id><target_artifact_id>AuthDAO</target_artifact_id></link>
	<link><source_artifact_id>UC26S2</source_artifact_id><target_artifact_id>/auth/hcp/LabProcHCP</target_artifact_id></link>
	<link><source_artifact_id>UC26S2</source_artifact_id><target_artifact_id>LabProcUAPAction</target_artifact_id></link>
	<link><source_artifact_id>UC26S2</source_artifact_id><target_artifact_id>EditPatientAction</target_artifact_id></link>
	<link><source_artifact_id>UC26S2</source_artifact_id><target_artifact_id>PatientDAO</target_artifact_id></link>
	<link><source_artifact_id>UC26S2</source_artifact_id><target_artifact_id>LabProcedureDAO</target_artifact_id></link>
	<link><source_artifact_id>UC26S3</source_artifact_id><target_artifact_id>/auth/getPatientID</target_artifact_id></link>
	<link><source_artifact_id>UC26S3</source_artifact_id><target_artifact_id>/util/getUser</target_artifact_id></link>
	<link><source_artifact_id>UC26S3</source_artifact_id><target_artifact_id>GetUserNameAction</target_artifact_id></link>
	<link><source_artifact_id>UC26S3</source_artifact_id><target_artifact_id>AuthDAO</target_artifact_id></link>
	<link><source_artifact_id>UC26S3</source_artifact_id><target_artifact_id>/auth/hcp-uap/updateLabProc</target_artifact_id></link>
	<link><source_artifact_id>UC26S3</source_artifact_id><target_artifact_id>LabProcUAPAction</target_artifact_id></link>
	<link><source_artifact_id>UC26S3</source_artifact_id><target_artifact_id>LabProcedureDAO</target_artifact_id></link>
	<link><source_artifact_id>UC26S4</source_artifact_id><target_artifact_id>/auth/patient/home</target_artifact_id></link>
	<link><source_artifact_id>UC26S4</source_artifact_id><target_artifact_id>LabProcedureDAO</target_artifact_id></link>
	<link><source_artifact_id>UC26E1</source_artifact_id><target_artifact_id>/auth/getPatientID</target_artifact_id></link>
	<link><source_artifact_id>UC26E1</source_artifact_id><target_artifact_id>/util/getUser</target_artifact_id></link>
	<link><source_artifact_id>UC26E1</source_artifact_id><target_artifact_id>GetUserNameAction</target_artifact_id></link>
	<link><source_artifact_id>UC26E1</source_artifact_id><target_artifact_id>AuthDAO</target_artifact_id></link>
	<link><source_artifact_id>UC26E2</source_artifact_id><target_artifact_id>/auth/getPatientID</target_artifact_id></link>
	<link><source_artifact_id>UC26E2</source_artifact_id><target_artifact_id>/util/getUser</target_artifact_id></link>
	<link><source_artifact_id>UC26E2</source_artifact_id><target_artifact_id>GetUserNameAction</target_artifact_id></link>
	<link><source_artifact_id>UC26E2</source_artifact_id><target_artifact_id>AuthDAO</target_artifact_id></link>
	<link><source_artifact_id>UC27S1</source_artifact_id><target_artifact_id>/util/resetPassword</target_artifact_id></link>
	<link><source_artifact_id>UC27S1</source_artifact_id><target_artifact_id>ResetPasswordAction</target_artifact_id></link>
	<link><source_artifact_id>UC27S1</source_artifact_id><target_artifact_id>EmailUtil</target_artifact_id></link>
	<link><source_artifact_id>UC27S2</source_artifact_id><target_artifact_id>/auth/hcp-uap/updateLabProc</target_artifact_id></link>
	<link><source_artifact_id>UC27S2</source_artifact_id><target_artifact_id>LabProcUAPAction</target_artifact_id></link>
	<link><source_artifact_id>UC27S2</source_artifact_id><target_artifact_id>EmailUtil</target_artifact_id></link>
	<link><source_artifact_id>UC28</source_artifact_id><target_artifact_id>/auth/hcp-uap/viewPatientOfficeVisitHistory</target_artifact_id></link>
	<link><source_artifact_id>UC28</source_artifact_id><target_artifact_id>ViewPatientOfficeVisitHistoryAction</target_artifact_id></link>
	<link><source_artifact_id>UC28</source_artifact_id><target_artifact_id>OfficeVisitDAO</target_artifact_id></link>
	<link><source_artifact_id>UC28</source_artifact_id><target_artifact_id>PatientDAO</target_artifact_id></link>
	<link><source_artifact_id>UC29</source_artifact_id><target_artifact_id>/auth/patient/myDiagnoses</target_artifact_id></link>
	<link><source_artifact_id>UC29</source_artifact_id><target_artifact_id>MyDiagnosisAction</target_artifact_id></link>
	<link><source_artifact_id>UC29</source_artifact_id><target_artifact_id>PatientDAO</target_artifact_id></link>
	<link><source_artifact_id>UC29</source_artifact_id><target_artifact_id>MyDiagnosisAction</target_artifact_id></link>
	<link><source_artifact_id>UC29</source_artifact_id><target_artifact_id>PatientDAO</target_artifact_id></link>
	<link><source_artifact_id>UC29</source_artifact_id><target_artifact_id>PersonnelDAO</target_artifact_id></link>
	<link><source_artifact_id>UC29</source_artifact_id><target_artifact_id>OfficeVisitDAO</target_artifact_id></link>
	<link><source_artifact_id>UC29</source_artifact_id><target_artifact_id>LabProcedureDAO</target_artifact_id></link>
	<link><source_artifact_id>UC29</source_artifact_id><target_artifact_id>PersonnelDAO</target_artifact_id></link>
	<link><source_artifact_id>UC30S1</source_artifact_id><target_artifact_id>/auth/patient/sendMessage</target_artifact_id></link>
	<link><source_artifact_id>UC30S1</source_artifact_id><target_artifact_id>SendMessageAction</target_artifact_id></link>
	<link><source_artifact_id>UC30S1</source_artifact_id><target_artifact_id>MessageDAO</target_artifact_id></link>
	<link><source_artifact_id>UC30S1</source_artifact_id><target_artifact_id>EmailUtil</target_artifact_id></link>
	<link><source_artifact_id>UC30S2</source_artifact_id><target_artifact_id>/auth/getPatientID</target_artifact_id></link>
	<link><source_artifact_id>UC30S2</source_artifact_id><target_artifact_id>/util/getUser</target_artifact_id></link>
	<link><source_artifact_id>UC30S2</source_artifact_id><target_artifact_id>GetUserNameAction</target_artifact_id></link>
	<link><source_artifact_id>UC30S2</source_artifact_id><target_artifact_id>AuthDAO</target_artifact_id></link>
	<link><source_artifact_id>UC30S2</source_artifact_id><target_artifact_id>/auth/hcp/sendMessage</target_artifact_id></link>
	<link><source_artifact_id>UC30S2</source_artifact_id><target_artifact_id>SendMessageAction</target_artifact_id></link>
	<link><source_artifact_id>UC30S2</source_artifact_id><target_artifact_id>PatientDAO</target_artifact_id></link>
	<link><source_artifact_id>UC30S3</source_artifact_id><target_artifact_id>/auth/patient/viewMyMessages</target_artifact_id></link>
	<link><source_artifact_id>UC30S3</source_artifact_id><target_artifact_id>ViewMyMessagesAction</target_artifact_id></link>
	<link><source_artifact_id>UC30S3</source_artifact_id><target_artifact_id>MessageDAO</target_artifact_id></link>
	<link><source_artifact_id>UC30S3</source_artifact_id><target_artifact_id>SendMessageAction</target_artifact_id></link>
	<link><source_artifact_id>UC30S3</source_artifact_id><target_artifact_id>MessageDAO</target_artifact_id></link>
	<link><source_artifact_id>UC30S4</source_artifact_id><target_artifact_id>/auth/hcp/viewMyMessages</target_artifact_id></link>
	<link><source_artifact_id>UC30S4</source_artifact_id><target_artifact_id>ViewMyMessagesAction</target_artifact_id></link>
	<link><source_artifact_id>UC30S4</source_artifact_id><target_artifact_id>MessageDAO</target_artifact_id></link>
	<link><source_artifact_id>UC30S4</source_artifact_id><target_artifact_id>/auth/hcp/reply</target_artifact_id></link>
	<link><source_artifact_id>UC30S4</source_artifact_id><target_artifact_id>SendMessageAction</target_artifact_id></link>
	<link><source_artifact_id>UC30S4</source_artifact_id><target_artifact_id>MessageDAO</target_artifact_id></link>
	<link><source_artifact_id>UC30S5</source_artifact_id><target_artifact_id>/auth/patient/viewMyMessages</target_artifact_id></link>
	<link><source_artifact_id>UC30S5</source_artifact_id><target_artifact_id>ViewMyMessagesAction</target_artifact_id></link>
	<link><source_artifact_id>UC30S5</source_artifact_id><target_artifact_id>MessageDAO</target_artifact_id></link>
	<link><source_artifact_id>UC30S5</source_artifact_id><target_artifact_id>/auth/patient/viewMyMessages</target_artifact_id></link>
	<link><source_artifact_id>UC30S5</source_artifact_id><target_artifact_id>ViewMyMessagesAction</target_artifact_id></link>
	<link><source_artifact_id>UC30S5</source_artifact_id><target_artifact_id>MessageDAO</target_artifact_id></link>
	<link><source_artifact_id>UC30S5</source_artifact_id><target_artifact_id>/auth/hcp/viewMyMessages</target_artifact_id></link>
	<link><source_artifact_id>UC30E1</source_artifact_id><target_artifact_id>/util/getUser</target_artifact_id></link>
	<link><source_artifact_id>UC30E1</source_artifact_id><target_artifact_id>GetUserNameAction</target_artifact_id></link>
	<link><source_artifact_id>UC30E1</source_artifact_id><target_artifact_id>AuthDAO</target_artifact_id></link>
	<link><source_artifact_id>UC30E2</source_artifact_id><target_artifact_id>/auth/getPatientID</target_artifact_id></link>
	<link><source_artifact_id>UC30E2</source_artifact_id><target_artifact_id>/util/getUser</target_artifact_id></link>
	<link><source_artifact_id>UC30E2</source_artifact_id><target_artifact_id>GetUserNameAction</target_artifact_id></link>
	<link><source_artifact_id>UC30E2</source_artifact_id><target_artifact_id>AuthDAO</target_artifact_id></link>
	<link><source_artifact_id>UC31S1</source_artifact_id><target_artifact_id>/auth/patient/viewExpiredPrescriptionRecords</target_artifact_id></link>
	<link><source_artifact_id>UC31S1</source_artifact_id><target_artifact_id>PatientDAO</target_artifact_id></link>
	<link><source_artifact_id>UC31S1</source_artifact_id><target_artifact_id>ViewExpiredPrescriptionsAction</target_artifact_id></link>
	<link><source_artifact_id>UC31S1</source_artifact_id><target_artifact_id>PatientDAO</target_artifact_id></link>
	<link><source_artifact_id>UC31S1</source_artifact_id><target_artifact_id>PersonnelDAO</target_artifact_id></link>
	<link><source_artifact_id>UC31S2</source_artifact_id><target_artifact_id>/auth/patient/viewExpiredPrescriptionRecords</target_artifact_id></link>
	<link><source_artifact_id>UC31S2</source_artifact_id><target_artifact_id>/auth/patient/viewLHCP</target_artifact_id></link>
	<link><source_artifact_id>UC32S2</source_artifact_id><target_artifact_id>/auth/hcp/viewPrescriptionRenewalNeeds</target_artifact_id></link>
	<link><source_artifact_id>UC32S2</source_artifact_id><target_artifact_id>ViewPrescriptionRenewalNeedsAction</target_artifact_id></link>
	<link><source_artifact_id>UC32S2</source_artifact_id><target_artifact_id>PersonnelDAO</target_artifact_id></link>
	<link><source_artifact_id>UC32S2</source_artifact_id><target_artifact_id>PatientDAO</target_artifact_id></link>
	<link><source_artifact_id>UC32E1</source_artifact_id><target_artifact_id>/auth/hcp/viewPrescriptionRenewalNeeds</target_artifact_id></link>
	<link><source_artifact_id>UC33S1</source_artifact_id><target_artifact_id>/auth/hcp/hcpConsultation</target_artifact_id></link>
	<link><source_artifact_id>UC33S1</source_artifact_id><target_artifact_id>PatientDAO</target_artifact_id></link>
	<link><source_artifact_id>UC33S1</source_artifact_id><target_artifact_id>PersonnelDAO</target_artifact_id></link>
	<link><source_artifact_id>UC33S1</source_artifact_id><target_artifact_id>PatientDAO</target_artifact_id></link>
	<link><source_artifact_id>UC33S1</source_artifact_id><target_artifact_id>ReferralManagementAction</target_artifact_id></link>
	<link><source_artifact_id>UC33S1</source_artifact_id><target_artifact_id>ReferralDAO</target_artifact_id></link>
	<link><source_artifact_id>UC33S2</source_artifact_id><target_artifact_id>/auth/hcp/hcpConsultation</target_artifact_id></link>
	<link><source_artifact_id>UC33S2</source_artifact_id><target_artifact_id>ReferralManagementAction</target_artifact_id></link>
	<link><source_artifact_id>UC33S2</source_artifact_id><target_artifact_id>ReferralManagementAction</target_artifact_id></link>
	<link><source_artifact_id>UC33S2</source_artifact_id><target_artifact_id>PatientDAO</target_artifact_id></link>
	<link><source_artifact_id>UC33S2</source_artifact_id><target_artifact_id>PersonnelDAO</target_artifact_id></link>
	<link><source_artifact_id>UC33S2</source_artifact_id><target_artifact_id>ReferralDAO</target_artifact_id></link>
	<link><source_artifact_id>UC33S2</source_artifact_id><target_artifact_id>ReferralDAO</target_artifact_id></link>
	<link><source_artifact_id>UC33S2</source_artifact_id><target_artifact_id>ReferralManagementAction</target_artifact_id></link>
	<link><source_artifact_id>UC33S2</source_artifact_id><target_artifact_id>ReferralDAO</target_artifact_id></link>
	<link><source_artifact_id>UC33E1</source_artifact_id><target_artifact_id>/auth/hcp/hcpConsultation</target_artifact_id></link>
	<link><source_artifact_id>UC33E2</source_artifact_id><target_artifact_id>/auth/hcp/hcpConsultation</target_artifact_id></link>
	<link><source_artifact_id>UC34S1</source_artifact_id><target_artifact_id>/auth/getPatientID</target_artifact_id></link>
	<link><source_artifact_id>UC34S1</source_artifact_id><target_artifact_id>/util/getUser</target_artifact_id></link>
	<link><source_artifact_id>UC34S1</source_artifact_id><target_artifact_id>GetUserNameAction</target_artifact_id></link>
	<link><source_artifact_id>UC34S1</source_artifact_id><target_artifact_id>AuthDAO</target_artifact_id></link>
	<link><source_artifact_id>UC34S1</source_artifact_id><target_artifact_id>/auth/hcp/editPatientList</target_artifact_id></link>
	<link><source_artifact_id>UC34S1</source_artifact_id><target_artifact_id>EditMonitoringListAction</target_artifact_id></link>
	<link><source_artifact_id>UC34S1</source_artifact_id><target_artifact_id>EditMonitoringListAction</target_artifact_id></link>
	<link><source_artifact_id>UC34S1</source_artifact_id><target_artifact_id>AuthDAO</target_artifact_id></link>
	<link><source_artifact_id>UC34S1</source_artifact_id><target_artifact_id>RemoteMonitoringDAO</target_artifact_id></link>
	<link><source_artifact_id>UC34S2</source_artifact_id><target_artifact_id>/auth/patient/addTelemedicineData</target_artifact_id></link>
	<link><source_artifact_id>UC34S2</source_artifact_id><target_artifact_id>AddRemoteMonitoringDataAction</target_artifact_id></link>
	<link><source_artifact_id>UC34S2</source_artifact_id><target_artifact_id>RemoteMonitoringDAO</target_artifact_id></link>
	<link><source_artifact_id>UC34S3</source_artifact_id><target_artifact_id>/auth/hcp/monitorPatients</target_artifact_id></link>
	<link><source_artifact_id>UC34S3</source_artifact_id><target_artifact_id>ViewMyRemoteMonitoringListAction</target_artifact_id></link>
	<link><source_artifact_id>UC34S3</source_artifact_id><target_artifact_id>AuthDAO</target_artifact_id></link>
	<link><source_artifact_id>UC34S3</source_artifact_id><target_artifact_id>RemoteMonitoringDAO</target_artifact_id></link>
	<link><source_artifact_id>UC34S4</source_artifact_id><target_artifact_id>/auth/hcp/viewAdditionalInfo</target_artifact_id></link>
	<link><source_artifact_id>UC34S4</source_artifact_id><target_artifact_id>ViewMyRemoteMonitoringListAction</target_artifact_id></link>
	<link><source_artifact_id>UC34S4</source_artifact_id><target_artifact_id>PatientDAO</target_artifact_id></link>
	<link><source_artifact_id>UC34S4</source_artifact_id><target_artifact_id>PatientDAO</target_artifact_id></link>
	<link><source_artifact_id>UC34S4</source_artifact_id><target_artifact_id>RemoteMonitoringDAO</target_artifact_id></link>
	<link><source_artifact_id>UC34S5</source_artifact_id><target_artifact_id>/auth/uap/getPatientMonitorList</target_artifact_id></link>
	<link><source_artifact_id>UC34S5</source_artifact_id><target_artifact_id>ViewMyRemoteMonitoringListAction</target_artifact_id></link>
	<link><source_artifact_id>UC34S5</source_artifact_id><target_artifact_id>RemoteMonitoringDAO</target_artifact_id></link>
	<link><source_artifact_id>UC34S5</source_artifact_id><target_artifact_id>ViewMyRemoteMonitoringListAction</target_artifact_id></link>
	<link><source_artifact_id>UC34S5</source_artifact_id><target_artifact_id>AuthDAO</target_artifact_id></link>
	<link><source_artifact_id>UC34S5</source_artifact_id><target_artifact_id>/auth/uap/addTelemedicineData</target_artifact_id></link>
	<link><source_artifact_id>UC34S5</source_artifact_id><target_artifact_id>AddRemoteMonitoringDataAction</target_artifact_id></link>
	<link><source_artifact_id>UC34S5</source_artifact_id><target_artifact_id>RemoteMonitoringDAO</target_artifact_id></link>
	<link><source_artifact_id>UC34S6</source_artifact_id><target_artifact_id>/auth/patient/addTelemedicineData</target_artifact_id></link>
	<link><source_artifact_id>UC34S6</source_artifact_id><target_artifact_id>AddRemoteMonitoringDataAction</target_artifact_id></link>
	<link><source_artifact_id>UC34S6</source_artifact_id><target_artifact_id>RemoteMonitoringDAO</target_artifact_id></link>
	<link><source_artifact_id>UC34S6</source_artifact_id><target_artifact_id>EditRepresentativesAction</target_artifact_id></link>
	<link><source_artifact_id>UC34S6</source_artifact_id><target_artifact_id>PatientDAO</target_artifact_id></link>
	<link><source_artifact_id>UC34E1</source_artifact_id><target_artifact_id>/auth/getPatientID</target_artifact_id></link>
	<link><source_artifact_id>UC34E1</source_artifact_id><target_artifact_id>/util/getUser</target_artifact_id></link>
	<link><source_artifact_id>UC34E1</source_artifact_id><target_artifact_id>GetUserNameAction</target_artifact_id></link>
	<link><source_artifact_id>UC34E1</source_artifact_id><target_artifact_id>AuthDAO</target_artifact_id></link>
	<link><source_artifact_id>UC34E2</source_artifact_id><target_artifact_id>RemoteMonitoringDataBeanValidator</target_artifact_id></link>
	<link><source_artifact_id>UC34E3</source_artifact_id><target_artifact_id>RemoteMonitoringDataBeanValidator</target_artifact_id></link>
	<link><source_artifact_id>UC34E4</source_artifact_id><target_artifact_id>RemoteMonitoringDAO</target_artifact_id></link>
	<link><source_artifact_id>UC34E4</source_artifact_id><target_artifact_id>RemoteMonitoringDAO</target_artifact_id></link>
	<link><source_artifact_id>UC35S1</source_artifact_id><target_artifact_id>/auth/patient/viewPrescriptionRecords</target_artifact_id></link>
	<link><source_artifact_id>UC35S1</source_artifact_id><target_artifact_id>ViewPrescriptionRecordsAction</target_artifact_id></link>
	<link><source_artifact_id>UC35S1</source_artifact_id><target_artifact_id>PatientDAO</target_artifact_id></link>
	<link><source_artifact_id>UC35S1</source_artifact_id><target_artifact_id>/auth/patient/reportAdverseEvent</target_artifact_id></link>
	<link><source_artifact_id>UC35S1</source_artifact_id><target_artifact_id>ReportAdverseEventAction</target_artifact_id></link>
	<link><source_artifact_id>UC35S1</source_artifact_id><target_artifact_id>AdverseEventDAO</target_artifact_id></link>
	<link><source_artifact_id>UC35S1</source_artifact_id><target_artifact_id>ReportAdverseEventAction</target_artifact_id></link>
	<link><source_artifact_id>UC35S1</source_artifact_id><target_artifact_id>EmailUtil</target_artifact_id></link>
	<link><source_artifact_id>UC35S1</source_artifact_id><target_artifact_id>ReportAdverseEventAction</target_artifact_id></link>
	<link><source_artifact_id>UC35S2</source_artifact_id><target_artifact_id>/auth/patient/viewMyRecords</target_artifact_id></link>
	<link><source_artifact_id>UC35S2</source_artifact_id><target_artifact_id>ViewMyRecordsAction</target_artifact_id></link>
	<link><source_artifact_id>UC35S2</source_artifact_id><target_artifact_id>OfficeVisitDAO</target_artifact_id></link>
	<link><source_artifact_id>UC35S2</source_artifact_id><target_artifact_id>/auth/patient/reportAdverseEvent</target_artifact_id></link>
	<link><source_artifact_id>UC35S2</source_artifact_id><target_artifact_id>ReportAdverseEventAction</target_artifact_id></link>
	<link><source_artifact_id>UC35S2</source_artifact_id><target_artifact_id>AdverseEventDAO</target_artifact_id></link>
	<link><source_artifact_id>UC35S2</source_artifact_id><target_artifact_id>ReportAdverseEventAction</target_artifact_id></link>
	<link><source_artifact_id>UC35S2</source_artifact_id><target_artifact_id>EmailUtil</target_artifact_id></link>
	<link><source_artifact_id>UC35S2</source_artifact_id><target_artifact_id>ReportAdverseEventAction</target_artifact_id></link>
	<link><source_artifact_id>UC36S1</source_artifact_id><target_artifact_id>/auth/pha/monitorAdverseEvents</target_artifact_id></link>
	<link><source_artifact_id>UC36S1</source_artifact_id><target_artifact_id>MonitorAdverseEventAction</target_artifact_id></link>
	<link><source_artifact_id>UC36S1</source_artifact_id><target_artifact_id>AdverseEventDAO</target_artifact_id></link>
	<link><source_artifact_id>UC36S1</source_artifact_id><target_artifact_id>/auth/pha/adverseEventDetails</target_artifact_id></link>
	<link><source_artifact_id>UC36S1</source_artifact_id><target_artifact_id>MonitorAdverseEventAction</target_artifact_id></link>
	<link><source_artifact_id>UC36S1</source_artifact_id><target_artifact_id>PatientDAO</target_artifact_id></link>
	<link><source_artifact_id>UC36S1</source_artifact_id><target_artifact_id>MonitorAdverseEventAction</target_artifact_id></link>
	<link><source_artifact_id>UC36S1</source_artifact_id><target_artifact_id>EmailUtil</target_artifact_id></link>
	<link><source_artifact_id>UC36S1</source_artifact_id><target_artifact_id>MonitorAdverseEventAction</target_artifact_id></link>
	<link><source_artifact_id>UC36S1</source_artifact_id><target_artifact_id>AdverseEventDAO</target_artifact_id></link>
	<link><source_artifact_id>UC36S2</source_artifact_id><target_artifact_id>/auth/pha/monitorAdverseEvents</target_artifact_id></link>
	<link><source_artifact_id>UC36S2</source_artifact_id><target_artifact_id>MonitorAdverseEventAction</target_artifact_id></link>
	<link><source_artifact_id>UC36S2</source_artifact_id><target_artifact_id>AdverseEventDAO</target_artifact_id></link>
	<link><source_artifact_id>UC36S2</source_artifact_id><target_artifact_id>/auth/pha/adverseEventDetails</target_artifact_id></link>
	<link><source_artifact_id>UC36S2</source_artifact_id><target_artifact_id>MonitorAdverseEventAction</target_artifact_id></link>
	<link><source_artifact_id>UC36S2</source_artifact_id><target_artifact_id>PatientDAO</target_artifact_id></link>
	<link><source_artifact_id>UC36S2</source_artifact_id><target_artifact_id>MonitorAdverseEventAction</target_artifact_id></link>
	<link><source_artifact_id>UC36S2</source_artifact_id><target_artifact_id>EmailUtil</target_artifact_id></link>
	<link><source_artifact_id>UC36S2</source_artifact_id><target_artifact_id>MonitorAdverseEventAction</target_artifact_id></link>
	<link><source_artifact_id>UC36S2</source_artifact_id><target_artifact_id>AdverseEventDAO</target_artifact_id></link>
	<link><source_artifact_id>UC36S3</source_artifact_id><target_artifact_id>/auth/pha/adverseEventDetails</target_artifact_id></link>
	<link><source_artifact_id>UC36S3</source_artifact_id><target_artifact_id>MonitorAdverseEventAction</target_artifact_id></link>
	<link><source_artifact_id>UC36S3</source_artifact_id><target_artifact_id>SendMessageAction</target_artifact_id></link>
	<link><source_artifact_id>UC36S3</source_artifact_id><target_artifact_id>MessageDAO</target_artifact_id></link>
	<link><source_artifact_id>UC36S3</source_artifact_id><target_artifact_id>PersonnelDAO</target_artifact_id></link>
	<link><source_artifact_id>UC36S3</source_artifact_id><target_artifact_id>EmailUtil</target_artifact_id></link>
	<link><source_artifact_id>UC36S3</source_artifact_id><target_artifact_id>AdverseEventDAO</target_artifact_id></link>
	<link><source_artifact_id>UC37S1</source_artifact_id><target_artifact_id>/auth/hcp-uap/editOfficeVisit</target_artifact_id></link>
	<link><source_artifact_id>UC37S1</source_artifact_id><target_artifact_id>EditOfficeVisitAction</target_artifact_id></link>
	<link><source_artifact_id>UC37S1</source_artifact_id><target_artifact_id>AllergyDAO</target_artifact_id></link>
	<link><source_artifact_id>UC37S2</source_artifact_id><target_artifact_id>/auth/hcp-uap/editOfficeVisit</target_artifact_id></link>
	<link><source_artifact_id>UC37S2</source_artifact_id><target_artifact_id>EditOfficeVisitAction</target_artifact_id></link>
	<link><source_artifact_id>UC37S2</source_artifact_id><target_artifact_id>DrugInteractionDAO</target_artifact_id></link>
	<link><source_artifact_id>UC37S2</source_artifact_id><target_artifact_id>OfficeVisitDAO</target_artifact_id></link>
	<link><source_artifact_id>UC37S3</source_artifact_id><target_artifact_id>EmailUtil</target_artifact_id></link>
	<link><source_artifact_id>UC37S3</source_artifact_id><target_artifact_id>EditOfficeVisitAction</target_artifact_id></link>
	<link><source_artifact_id>UC37S3</source_artifact_id><target_artifact_id>PatientDAO</target_artifact_id></link>
	<link><source_artifact_id>UC38S1</source_artifact_id><target_artifact_id>/auth/admin/editNDCInteractions</target_artifact_id></link>
	<link><source_artifact_id>UC38S1</source_artifact_id><target_artifact_id>DrugInteractionAction</target_artifact_id></link>
	<link><source_artifact_id>UC38S1</source_artifact_id><target_artifact_id>DrugInteractionDAO</target_artifact_id></link>
	<link><source_artifact_id>UC38S2</source_artifact_id><target_artifact_id>/auth/admin/editNDCodes</target_artifact_id></link>
	<link><source_artifact_id>UC38S2</source_artifact_id><target_artifact_id>DrugInteractionAction</target_artifact_id></link>
	<link><source_artifact_id>UC38S2</source_artifact_id><target_artifact_id>DrugInteractionDAO</target_artifact_id></link>
	<link><source_artifact_id>UC38S2</source_artifact_id><target_artifact_id>DrugInteractionDAO</target_artifact_id></link>
	<link><source_artifact_id>UC38S2</source_artifact_id><target_artifact_id>DrugInteractionDAO</target_artifact_id></link>
</links>
</answer_set>
