<?xml version="1.0" encoding="utf-8" ?>
<artifacts_collection>
<collection_info>
	<id>Requirements</id>
	<name>Requirements</name>
	<version>1.1</version>
	<description>Requirements</description>
	<content_location>external</content_location>
</collection_info>
<artifacts>
	<artifact><id>UC10E1</id><content>UC/UC10E1.txt</content><parent_id/></artifact>
	<artifact><id>UC10E2</id><content>UC/UC10E2.txt</content><parent_id/></artifact>
	<artifact><id>UC10S1</id><content>UC/UC10S1.txt</content><parent_id/></artifact>
	<artifact><id>UC10S2</id><content>UC/UC10S2.txt</content><parent_id/></artifact>
	<artifact><id>UC11E1</id><content>UC/UC11E1.txt</content><parent_id/></artifact>
	<artifact><id>UC11E2</id><content>UC/UC11E2.txt</content><parent_id/></artifact>
	<artifact><id>UC11S1</id><content>UC/UC11S1.txt</content><parent_id/></artifact>
	<artifact><id>UC11S2</id><content>UC/UC11S2.txt</content><parent_id/></artifact>
	<artifact><id>UC12</id><content>UC/UC12.txt</content><parent_id/></artifact>
	<artifact><id>UC13</id><content>UC/UC13.txt</content><parent_id/></artifact>
	<artifact><id>UC13E1</id><content>UC/UC13E1.txt</content><parent_id/></artifact>
	<artifact><id>UC15E1</id><content>UC/UC15E1.txt</content><parent_id/></artifact>
	<artifact><id>UC15S1</id><content>UC/UC15S1.txt</content><parent_id/></artifact>
	<artifact><id>UC15S2</id><content>UC/UC15S2.txt</content><parent_id/></artifact>
	<artifact><id>UC15S3</id><content>UC/UC15S3.txt</content><parent_id/></artifact>
	<artifact><id>UC15S4</id><content>UC/UC15S4.txt</content><parent_id/></artifact>
	<artifact><id>UC16</id><content>UC/UC16.txt</content><parent_id/></artifact>
	<artifact><id>UC16E1</id><content>UC/UC16E1.txt</content><parent_id/></artifact>
	<artifact><id>UC17S1</id><content>UC/UC17S1.txt</content><parent_id/></artifact>
	<artifact><id>UC17S2</id><content>UC/UC17S2.txt</content><parent_id/></artifact>
	<artifact><id>UC17S3</id><content>UC/UC17S3.txt</content><parent_id/></artifact>
	<artifact><id>UC18E1</id><content>UC/UC18E1.txt</content><parent_id/></artifact>
	<artifact><id>UC18E2</id><content>UC/UC18E2.txt</content><parent_id/></artifact>
	<artifact><id>UC18S1</id><content>UC/UC18S1.txt</content><parent_id/></artifact>
	<artifact><id>UC18S2</id><content>UC/UC18S2.txt</content><parent_id/></artifact>
	<artifact><id>UC19E1</id><content>UC/UC19E1.txt</content><parent_id/></artifact>
	<artifact><id>UC19E2</id><content>UC/UC19E2.txt</content><parent_id/></artifact>
	<artifact><id>UC19S1</id><content>UC/UC19S1.txt</content><parent_id/></artifact>
	<artifact><id>UC19S2</id><content>UC/UC19S2.txt</content><parent_id/></artifact>
	<artifact><id>UC19S3</id><content>UC/UC19S3.txt</content><parent_id/></artifact>
	<artifact><id>UC1E1</id><content>UC/UC1E1.txt</content><parent_id/></artifact>
	<artifact><id>UC1E2</id><content>UC/UC1E2.txt</content><parent_id/></artifact>
	<artifact><id>UC1S1</id><content>UC/UC1S1.txt</content><parent_id/></artifact>
	<artifact><id>UC1S2</id><content>UC/UC1S2.txt</content><parent_id/></artifact>
	<artifact><id>UC21E1</id><content>UC/UC21E1.txt</content><parent_id/></artifact>
	<artifact><id>UC21E2</id><content>UC/UC21E2.txt</content><parent_id/></artifact>
	<artifact><id>UC21S1</id><content>UC/UC21S1.txt</content><parent_id/></artifact>
	<artifact><id>UC22E1</id><content>UC/UC22E1.txt</content><parent_id/></artifact>
	<artifact><id>UC22E2</id><content>UC/UC22E2.txt</content><parent_id/></artifact>
	<artifact><id>UC22S1</id><content>UC/UC22S1.txt</content><parent_id/></artifact>
	<artifact><id>UC22S2</id><content>UC/UC22S2.txt</content><parent_id/></artifact>
	<artifact><id>UC22S3</id><content>UC/UC22S3.txt</content><parent_id/></artifact>
	<artifact><id>UC23E1</id><content>UC/UC23E1.txt</content><parent_id/></artifact>
	<artifact><id>UC23E2</id><content>UC/UC23E2.txt</content><parent_id/></artifact>
	<artifact><id>UC23S1</id><content>UC/UC23S1.txt</content><parent_id/></artifact>
	<artifact><id>UC23S3</id><content>UC/UC23S3.txt</content><parent_id/></artifact>
	<artifact><id>UC23S4</id><content>UC/UC23S4.txt</content><parent_id/></artifact>
	<artifact><id>UC24</id><content>UC/UC24.txt</content><parent_id/></artifact>
	<artifact><id>UC25</id><content>UC/UC25.txt</content><parent_id/></artifact>
	<artifact><id>UC25E1</id><content>UC/UC25E1.txt</content><parent_id/></artifact>
	<artifact><id>UC26E1</id><content>UC/UC26E1.txt</content><parent_id/></artifact>
	<artifact><id>UC26E2</id><content>UC/UC26E2.txt</content><parent_id/></artifact>
	<artifact><id>UC26S1</id><content>UC/UC26S1.txt</content><parent_id/></artifact>
	<artifact><id>UC26S2</id><content>UC/UC26S2.txt</content><parent_id/></artifact>
	<artifact><id>UC26S3</id><content>UC/UC26S3.txt</content><parent_id/></artifact>
	<artifact><id>UC26S4</id><content>UC/UC26S4.txt</content><parent_id/></artifact>
	<artifact><id>UC27S1</id><content>UC/UC27S1.txt</content><parent_id/></artifact>
	<artifact><id>UC27S2</id><content>UC/UC27S2.txt</content><parent_id/></artifact>
	<artifact><id>UC28</id><content>UC/UC28.txt</content><parent_id/></artifact>
	<artifact><id>UC29</id><content>UC/UC29.txt</content><parent_id/></artifact>
	<artifact><id>UC2E2</id><content>UC/UC2E2.txt</content><parent_id/></artifact>
	<artifact><id>UC2S1</id><content>UC/UC2S1.txt</content><parent_id/></artifact>
	<artifact><id>UC2S2</id><content>UC/UC2S2.txt</content><parent_id/></artifact>
	<artifact><id>UC30E1</id><content>UC/UC30E1.txt</content><parent_id/></artifact>
	<artifact><id>UC30E2</id><content>UC/UC30E2.txt</content><parent_id/></artifact>
	<artifact><id>UC30S1</id><content>UC/UC30S1.txt</content><parent_id/></artifact>
	<artifact><id>UC30S2</id><content>UC/UC30S2.txt</content><parent_id/></artifact>
	<artifact><id>UC30S3</id><content>UC/UC30S3.txt</content><parent_id/></artifact>
	<artifact><id>UC30S4</id><content>UC/UC30S4.txt</content><parent_id/></artifact>
	<artifact><id>UC30S5</id><content>UC/UC30S5.txt</content><parent_id/></artifact>
	<artifact><id>UC30S6</id><content>UC/UC30S6.txt</content><parent_id/></artifact>
	<artifact><id>UC30S7</id><content>UC/UC30S7.txt</content><parent_id/></artifact>
	<artifact><id>UC31S1</id><content>UC/UC31S1.txt</content><parent_id/></artifact>
	<artifact><id>UC31S2</id><content>UC/UC31S2.txt</content><parent_id/></artifact>
	<artifact><id>UC32E1</id><content>UC/UC32E1.txt</content><parent_id/></artifact>
	<artifact><id>UC32S1</id><content>UC/UC32S1.txt</content><parent_id/></artifact>
	<artifact><id>UC32S2</id><content>UC/UC32S2.txt</content><parent_id/></artifact>
	<artifact><id>UC33E1</id><content>UC/UC33E1.txt</content><parent_id/></artifact>
	<artifact><id>UC33E2</id><content>UC/UC33E2.txt</content><parent_id/></artifact>
	<artifact><id>UC33S1</id><content>UC/UC33S1.txt</content><parent_id/></artifact>
	<artifact><id>UC33S2</id><content>UC/UC33S2.txt</content><parent_id/></artifact>
	<artifact><id>UC33S3</id><content>UC/UC33S3.txt</content><parent_id/></artifact>
	<artifact><id>UC34E1</id><content>UC/UC34E1.txt</content><parent_id/></artifact>
	<artifact><id>UC34E2</id><content>UC/UC34E2.txt</content><parent_id/></artifact>
	<artifact><id>UC34E3</id><content>UC/UC34E3.txt</content><parent_id/></artifact>
	<artifact><id>UC34E4</id><content>UC/UC34E4.txt</content><parent_id/></artifact>
	<artifact><id>UC34S1</id><content>UC/UC34S1.txt</content><parent_id/></artifact>
	<artifact><id>UC34S2</id><content>UC/UC34S2.txt</content><parent_id/></artifact>
	<artifact><id>UC34S3</id><content>UC/UC34S3.txt</content><parent_id/></artifact>
	<artifact><id>UC34S4</id><content>UC/UC34S4.txt</content><parent_id/></artifact>
	<artifact><id>UC34S5</id><content>UC/UC34S5.txt</content><parent_id/></artifact>
	<artifact><id>UC34S6</id><content>UC/UC34S6.txt</content><parent_id/></artifact>
	<artifact><id>UC35S1</id><content>UC/UC35S1.txt</content><parent_id/></artifact>
	<artifact><id>UC35S2</id><content>UC/UC35S2.txt</content><parent_id/></artifact>
	<artifact><id>UC36S1</id><content>UC/UC36S1.txt</content><parent_id/></artifact>
	<artifact><id>UC36S2</id><content>UC/UC36S2.txt</content><parent_id/></artifact>
	<artifact><id>UC36S3</id><content>UC/UC36S3.txt</content><parent_id/></artifact>
	<artifact><id>UC37S1</id><content>UC/UC37S1.txt</content><parent_id/></artifact>
	<artifact><id>UC37S2</id><content>UC/UC37S2.txt</content><parent_id/></artifact>
	<artifact><id>UC37S3</id><content>UC/UC37S3.txt</content><parent_id/></artifact>
	<artifact><id>UC38S1</id><content>UC/UC38S1.txt</content><parent_id/></artifact>
	<artifact><id>UC38S2</id><content>UC/UC38S2.txt</content><parent_id/></artifact>
	<artifact><id>UC3E1</id><content>UC/UC3E1.txt</content><parent_id/></artifact>
	<artifact><id>UC3E2</id><content>UC/UC3E2.txt</content><parent_id/></artifact>
	<artifact><id>UC3S1</id><content>UC/UC3S1.txt</content><parent_id/></artifact>
	<artifact><id>UC3S2</id><content>UC/UC3S2.txt</content><parent_id/></artifact>
	<artifact><id>UC3S3</id><content>UC/UC3S3.txt</content><parent_id/></artifact>
	<artifact><id>UC3S4</id><content>UC/UC3S4.txt</content><parent_id/></artifact>
	<artifact><id>UC3S5</id><content>UC/UC3S5.txt</content><parent_id/></artifact>
	<artifact><id>UC40S1</id><content>UC/UC40S1.txt</content><parent_id/></artifact>
	<artifact><id>UC40S2</id><content>UC/UC40S2.txt</content><parent_id/></artifact>
	<artifact><id>UC40S3</id><content>UC/UC40S3.txt</content><parent_id/></artifact>
	<artifact><id>UC40S4</id><content>UC/UC40S4.txt</content><parent_id/></artifact>
	<artifact><id>UC40S5</id><content>UC/UC40S5.txt</content><parent_id/></artifact>
	<artifact><id>UC40S6</id><content>UC/UC40S6.txt</content><parent_id/></artifact>
	<artifact><id>UC40S7</id><content>UC/UC40S7.txt</content><parent_id/></artifact>
	<artifact><id>UC4E1</id><content>UC/UC4E1.txt</content><parent_id/></artifact>
	<artifact><id>UC4E2</id><content>UC/UC4E2.txt</content><parent_id/></artifact>
	<artifact><id>UC4S1</id><content>UC/UC4S1.txt</content><parent_id/></artifact>
	<artifact><id>UC4S2</id><content>UC/UC4S2.txt</content><parent_id/></artifact>
	<artifact><id>UC4S3</id><content>UC/UC4S3.txt</content><parent_id/></artifact>
	<artifact><id>UC4S4</id><content>UC/UC4S4.txt</content><parent_id/></artifact>
	<artifact><id>UC5S1</id><content>UC/UC5S1.txt</content><parent_id/></artifact>
	<artifact><id>UC5S2</id><content>UC/UC5S2.txt</content><parent_id/></artifact>
	<artifact><id>UC6S1</id><content>UC/UC6S1.txt</content><parent_id/></artifact>
	<artifact><id>UC6S2</id><content>UC/UC6S2.txt</content><parent_id/></artifact>
	<artifact><id>UC6S3</id><content>UC/UC6S3.txt</content><parent_id/></artifact>
	<artifact><id>UC8S1</id><content>UC/UC8S1.txt</content><parent_id/></artifact>
	<artifact><id>UC8S2</id><content>UC/UC8S2.txt</content><parent_id/></artifact>
	<artifact><id>UC9S1</id><content>UC/UC9S1.txt</content><parent_id/></artifact>
	<artifact><id>UC9S2</id><content>UC/UC9S2.txt</content><parent_id/></artifact>
</artifacts>
</artifacts_collection>
