<?xml version="1.0" encoding="utf-8" ?>
<artifacts_collection>
<collection_info>
	<id>Code</id>
	<name>Code</name>
	<version>1.1</version>
	<description>Java Class/jsp code</description>
	<content_location>external</content_location>
</collection_info>
<artifacts>
	<artifact><id>AddApptAction</id><content>itrust_v10_code/iTrust/src/edu/ncsu/csc/itrust/action/AddApptAction.java</content><parent_id/></artifact>
	<artifact><id>AddERespAction</id><content>itrust_v10_code/iTrust/src/edu/ncsu/csc/itrust/action/AddERespAction.java</content><parent_id/></artifact>
	<artifact><id>AddHCPAction</id><content>itrust_v10_code/iTrust/src/edu/ncsu/csc/itrust/action/AddHCPAction.java</content><parent_id/></artifact>
	<artifact><id>AddOfficeVisitAction</id><content>itrust_v10_code/iTrust/src/edu/ncsu/csc/itrust/action/AddOfficeVisitAction.java</content><parent_id/></artifact>
	<artifact><id>AddPatientAction</id><content>itrust_v10_code/iTrust/src/edu/ncsu/csc/itrust/action/AddPatientAction.java</content><parent_id/></artifact>
	<artifact><id>AddPHAAction</id><content>itrust_v10_code/iTrust/src/edu/ncsu/csc/itrust/action/AddPHAAction.java</content><parent_id/></artifact>
	<artifact><id>AddRemoteMonitoringDataAction</id><content>itrust_v10_code/iTrust/src/edu/ncsu/csc/itrust/action/AddRemoteMonitoringDataAction.java</content><parent_id/></artifact>
	<artifact><id>AddUAPAction</id><content>itrust_v10_code/iTrust/src/edu/ncsu/csc/itrust/action/AddUAPAction.java</content><parent_id/></artifact>
	<artifact><id>OfficeVisitBaseAction</id><content>itrust_v10_code/iTrust/src/edu/ncsu/csc/itrust/action/base/OfficeVisitBaseAction.java</content><parent_id/></artifact>
	<artifact><id>PatientBaseAction</id><content>itrust_v10_code/iTrust/src/edu/ncsu/csc/itrust/action/base/PatientBaseAction.java</content><parent_id/></artifact>
	<artifact><id>PersonnelBaseAction</id><content>itrust_v10_code/iTrust/src/edu/ncsu/csc/itrust/action/base/PersonnelBaseAction.java</content><parent_id/></artifact>
	<artifact><id>ChangeSessionTimeoutAction</id><content>itrust_v10_code/iTrust/src/edu/ncsu/csc/itrust/action/ChangeSessionTimeoutAction.java</content><parent_id/></artifact>
	<artifact><id>ChronicDiseaseRiskAction</id><content>itrust_v10_code/iTrust/src/edu/ncsu/csc/itrust/action/ChronicDiseaseRiskAction.java</content><parent_id/></artifact>
	<artifact><id>DeclareHCPAction</id><content>itrust_v10_code/iTrust/src/edu/ncsu/csc/itrust/action/DeclareHCPAction.java</content><parent_id/></artifact>
	<artifact><id>DrugInteractionAction</id><content>itrust_v10_code/iTrust/src/edu/ncsu/csc/itrust/action/DrugInteractionAction.java</content><parent_id/></artifact>
	<artifact><id>EditApptTypeAction</id><content>itrust_v10_code/iTrust/src/edu/ncsu/csc/itrust/action/EditApptTypeAction.java</content><parent_id/></artifact>
	<artifact><id>EditHealthHistoryAction</id><content>itrust_v10_code/iTrust/src/edu/ncsu/csc/itrust/action/EditHealthHistoryAction.java</content><parent_id/></artifact>
	<artifact><id>EditMonitoringListAction</id><content>itrust_v10_code/iTrust/src/edu/ncsu/csc/itrust/action/EditMonitoringListAction.java</content><parent_id/></artifact>
	<artifact><id>EditOfficeVisitAction</id><content>itrust_v10_code/iTrust/src/edu/ncsu/csc/itrust/action/EditOfficeVisitAction.java</content><parent_id/></artifact>
	<artifact><id>EditPatientAction</id><content>itrust_v10_code/iTrust/src/edu/ncsu/csc/itrust/action/EditPatientAction.java</content><parent_id/></artifact>
	<artifact><id>EditPersonnelAction</id><content>itrust_v10_code/iTrust/src/edu/ncsu/csc/itrust/action/EditPersonnelAction.java</content><parent_id/></artifact>
	<artifact><id>EditPHRAction</id><content>itrust_v10_code/iTrust/src/edu/ncsu/csc/itrust/action/EditPHRAction.java</content><parent_id/></artifact>
	<artifact><id>EditPrescriptionAction</id><content>itrust_v10_code/iTrust/src/edu/ncsu/csc/itrust/action/EditPrescriptionAction.java</content><parent_id/></artifact>
	<artifact><id>EditRepresentativesAction</id><content>itrust_v10_code/iTrust/src/edu/ncsu/csc/itrust/action/EditRepresentativesAction.java</content><parent_id/></artifact>
	<artifact><id>EmergencyReportAction</id><content>itrust_v10_code/iTrust/src/edu/ncsu/csc/itrust/action/EmergencyReportAction.java</content><parent_id/></artifact>
	<artifact><id>GenerateCalendarAction</id><content>itrust_v10_code/iTrust/src/edu/ncsu/csc/itrust/action/GenerateCalendarAction.java</content><parent_id/></artifact>
	<artifact><id>GetUserNameAction</id><content>itrust_v10_code/iTrust/src/edu/ncsu/csc/itrust/action/GetUserNameAction.java</content><parent_id/></artifact>
	<artifact><id>GetVisitRemindersAction</id><content>itrust_v10_code/iTrust/src/edu/ncsu/csc/itrust/action/GetVisitRemindersAction.java</content><parent_id/></artifact>
	<artifact><id>LabProcHCPAction</id><content>itrust_v10_code/iTrust/src/edu/ncsu/csc/itrust/action/LabProcHCPAction.java</content><parent_id/></artifact>
	<artifact><id>LabProcUAPAction</id><content>itrust_v10_code/iTrust/src/edu/ncsu/csc/itrust/action/LabProcUAPAction.java</content><parent_id/></artifact>
	<artifact><id>LoginFailureAction</id><content>itrust_v10_code/iTrust/src/edu/ncsu/csc/itrust/action/LoginFailureAction.java</content><parent_id/></artifact>
	<artifact><id>ManageHospitalAssignmentsAction</id><content>itrust_v10_code/iTrust/src/edu/ncsu/csc/itrust/action/ManageHospitalAssignmentsAction.java</content><parent_id/></artifact>
	<artifact><id>MonitorAdverseEventAction</id><content>itrust_v10_code/iTrust/src/edu/ncsu/csc/itrust/action/MonitorAdverseEventAction.java</content><parent_id/></artifact>
	<artifact><id>MyDiagnosisAction</id><content>itrust_v10_code/iTrust/src/edu/ncsu/csc/itrust/action/MyDiagnosisAction.java</content><parent_id/></artifact>
	<artifact><id>PrescriptionReportAction</id><content>itrust_v10_code/iTrust/src/edu/ncsu/csc/itrust/action/PrescriptionReportAction.java</content><parent_id/></artifact>
	<artifact><id>ReferralManagementAction</id><content>itrust_v10_code/iTrust/src/edu/ncsu/csc/itrust/action/ReferralManagementAction.java</content><parent_id/></artifact>
	<artifact><id>ReportAdverseEventAction</id><content>itrust_v10_code/iTrust/src/edu/ncsu/csc/itrust/action/ReportAdverseEventAction.java</content><parent_id/></artifact>
	<artifact><id>ResetPasswordAction</id><content>itrust_v10_code/iTrust/src/edu/ncsu/csc/itrust/action/ResetPasswordAction.java</content><parent_id/></artifact>
	<artifact><id>SearchUsersAction</id><content>itrust_v10_code/iTrust/src/edu/ncsu/csc/itrust/action/SearchUsersAction.java</content><parent_id/></artifact>
	<artifact><id>SendMessageAction</id><content>itrust_v10_code/iTrust/src/edu/ncsu/csc/itrust/action/SendMessageAction.java</content><parent_id/></artifact>
	<artifact><id>SetSecurityQuestionAction</id><content>itrust_v10_code/iTrust/src/edu/ncsu/csc/itrust/action/SetSecurityQuestionAction.java</content><parent_id/></artifact>
	<artifact><id>SurveyAction</id><content>itrust_v10_code/iTrust/src/edu/ncsu/csc/itrust/action/SurveyAction.java</content><parent_id/></artifact>
	<artifact><id>UpdateCPTCodeListAction</id><content>itrust_v10_code/iTrust/src/edu/ncsu/csc/itrust/action/UpdateCPTCodeListAction.java</content><parent_id/></artifact>
	<artifact><id>UpdateHospitalListAction</id><content>itrust_v10_code/iTrust/src/edu/ncsu/csc/itrust/action/UpdateHospitalListAction.java</content><parent_id/></artifact>
	<artifact><id>UpdateICDCodeListAction</id><content>itrust_v10_code/iTrust/src/edu/ncsu/csc/itrust/action/UpdateICDCodeListAction.java</content><parent_id/></artifact>
	<artifact><id>UpdateLOINCListAction</id><content>itrust_v10_code/iTrust/src/edu/ncsu/csc/itrust/action/UpdateLOINCListAction.java</content><parent_id/></artifact>
	<artifact><id>UpdateNDCodeListAction</id><content>itrust_v10_code/iTrust/src/edu/ncsu/csc/itrust/action/UpdateNDCodeListAction.java</content><parent_id/></artifact>
	<artifact><id>ViewAdverseEventAction</id><content>itrust_v10_code/iTrust/src/edu/ncsu/csc/itrust/action/ViewAdverseEventAction.java</content><parent_id/></artifact>
	<artifact><id>ViewExpiredPrescriptionsAction</id><content>itrust_v10_code/iTrust/src/edu/ncsu/csc/itrust/action/ViewExpiredPrescriptionsAction.java</content><parent_id/></artifact>
	<artifact><id>ViewMyAccessLogAction</id><content>itrust_v10_code/iTrust/src/edu/ncsu/csc/itrust/action/ViewMyAccessLogAction.java</content><parent_id/></artifact>
	<artifact><id>ViewMyApptsAction</id><content>itrust_v10_code/iTrust/src/edu/ncsu/csc/itrust/action/ViewMyApptsAction.java</content><parent_id/></artifact>
	<artifact><id>ViewMyMessagesAction</id><content>itrust_v10_code/iTrust/src/edu/ncsu/csc/itrust/action/ViewMyMessagesAction.java</content><parent_id/></artifact>
	<artifact><id>ViewMyRecordsAction</id><content>itrust_v10_code/iTrust/src/edu/ncsu/csc/itrust/action/ViewMyRecordsAction.java</content><parent_id/></artifact>
	<artifact><id>ViewMyRemoteMonitoringListAction</id><content>itrust_v10_code/iTrust/src/edu/ncsu/csc/itrust/action/ViewMyRemoteMonitoringListAction.java</content><parent_id/></artifact>
	<artifact><id>ViewMyReportRequestsAction</id><content>itrust_v10_code/iTrust/src/edu/ncsu/csc/itrust/action/ViewMyReportRequestsAction.java</content><parent_id/></artifact>
	<artifact><id>ViewOfficeVisitAction</id><content>itrust_v10_code/iTrust/src/edu/ncsu/csc/itrust/action/ViewOfficeVisitAction.java</content><parent_id/></artifact>
	<artifact><id>ViewPatientOfficeVisitHistoryAction</id><content>itrust_v10_code/iTrust/src/edu/ncsu/csc/itrust/action/ViewPatientOfficeVisitHistoryAction.java</content><parent_id/></artifact>
	<artifact><id>ViewPersonnelAction</id><content>itrust_v10_code/iTrust/src/edu/ncsu/csc/itrust/action/ViewPersonnelAction.java</content><parent_id/></artifact>
	<artifact><id>ViewPrescriptionRecordsAction</id><content>itrust_v10_code/iTrust/src/edu/ncsu/csc/itrust/action/ViewPrescriptionRecordsAction.java</content><parent_id/></artifact>
	<artifact><id>ViewPrescriptionRenewalNeedsAction</id><content>itrust_v10_code/iTrust/src/edu/ncsu/csc/itrust/action/ViewPrescriptionRenewalNeedsAction.java</content><parent_id/></artifact>
	<artifact><id>ViewReportAction</id><content>itrust_v10_code/iTrust/src/edu/ncsu/csc/itrust/action/ViewReportAction.java</content><parent_id/></artifact>
	<artifact><id>ViewSurveyResultAction</id><content>itrust_v10_code/iTrust/src/edu/ncsu/csc/itrust/action/ViewSurveyResultAction.java</content><parent_id/></artifact>
	<artifact><id>ViewVisitedHCPsAction</id><content>itrust_v10_code/iTrust/src/edu/ncsu/csc/itrust/action/ViewVisitedHCPsAction.java</content><parent_id/></artifact>
	<artifact><id>BeanBuilder</id><content>itrust_v10_code/iTrust/src/edu/ncsu/csc/itrust/BeanBuilder.java</content><parent_id/></artifact>
	<artifact><id>AdverseEventBean</id><content>itrust_v10_code/iTrust/src/edu/ncsu/csc/itrust/beans/AdverseEventBean.java</content><parent_id/></artifact>
	<artifact><id>AllergyBean</id><content>itrust_v10_code/iTrust/src/edu/ncsu/csc/itrust/beans/AllergyBean.java</content><parent_id/></artifact>
	<artifact><id>ApptBean</id><content>itrust_v10_code/iTrust/src/edu/ncsu/csc/itrust/beans/ApptBean.java</content><parent_id/></artifact>
	<artifact><id>ApptTypeBean</id><content>itrust_v10_code/iTrust/src/edu/ncsu/csc/itrust/beans/ApptTypeBean.java</content><parent_id/></artifact>
	<artifact><id>DiagnosisBean</id><content>itrust_v10_code/iTrust/src/edu/ncsu/csc/itrust/beans/DiagnosisBean.java</content><parent_id/></artifact>
	<artifact><id>DrugInteractionBean</id><content>itrust_v10_code/iTrust/src/edu/ncsu/csc/itrust/beans/DrugInteractionBean.java</content><parent_id/></artifact>
	<artifact><id>Email</id><content>itrust_v10_code/iTrust/src/edu/ncsu/csc/itrust/beans/Email.java</content><parent_id/></artifact>
	<artifact><id>FamilyMemberBean</id><content>itrust_v10_code/iTrust/src/edu/ncsu/csc/itrust/beans/FamilyMemberBean.java</content><parent_id/></artifact>
	<artifact><id>EditOfficeVisitForm</id><content>itrust_v10_code/iTrust/src/edu/ncsu/csc/itrust/beans/forms/EditOfficeVisitForm.java</content><parent_id/></artifact>
	<artifact><id>HealthRecordForm</id><content>itrust_v10_code/iTrust/src/edu/ncsu/csc/itrust/beans/forms/HealthRecordForm.java</content><parent_id/></artifact>
	<artifact><id>VisitReminderReturnForm</id><content>itrust_v10_code/iTrust/src/edu/ncsu/csc/itrust/beans/forms/VisitReminderReturnForm.java</content><parent_id/></artifact>
	<artifact><id>HCPDiagnosisBean</id><content>itrust_v10_code/iTrust/src/edu/ncsu/csc/itrust/beans/HCPDiagnosisBean.java</content><parent_id/></artifact>
	<artifact><id>HCPLinkBean</id><content>itrust_v10_code/iTrust/src/edu/ncsu/csc/itrust/beans/HCPLinkBean.java</content><parent_id/></artifact>
	<artifact><id>HCPVisitBean</id><content>itrust_v10_code/iTrust/src/edu/ncsu/csc/itrust/beans/HCPVisitBean.java</content><parent_id/></artifact>
	<artifact><id>HealthRecord</id><content>itrust_v10_code/iTrust/src/edu/ncsu/csc/itrust/beans/HealthRecord.java</content><parent_id/></artifact>
	<artifact><id>HospitalBean</id><content>itrust_v10_code/iTrust/src/edu/ncsu/csc/itrust/beans/HospitalBean.java</content><parent_id/></artifact>
	<artifact><id>LabProcedureBean</id><content>itrust_v10_code/iTrust/src/edu/ncsu/csc/itrust/beans/LabProcedureBean.java</content><parent_id/></artifact>
	<artifact><id>AdverseEventBeanLoader</id><content>itrust_v10_code/iTrust/src/edu/ncsu/csc/itrust/beans/loaders/AdverseEventBeanLoader.java</content><parent_id/></artifact>
	<artifact><id>AllergyBeanLoader</id><content>itrust_v10_code/iTrust/src/edu/ncsu/csc/itrust/beans/loaders/AllergyBeanLoader.java</content><parent_id/></artifact>
	<artifact><id>ApptBeanLoader</id><content>itrust_v10_code/iTrust/src/edu/ncsu/csc/itrust/beans/loaders/ApptBeanLoader.java</content><parent_id/></artifact>
	<artifact><id>ApptTypeBeanLoader</id><content>itrust_v10_code/iTrust/src/edu/ncsu/csc/itrust/beans/loaders/ApptTypeBeanLoader.java</content><parent_id/></artifact>
	<artifact><id>BeanLoader</id><content>itrust_v10_code/iTrust/src/edu/ncsu/csc/itrust/beans/loaders/BeanLoader.java</content><parent_id/></artifact>
	<artifact><id>DiagnosisBeanLoader</id><content>itrust_v10_code/iTrust/src/edu/ncsu/csc/itrust/beans/loaders/DiagnosisBeanLoader.java</content><parent_id/></artifact>
	<artifact><id>DrugInteractionBeanLoader</id><content>itrust_v10_code/iTrust/src/edu/ncsu/csc/itrust/beans/loaders/DrugInteractionBeanLoader.java</content><parent_id/></artifact>
	<artifact><id>EmailBeanLoader</id><content>itrust_v10_code/iTrust/src/edu/ncsu/csc/itrust/beans/loaders/EmailBeanLoader.java</content><parent_id/></artifact>
	<artifact><id>FamilyBeanLoader</id><content>itrust_v10_code/iTrust/src/edu/ncsu/csc/itrust/beans/loaders/FamilyBeanLoader.java</content><parent_id/></artifact>
	<artifact><id>HealthRecordsBeanLoader</id><content>itrust_v10_code/iTrust/src/edu/ncsu/csc/itrust/beans/loaders/HealthRecordsBeanLoader.java</content><parent_id/></artifact>
	<artifact><id>HospitalBeanLoader</id><content>itrust_v10_code/iTrust/src/edu/ncsu/csc/itrust/beans/loaders/HospitalBeanLoader.java</content><parent_id/></artifact>
	<artifact><id>LabProcedureBeanLoader</id><content>itrust_v10_code/iTrust/src/edu/ncsu/csc/itrust/beans/loaders/LabProcedureBeanLoader.java</content><parent_id/></artifact>
	<artifact><id>LOINCBeanLoader</id><content>itrust_v10_code/iTrust/src/edu/ncsu/csc/itrust/beans/loaders/LOINCBeanLoader.java</content><parent_id/></artifact>
	<artifact><id>MedicationBeanLoader</id><content>itrust_v10_code/iTrust/src/edu/ncsu/csc/itrust/beans/loaders/MedicationBeanLoader.java</content><parent_id/></artifact>
	<artifact><id>MessageBeanLoader</id><content>itrust_v10_code/iTrust/src/edu/ncsu/csc/itrust/beans/loaders/MessageBeanLoader.java</content><parent_id/></artifact>
	<artifact><id>OfficeVisitLoader</id><content>itrust_v10_code/iTrust/src/edu/ncsu/csc/itrust/beans/loaders/OfficeVisitLoader.java</content><parent_id/></artifact>
	<artifact><id>OperationalProfileLoader</id><content>itrust_v10_code/iTrust/src/edu/ncsu/csc/itrust/beans/loaders/OperationalProfileLoader.java</content><parent_id/></artifact>
	<artifact><id>PatientLoader</id><content>itrust_v10_code/iTrust/src/edu/ncsu/csc/itrust/beans/loaders/PatientLoader.java</content><parent_id/></artifact>
	<artifact><id>PersonnelLoader</id><content>itrust_v10_code/iTrust/src/edu/ncsu/csc/itrust/beans/loaders/PersonnelLoader.java</content><parent_id/></artifact>
	<artifact><id>PrescriptionBeanLoader</id><content>itrust_v10_code/iTrust/src/edu/ncsu/csc/itrust/beans/loaders/PrescriptionBeanLoader.java</content><parent_id/></artifact>
	<artifact><id>PrescriptionReportBeanLoader</id><content>itrust_v10_code/iTrust/src/edu/ncsu/csc/itrust/beans/loaders/PrescriptionReportBeanLoader.java</content><parent_id/></artifact>
	<artifact><id>ProcedureBeanLoader</id><content>itrust_v10_code/iTrust/src/edu/ncsu/csc/itrust/beans/loaders/ProcedureBeanLoader.java</content><parent_id/></artifact>
	<artifact><id>ReferralBeanLoader</id><content>itrust_v10_code/iTrust/src/edu/ncsu/csc/itrust/beans/loaders/ReferralBeanLoader.java</content><parent_id/></artifact>
	<artifact><id>RemoteMonitoringDataBeanLoader</id><content>itrust_v10_code/iTrust/src/edu/ncsu/csc/itrust/beans/loaders/RemoteMonitoringDataBeanLoader.java</content><parent_id/></artifact>
	<artifact><id>ReportRequestBeanLoader</id><content>itrust_v10_code/iTrust/src/edu/ncsu/csc/itrust/beans/loaders/ReportRequestBeanLoader.java</content><parent_id/></artifact>
	<artifact><id>SurveyLoader</id><content>itrust_v10_code/iTrust/src/edu/ncsu/csc/itrust/beans/loaders/SurveyLoader.java</content><parent_id/></artifact>
	<artifact><id>SurveyResultBeanLoader</id><content>itrust_v10_code/iTrust/src/edu/ncsu/csc/itrust/beans/loaders/SurveyResultBeanLoader.java</content><parent_id/></artifact>
	<artifact><id>TransactionBeanLoader</id><content>itrust_v10_code/iTrust/src/edu/ncsu/csc/itrust/beans/loaders/TransactionBeanLoader.java</content><parent_id/></artifact>
	<artifact><id>VisitReminderReturnFormLoader</id><content>itrust_v10_code/iTrust/src/edu/ncsu/csc/itrust/beans/loaders/VisitReminderReturnFormLoader.java</content><parent_id/></artifact>
	<artifact><id>LOINCbean</id><content>itrust_v10_code/iTrust/src/edu/ncsu/csc/itrust/beans/LOINCbean.java</content><parent_id/></artifact>
	<artifact><id>MedicationBean</id><content>itrust_v10_code/iTrust/src/edu/ncsu/csc/itrust/beans/MedicationBean.java</content><parent_id/></artifact>
	<artifact><id>MessageBean</id><content>itrust_v10_code/iTrust/src/edu/ncsu/csc/itrust/beans/MessageBean.java</content><parent_id/></artifact>
	<artifact><id>OfficeVisitBean</id><content>itrust_v10_code/iTrust/src/edu/ncsu/csc/itrust/beans/OfficeVisitBean.java</content><parent_id/></artifact>
	<artifact><id>OperationalProfile</id><content>itrust_v10_code/iTrust/src/edu/ncsu/csc/itrust/beans/OperationalProfile.java</content><parent_id/></artifact>
	<artifact><id>PatientBean</id><content>itrust_v10_code/iTrust/src/edu/ncsu/csc/itrust/beans/PatientBean.java</content><parent_id/></artifact>
	<artifact><id>PatientVisitBean</id><content>itrust_v10_code/iTrust/src/edu/ncsu/csc/itrust/beans/PatientVisitBean.java</content><parent_id/></artifact>
	<artifact><id>PersonnelBean</id><content>itrust_v10_code/iTrust/src/edu/ncsu/csc/itrust/beans/PersonnelBean.java</content><parent_id/></artifact>
	<artifact><id>PrescriptionBean</id><content>itrust_v10_code/iTrust/src/edu/ncsu/csc/itrust/beans/PrescriptionBean.java</content><parent_id/></artifact>
	<artifact><id>PrescriptionReportBean</id><content>itrust_v10_code/iTrust/src/edu/ncsu/csc/itrust/beans/PrescriptionReportBean.java</content><parent_id/></artifact>
	<artifact><id>ProcedureBean</id><content>itrust_v10_code/iTrust/src/edu/ncsu/csc/itrust/beans/ProcedureBean.java</content><parent_id/></artifact>
	<artifact><id>ReferralBean</id><content>itrust_v10_code/iTrust/src/edu/ncsu/csc/itrust/beans/ReferralBean.java</content><parent_id/></artifact>
	<artifact><id>RemoteMonitoringDataBean</id><content>itrust_v10_code/iTrust/src/edu/ncsu/csc/itrust/beans/RemoteMonitoringDataBean.java</content><parent_id/></artifact>
	<artifact><id>ReportRequestBean</id><content>itrust_v10_code/iTrust/src/edu/ncsu/csc/itrust/beans/ReportRequestBean.java</content><parent_id/></artifact>
	<artifact><id>SecurityQA</id><content>itrust_v10_code/iTrust/src/edu/ncsu/csc/itrust/beans/SecurityQA.java</content><parent_id/></artifact>
	<artifact><id>SurveyBean</id><content>itrust_v10_code/iTrust/src/edu/ncsu/csc/itrust/beans/SurveyBean.java</content><parent_id/></artifact>
	<artifact><id>SurveyResultBean</id><content>itrust_v10_code/iTrust/src/edu/ncsu/csc/itrust/beans/SurveyResultBean.java</content><parent_id/></artifact>
	<artifact><id>TransactionBean</id><content>itrust_v10_code/iTrust/src/edu/ncsu/csc/itrust/beans/TransactionBean.java</content><parent_id/></artifact>
	<artifact><id>VisitFlag</id><content>itrust_v10_code/iTrust/src/edu/ncsu/csc/itrust/beans/VisitFlag.java</content><parent_id/></artifact>
	<artifact><id>AdverseEventsData</id><content>itrust_v10_code/iTrust/src/edu/ncsu/csc/itrust/charts/AdverseEventsData.java</content><parent_id/></artifact>
	<artifact><id>DAOFactory</id><content>itrust_v10_code/iTrust/src/edu/ncsu/csc/itrust/dao/DAOFactory.java</content><parent_id/></artifact>
	<artifact><id>IConnectionDriver</id><content>itrust_v10_code/iTrust/src/edu/ncsu/csc/itrust/dao/IConnectionDriver.java</content><parent_id/></artifact>
	<artifact><id>AccessDAO</id><content>itrust_v10_code/iTrust/src/edu/ncsu/csc/itrust/dao/mysql/AccessDAO.java</content><parent_id/></artifact>
	<artifact><id>AdverseEventDAO</id><content>itrust_v10_code/iTrust/src/edu/ncsu/csc/itrust/dao/mysql/AdverseEventDAO.java</content><parent_id/></artifact>
	<artifact><id>AllergyDAO</id><content>itrust_v10_code/iTrust/src/edu/ncsu/csc/itrust/dao/mysql/AllergyDAO.java</content><parent_id/></artifact>
	<artifact><id>ApptDAO</id><content>itrust_v10_code/iTrust/src/edu/ncsu/csc/itrust/dao/mysql/ApptDAO.java</content><parent_id/></artifact>
	<artifact><id>ApptTypeDAO</id><content>itrust_v10_code/iTrust/src/edu/ncsu/csc/itrust/dao/mysql/ApptTypeDAO.java</content><parent_id/></artifact>
	<artifact><id>AuthDAO</id><content>itrust_v10_code/iTrust/src/edu/ncsu/csc/itrust/dao/mysql/AuthDAO.java</content><parent_id/></artifact>
	<artifact><id>CPTCodesDAO</id><content>itrust_v10_code/iTrust/src/edu/ncsu/csc/itrust/dao/mysql/CPTCodesDAO.java</content><parent_id/></artifact>
	<artifact><id>DrugInteractionDAO</id><content>itrust_v10_code/iTrust/src/edu/ncsu/csc/itrust/dao/mysql/DrugInteractionDAO.java</content><parent_id/></artifact>
	<artifact><id>FakeEmailDAO</id><content>itrust_v10_code/iTrust/src/edu/ncsu/csc/itrust/dao/mysql/FakeEmailDAO.java</content><parent_id/></artifact>
	<artifact><id>FamilyDAO</id><content>itrust_v10_code/iTrust/src/edu/ncsu/csc/itrust/dao/mysql/FamilyDAO.java</content><parent_id/></artifact>
	<artifact><id>HealthRecordsDAO</id><content>itrust_v10_code/iTrust/src/edu/ncsu/csc/itrust/dao/mysql/HealthRecordsDAO.java</content><parent_id/></artifact>
	<artifact><id>HospitalsDAO</id><content>itrust_v10_code/iTrust/src/edu/ncsu/csc/itrust/dao/mysql/HospitalsDAO.java</content><parent_id/></artifact>
	<artifact><id>ICDCodesDAO</id><content>itrust_v10_code/iTrust/src/edu/ncsu/csc/itrust/dao/mysql/ICDCodesDAO.java</content><parent_id/></artifact>
	<artifact><id>LabProcedureDAO</id><content>itrust_v10_code/iTrust/src/edu/ncsu/csc/itrust/dao/mysql/LabProcedureDAO.java</content><parent_id/></artifact>
	<artifact><id>LOINCDAO</id><content>itrust_v10_code/iTrust/src/edu/ncsu/csc/itrust/dao/mysql/LOINCDAO.java</content><parent_id/></artifact>
	<artifact><id>MessageDAO</id><content>itrust_v10_code/iTrust/src/edu/ncsu/csc/itrust/dao/mysql/MessageDAO.java</content><parent_id/></artifact>
	<artifact><id>NDCodesDAO</id><content>itrust_v10_code/iTrust/src/edu/ncsu/csc/itrust/dao/mysql/NDCodesDAO.java</content><parent_id/></artifact>
	<artifact><id>OfficeVisitDAO</id><content>itrust_v10_code/iTrust/src/edu/ncsu/csc/itrust/dao/mysql/OfficeVisitDAO.java</content><parent_id/></artifact>
	<artifact><id>PatientDAO</id><content>itrust_v10_code/iTrust/src/edu/ncsu/csc/itrust/dao/mysql/PatientDAO.java</content><parent_id/></artifact>
	<artifact><id>PersonnelDAO</id><content>itrust_v10_code/iTrust/src/edu/ncsu/csc/itrust/dao/mysql/PersonnelDAO.java</content><parent_id/></artifact>
	<artifact><id>ReferralDAO</id><content>itrust_v10_code/iTrust/src/edu/ncsu/csc/itrust/dao/mysql/ReferralDAO.java</content><parent_id/></artifact>
	<artifact><id>RemoteMonitoringDAO</id><content>itrust_v10_code/iTrust/src/edu/ncsu/csc/itrust/dao/mysql/RemoteMonitoringDAO.java</content><parent_id/></artifact>
	<artifact><id>ReportRequestDAO</id><content>itrust_v10_code/iTrust/src/edu/ncsu/csc/itrust/dao/mysql/ReportRequestDAO.java</content><parent_id/></artifact>
	<artifact><id>RiskDAO</id><content>itrust_v10_code/iTrust/src/edu/ncsu/csc/itrust/dao/mysql/RiskDAO.java</content><parent_id/></artifact>
	<artifact><id>SurveyDAO</id><content>itrust_v10_code/iTrust/src/edu/ncsu/csc/itrust/dao/mysql/SurveyDAO.java</content><parent_id/></artifact>
	<artifact><id>SurveyResultDAO</id><content>itrust_v10_code/iTrust/src/edu/ncsu/csc/itrust/dao/mysql/SurveyResultDAO.java</content><parent_id/></artifact>
	<artifact><id>TransactionDAO</id><content>itrust_v10_code/iTrust/src/edu/ncsu/csc/itrust/dao/mysql/TransactionDAO.java</content><parent_id/></artifact>
	<artifact><id>VisitRemindersDAO</id><content>itrust_v10_code/iTrust/src/edu/ncsu/csc/itrust/dao/mysql/VisitRemindersDAO.java</content><parent_id/></artifact>
	<artifact><id>ProductionConnectionDriver</id><content>itrust_v10_code/iTrust/src/edu/ncsu/csc/itrust/dao/ProductionConnectionDriver.java</content><parent_id/></artifact>
	<artifact><id>DateUtil</id><content>itrust_v10_code/iTrust/src/edu/ncsu/csc/itrust/DateUtil.java</content><parent_id/></artifact>
	<artifact><id>DBUtil</id><content>itrust_v10_code/iTrust/src/edu/ncsu/csc/itrust/DBUtil.java</content><parent_id/></artifact>
	<artifact><id>EmailUtil</id><content>itrust_v10_code/iTrust/src/edu/ncsu/csc/itrust/EmailUtil.java</content><parent_id/></artifact>
	<artifact><id>BloodType</id><content>itrust_v10_code/iTrust/src/edu/ncsu/csc/itrust/enums/BloodType.java</content><parent_id/></artifact>
	<artifact><id>Ethnicity</id><content>itrust_v10_code/iTrust/src/edu/ncsu/csc/itrust/enums/Ethnicity.java</content><parent_id/></artifact>
	<artifact><id>Gender</id><content>itrust_v10_code/iTrust/src/edu/ncsu/csc/itrust/enums/Gender.java</content><parent_id/></artifact>
	<artifact><id>PrescriptionAlerts</id><content>itrust_v10_code/iTrust/src/edu/ncsu/csc/itrust/enums/PrescriptionAlerts.java</content><parent_id/></artifact>
	<artifact><id>Role</id><content>itrust_v10_code/iTrust/src/edu/ncsu/csc/itrust/enums/Role.java</content><parent_id/></artifact>
	<artifact><id>State</id><content>itrust_v10_code/iTrust/src/edu/ncsu/csc/itrust/enums/State.java</content><parent_id/></artifact>
	<artifact><id>TransactionType</id><content>itrust_v10_code/iTrust/src/edu/ncsu/csc/itrust/enums/TransactionType.java</content><parent_id/></artifact>
	<artifact><id>DBException</id><content>itrust_v10_code/iTrust/src/edu/ncsu/csc/itrust/exception/DBException.java</content><parent_id/></artifact>
	<artifact><id>ErrorList</id><content>itrust_v10_code/iTrust/src/edu/ncsu/csc/itrust/exception/ErrorList.java</content><parent_id/></artifact>
	<artifact><id>FormValidationException</id><content>itrust_v10_code/iTrust/src/edu/ncsu/csc/itrust/exception/FormValidationException.java</content><parent_id/></artifact>
	<artifact><id>iTrustException</id><content>itrust_v10_code/iTrust/src/edu/ncsu/csc/itrust/exception/iTrustException.java</content><parent_id/></artifact>
	<artifact><id>NoHealthRecordsException</id><content>itrust_v10_code/iTrust/src/edu/ncsu/csc/itrust/exception/NoHealthRecordsException.java</content><parent_id/></artifact>
	<artifact><id>HtmlEncoder</id><content>itrust_v10_code/iTrust/src/edu/ncsu/csc/itrust/HtmlEncoder.java</content><parent_id/></artifact>
	<artifact><id>Localization</id><content>itrust_v10_code/iTrust/src/edu/ncsu/csc/itrust/Localization.java</content><parent_id/></artifact>
	<artifact><id>Messages</id><content>itrust_v10_code/iTrust/src/edu/ncsu/csc/itrust/Messages.java</content><parent_id/></artifact>
	<artifact><id>ParameterUtil</id><content>itrust_v10_code/iTrust/src/edu/ncsu/csc/itrust/ParameterUtil.java</content><parent_id/></artifact>
	<artifact><id>RandomPassword</id><content>itrust_v10_code/iTrust/src/edu/ncsu/csc/itrust/RandomPassword.java</content><parent_id/></artifact>
	<artifact><id>ChronicDiseaseMediator</id><content>itrust_v10_code/iTrust/src/edu/ncsu/csc/itrust/risk/ChronicDiseaseMediator.java</content><parent_id/></artifact>
	<artifact><id>AgeFactor</id><content>itrust_v10_code/iTrust/src/edu/ncsu/csc/itrust/risk/factors/AgeFactor.java</content><parent_id/></artifact>
	<artifact><id>ChildhoodInfectionFactor</id><content>itrust_v10_code/iTrust/src/edu/ncsu/csc/itrust/risk/factors/ChildhoodInfectionFactor.java</content><parent_id/></artifact>
	<artifact><id>CholesterolFactor</id><content>itrust_v10_code/iTrust/src/edu/ncsu/csc/itrust/risk/factors/CholesterolFactor.java</content><parent_id/></artifact>
	<artifact><id>EthnicityFactor</id><content>itrust_v10_code/iTrust/src/edu/ncsu/csc/itrust/risk/factors/EthnicityFactor.java</content><parent_id/></artifact>
	<artifact><id>FamilyHistoryFactor</id><content>itrust_v10_code/iTrust/src/edu/ncsu/csc/itrust/risk/factors/FamilyHistoryFactor.java</content><parent_id/></artifact>
	<artifact><id>GenderFactor</id><content>itrust_v10_code/iTrust/src/edu/ncsu/csc/itrust/risk/factors/GenderFactor.java</content><parent_id/></artifact>
	<artifact><id>HypertensionFactor</id><content>itrust_v10_code/iTrust/src/edu/ncsu/csc/itrust/risk/factors/HypertensionFactor.java</content><parent_id/></artifact>
	<artifact><id>PatientRiskFactor</id><content>itrust_v10_code/iTrust/src/edu/ncsu/csc/itrust/risk/factors/PatientRiskFactor.java</content><parent_id/></artifact>
	<artifact><id>PriorDiagnosisFactor</id><content>itrust_v10_code/iTrust/src/edu/ncsu/csc/itrust/risk/factors/PriorDiagnosisFactor.java</content><parent_id/></artifact>
	<artifact><id>SmokingFactor</id><content>itrust_v10_code/iTrust/src/edu/ncsu/csc/itrust/risk/factors/SmokingFactor.java</content><parent_id/></artifact>
	<artifact><id>WeightFactor</id><content>itrust_v10_code/iTrust/src/edu/ncsu/csc/itrust/risk/factors/WeightFactor.java</content><parent_id/></artifact>
	<artifact><id>HeartDiseaseRisks</id><content>itrust_v10_code/iTrust/src/edu/ncsu/csc/itrust/risk/HeartDiseaseRisks.java</content><parent_id/></artifact>
	<artifact><id>RiskChecker</id><content>itrust_v10_code/iTrust/src/edu/ncsu/csc/itrust/risk/RiskChecker.java</content><parent_id/></artifact>
	<artifact><id>Type1DiabetesRisks</id><content>itrust_v10_code/iTrust/src/edu/ncsu/csc/itrust/risk/Type1DiabetesRisks.java</content><parent_id/></artifact>
	<artifact><id>Type2DiabetesRisks</id><content>itrust_v10_code/iTrust/src/edu/ncsu/csc/itrust/risk/Type2DiabetesRisks.java</content><parent_id/></artifact>
	<artifact><id>SessionTimeoutListener</id><content>itrust_v10_code/iTrust/src/edu/ncsu/csc/itrust/server/SessionTimeoutListener.java</content><parent_id/></artifact>
	<artifact><id>ICD9CMLink</id><content>itrust_v10_code/iTrust/src/edu/ncsu/csc/itrust/tags/ICD9CMLink.java</content><parent_id/></artifact>
	<artifact><id>PatientNavigation</id><content>itrust_v10_code/iTrust/src/edu/ncsu/csc/itrust/tags/PatientNavigation.java</content><parent_id/></artifact>
	<artifact><id>StateSelect</id><content>itrust_v10_code/iTrust/src/edu/ncsu/csc/itrust/tags/StateSelect.java</content><parent_id/></artifact>
	<artifact><id>AddPatientValidator</id><content>itrust_v10_code/iTrust/src/edu/ncsu/csc/itrust/validate/AddPatientValidator.java</content><parent_id/></artifact>
	<artifact><id>AddPersonnelValidator</id><content>itrust_v10_code/iTrust/src/edu/ncsu/csc/itrust/validate/AddPersonnelValidator.java</content><parent_id/></artifact>
	<artifact><id>AdverseEventValidator</id><content>itrust_v10_code/iTrust/src/edu/ncsu/csc/itrust/validate/AdverseEventValidator.java</content><parent_id/></artifact>
	<artifact><id>AllergyBeanValidator</id><content>itrust_v10_code/iTrust/src/edu/ncsu/csc/itrust/validate/AllergyBeanValidator.java</content><parent_id/></artifact>
	<artifact><id>ApptBeanValidator</id><content>itrust_v10_code/iTrust/src/edu/ncsu/csc/itrust/validate/ApptBeanValidator.java</content><parent_id/></artifact>
	<artifact><id>ApptTypeBeanValidator</id><content>itrust_v10_code/iTrust/src/edu/ncsu/csc/itrust/validate/ApptTypeBeanValidator.java</content><parent_id/></artifact>
	<artifact><id>BeanValidator</id><content>itrust_v10_code/iTrust/src/edu/ncsu/csc/itrust/validate/BeanValidator.java</content><parent_id/></artifact>
	<artifact><id>DiagnosisBeanValidator</id><content>itrust_v10_code/iTrust/src/edu/ncsu/csc/itrust/validate/DiagnosisBeanValidator.java</content><parent_id/></artifact>
	<artifact><id>DrugInteractionValidator</id><content>itrust_v10_code/iTrust/src/edu/ncsu/csc/itrust/validate/DrugInteractionValidator.java</content><parent_id/></artifact>
	<artifact><id>EditOfficeVisitValidator</id><content>itrust_v10_code/iTrust/src/edu/ncsu/csc/itrust/validate/EditOfficeVisitValidator.java</content><parent_id/></artifact>
	<artifact><id>EMailValidator</id><content>itrust_v10_code/iTrust/src/edu/ncsu/csc/itrust/validate/EMailValidator.java</content><parent_id/></artifact>
	<artifact><id>HealthRecordFormValidator</id><content>itrust_v10_code/iTrust/src/edu/ncsu/csc/itrust/validate/HealthRecordFormValidator.java</content><parent_id/></artifact>
	<artifact><id>HospitalBeanValidator</id><content>itrust_v10_code/iTrust/src/edu/ncsu/csc/itrust/validate/HospitalBeanValidator.java</content><parent_id/></artifact>
	<artifact><id>LabProcedureValidator</id><content>itrust_v10_code/iTrust/src/edu/ncsu/csc/itrust/validate/LabProcedureValidator.java</content><parent_id/></artifact>
	<artifact><id>LOINCBeanValidator</id><content>itrust_v10_code/iTrust/src/edu/ncsu/csc/itrust/validate/LOINCBeanValidator.java</content><parent_id/></artifact>
	<artifact><id>MailValidator</id><content>itrust_v10_code/iTrust/src/edu/ncsu/csc/itrust/validate/MailValidator.java</content><parent_id/></artifact>
	<artifact><id>MedicationBeanValidator</id><content>itrust_v10_code/iTrust/src/edu/ncsu/csc/itrust/validate/MedicationBeanValidator.java</content><parent_id/></artifact>
	<artifact><id>MessageValidator</id><content>itrust_v10_code/iTrust/src/edu/ncsu/csc/itrust/validate/MessageValidator.java</content><parent_id/></artifact>
	<artifact><id>PatientValidator</id><content>itrust_v10_code/iTrust/src/edu/ncsu/csc/itrust/validate/PatientValidator.java</content><parent_id/></artifact>
	<artifact><id>PersonnelValidator</id><content>itrust_v10_code/iTrust/src/edu/ncsu/csc/itrust/validate/PersonnelValidator.java</content><parent_id/></artifact>
	<artifact><id>ProcedureBeanValidator</id><content>itrust_v10_code/iTrust/src/edu/ncsu/csc/itrust/validate/ProcedureBeanValidator.java</content><parent_id/></artifact>
	<artifact><id>RemoteMonitoringDataBeanValidator</id><content>itrust_v10_code/iTrust/src/edu/ncsu/csc/itrust/validate/RemoteMonitoringDataBeanValidator.java</content><parent_id/></artifact>
	<artifact><id>SecurityQAValidator</id><content>itrust_v10_code/iTrust/src/edu/ncsu/csc/itrust/validate/SecurityQAValidator.java</content><parent_id/></artifact>
	<artifact><id>SurveySearchValidator</id><content>itrust_v10_code/iTrust/src/edu/ncsu/csc/itrust/validate/SurveySearchValidator.java</content><parent_id/></artifact>
	<artifact><id>ValidationFormat</id><content>itrust_v10_code/iTrust/src/edu/ncsu/csc/itrust/validate/ValidationFormat.java</content><parent_id/></artifact>
	<artifact><id>/auth/admin/addER</id><content>itrust_v10_code/iTrust/WebRoot/auth/admin/addER.jsp</content><parent_id/></artifact>
	<artifact><id>/auth/admin/addHCP</id><content>itrust_v10_code/iTrust/WebRoot/auth/admin/addHCP.jsp</content><parent_id/></artifact>
	<artifact><id>/auth/admin/addPHA</id><content>itrust_v10_code/iTrust/WebRoot/auth/admin/addPHA.jsp</content><parent_id/></artifact>
	<artifact><id>/auth/admin/editApptType</id><content>itrust_v10_code/iTrust/WebRoot/auth/admin/editApptType.jsp</content><parent_id/></artifact>
	<artifact><id>/auth/admin/editCPTProcedureCodes</id><content>itrust_v10_code/iTrust/WebRoot/auth/admin/editCPTProcedureCodes.jsp</content><parent_id/></artifact>
	<artifact><id>/auth/admin/editICDCodes</id><content>itrust_v10_code/iTrust/WebRoot/auth/admin/editICDCodes.jsp</content><parent_id/></artifact>
	<artifact><id>/auth/admin/editLOINCCodes</id><content>itrust_v10_code/iTrust/WebRoot/auth/admin/editLOINCCodes.jsp</content><parent_id/></artifact>
	<artifact><id>/auth/admin/editNDCInteractions</id><content>itrust_v10_code/iTrust/WebRoot/auth/admin/editNDCInteractions.jsp</content><parent_id/></artifact>
	<artifact><id>/auth/admin/editNDCodes</id><content>itrust_v10_code/iTrust/WebRoot/auth/admin/editNDCodes.jsp</content><parent_id/></artifact>
	<artifact><id>/auth/admin/home</id><content>itrust_v10_code/iTrust/WebRoot/auth/admin/home.jsp</content><parent_id/></artifact>
	<artifact><id>/auth/admin/hospitalAssignments</id><content>itrust_v10_code/iTrust/WebRoot/auth/admin/hospitalAssignments.jsp</content><parent_id/></artifact>
	<artifact><id>/auth/admin/hospitalListing</id><content>itrust_v10_code/iTrust/WebRoot/auth/admin/hospitalListing.jsp</content><parent_id/></artifact>
	<artifact><id>/auth/admin/information</id><content>itrust_v10_code/iTrust/WebRoot/auth/admin/information.jsp</content><parent_id/></artifact>
	<artifact><id>/auth/admin/menu</id><content>itrust_v10_code/iTrust/WebRoot/auth/admin/menu.jsp</content><parent_id/></artifact>
	<artifact><id>/auth/admin/remindersMessageOutbox</id><content>itrust_v10_code/iTrust/WebRoot/auth/admin/remindersMessageOutbox.jsp</content><parent_id/></artifact>
	<artifact><id>/auth/admin/sendAppointmentReminders</id><content>itrust_v10_code/iTrust/WebRoot/auth/admin/sendAppointmentReminders.jsp</content><parent_id/></artifact>
	<artifact><id>/auth/admin/sessionTimeout</id><content>itrust_v10_code/iTrust/WebRoot/auth/admin/sessionTimeout.jsp</content><parent_id/></artifact>
	<artifact><id>/auth/admin/viewAllReportRequests</id><content>itrust_v10_code/iTrust/WebRoot/auth/admin/viewAllReportRequests.jsp</content><parent_id/></artifact>
	<artifact><id>/auth/admin/viewReminderMessage</id><content>itrust_v10_code/iTrust/WebRoot/auth/admin/viewReminderMessage.jsp</content><parent_id/></artifact>
	<artifact><id>/auth/admin/visitGraph</id><content>itrust_v10_code/iTrust/WebRoot/auth/admin/visitGraph.jsp</content><parent_id/></artifact>
	<artifact><id>/auth/er/home</id><content>itrust_v10_code/iTrust/WebRoot/auth/er/home.jsp</content><parent_id/></artifact>
	<artifact><id>/auth/er/information</id><content>itrust_v10_code/iTrust/WebRoot/auth/er/information.jsp</content><parent_id/></artifact>
	<artifact><id>/auth/er/menu</id><content>itrust_v10_code/iTrust/WebRoot/auth/er/menu.jsp</content><parent_id/></artifact>
	<artifact><id>/auth/exceptionHandler</id><content>itrust_v10_code/iTrust/WebRoot/auth/exceptionHandler.jsp</content><parent_id/></artifact>
	<artifact><id>/auth/forwardUser</id><content>itrust_v10_code/iTrust/WebRoot/auth/forwardUser.jsp</content><parent_id/></artifact>
	<artifact><id>/auth/getPatientID</id><content>itrust_v10_code/iTrust/WebRoot/auth/getPatientID.jsp</content><parent_id/></artifact>
	<artifact><id>/auth/getPersonnelID</id><content>itrust_v10_code/iTrust/WebRoot/auth/getPersonnelID.jsp</content><parent_id/></artifact>
	<artifact><id>/auth/hcp/addUAP</id><content>itrust_v10_code/iTrust/WebRoot/auth/hcp/addUAP.jsp</content><parent_id/></artifact>
	<artifact><id>/auth/hcp/calendar</id><content>itrust_v10_code/iTrust/WebRoot/auth/hcp/calendar.jsp</content><parent_id/></artifact>
	<artifact><id>/auth/hcp/editPatientList</id><content>itrust_v10_code/iTrust/WebRoot/auth/hcp/editPatientList.jsp</content><parent_id/></artifact>
	<artifact><id>/auth/hcp/editRepresentatives</id><content>itrust_v10_code/iTrust/WebRoot/auth/hcp/editRepresentatives.jsp</content><parent_id/></artifact>
	<artifact><id>/auth/hcp/hcpConsultation</id><content>itrust_v10_code/iTrust/WebRoot/auth/hcp/hcpConsultation.jsp</content><parent_id/></artifact>
	<artifact><id>/auth/hcp/home</id><content>itrust_v10_code/iTrust/WebRoot/auth/hcp/home.jsp</content><parent_id/></artifact>
	<artifact><id>/auth/hcp/information</id><content>itrust_v10_code/iTrust/WebRoot/auth/hcp/information.jsp</content><parent_id/></artifact>
	<artifact><id>/auth/hcp/LabProcHCP</id><content>itrust_v10_code/iTrust/WebRoot/auth/hcp/LabProcHCP.jsp</content><parent_id/></artifact>
	<artifact><id>/auth/hcp/menu</id><content>itrust_v10_code/iTrust/WebRoot/auth/hcp/menu.jsp</content><parent_id/></artifact>
	<artifact><id>/auth/hcp/messageInbox</id><content>itrust_v10_code/iTrust/WebRoot/auth/hcp/messageInbox.jsp</content><parent_id/></artifact>
	<artifact><id>/auth/hcp/messageOutbox</id><content>itrust_v10_code/iTrust/WebRoot/auth/hcp/messageOutbox.jsp</content><parent_id/></artifact>
	<artifact><id>/auth/hcp/monitorPatients</id><content>itrust_v10_code/iTrust/WebRoot/auth/hcp/monitorPatients.jsp</content><parent_id/></artifact>
	<artifact><id>/auth/hcp/reply</id><content>itrust_v10_code/iTrust/WebRoot/auth/hcp/reply.jsp</content><parent_id/></artifact>
	<artifact><id>/auth/hcp/scheduleAppt</id><content>itrust_v10_code/iTrust/WebRoot/auth/hcp/scheduleAppt.jsp</content><parent_id/></artifact>
	<artifact><id>/auth/hcp/sendEmailNotification</id><content>itrust_v10_code/iTrust/WebRoot/auth/hcp/sendEmailNotification.jsp</content><parent_id/></artifact>
	<artifact><id>/auth/hcp/sendMessage</id><content>itrust_v10_code/iTrust/WebRoot/auth/hcp/sendMessage.jsp</content><parent_id/></artifact>
	<artifact><id>/auth/hcp/UpdateLabProc</id><content>itrust_v10_code/iTrust/WebRoot/auth/hcp/UpdateLabProc.jsp</content><parent_id/></artifact>
	<artifact><id>/auth/hcp/viewAdditionalInfo</id><content>itrust_v10_code/iTrust/WebRoot/auth/hcp/viewAdditionalInfo.jsp</content><parent_id/></artifact>
	<artifact><id>/auth/hcp/viewAppt</id><content>itrust_v10_code/iTrust/WebRoot/auth/hcp/viewAppt.jsp</content><parent_id/></artifact>
	<artifact><id>/auth/hcp/viewMessageInbox</id><content>itrust_v10_code/iTrust/WebRoot/auth/hcp/viewMessageInbox.jsp</content><parent_id/></artifact>
	<artifact><id>/auth/hcp/viewMessageOutbox</id><content>itrust_v10_code/iTrust/WebRoot/auth/hcp/viewMessageOutbox.jsp</content><parent_id/></artifact>
	<artifact><id>/auth/hcp/viewMyAppts</id><content>itrust_v10_code/iTrust/WebRoot/auth/hcp/viewMyAppts.jsp</content><parent_id/></artifact>
	<artifact><id>/auth/hcp/viewMyMessages</id><content>itrust_v10_code/iTrust/WebRoot/auth/hcp/viewMyMessages.jsp</content><parent_id/></artifact>
	<artifact><id>/auth/hcp/viewPrescriptionRenewalNeeds</id><content>itrust_v10_code/iTrust/WebRoot/auth/hcp/viewPrescriptionRenewalNeeds.jsp</content><parent_id/></artifact>
	<artifact><id>/auth/hcp/visitReminders</id><content>itrust_v10_code/iTrust/WebRoot/auth/hcp/visitReminders.jsp</content><parent_id/></artifact>
	<artifact><id>/auth/hcp-er/emergencyReport</id><content>itrust_v10_code/iTrust/WebRoot/auth/hcp-er/emergencyReport.jsp</content><parent_id/></artifact>
	<artifact><id>/auth/hcp-uap/addPatient</id><content>itrust_v10_code/iTrust/WebRoot/auth/hcp-uap/addPatient.jsp</content><parent_id/></artifact>
	<artifact><id>/auth/hcp-uap/chronicDiseaseRisks</id><content>itrust_v10_code/iTrust/WebRoot/auth/hcp-uap/chronicDiseaseRisks.jsp</content><parent_id/></artifact>
	<artifact><id>/auth/hcp-uap/documentOfficeVisit</id><content>itrust_v10_code/iTrust/WebRoot/auth/hcp-uap/documentOfficeVisit.jsp</content><parent_id/></artifact>
	<artifact><id>/auth/hcp-uap/editBasicHealth</id><content>itrust_v10_code/iTrust/WebRoot/auth/hcp-uap/editBasicHealth.jsp</content><parent_id/></artifact>
	<artifact><id>/auth/hcp-uap/editOfficeVisit</id><content>itrust_v10_code/iTrust/WebRoot/auth/hcp-uap/editOfficeVisit.jsp</content><parent_id/></artifact>
	<artifact><id>/auth/hcp-uap/editPatient</id><content>itrust_v10_code/iTrust/WebRoot/auth/hcp-uap/editPatient.jsp</content><parent_id/></artifact>
	<artifact><id>/auth/hcp-uap/editPatientList</id><content>itrust_v10_code/iTrust/WebRoot/auth/hcp-uap/editPatientList.jsp</content><parent_id/></artifact>
	<artifact><id>/auth/hcp-uap/editPHR</id><content>itrust_v10_code/iTrust/WebRoot/auth/hcp-uap/editPHR.jsp</content><parent_id/></artifact>
	<artifact><id>/auth/hcp-uap/editPrescription</id><content>itrust_v10_code/iTrust/WebRoot/auth/hcp-uap/editPrescription.jsp</content><parent_id/></artifact>
	<artifact><id>/auth/hcp-uap/getPrescriptionReport</id><content>itrust_v10_code/iTrust/WebRoot/auth/hcp-uap/getPrescriptionReport.jsp</content><parent_id/></artifact>
	<artifact><id>/auth/hcp-uap/LabProcUAP</id><content>itrust_v10_code/iTrust/WebRoot/auth/hcp-uap/LabProcUAP.jsp</content><parent_id/></artifact>
	<artifact><id>/auth/hcp-uap/showEmailHistory</id><content>itrust_v10_code/iTrust/WebRoot/auth/hcp-uap/showEmailHistory.jsp</content><parent_id/></artifact>
	<artifact><id>/auth/hcp-uap/updateLabProc</id><content>itrust_v10_code/iTrust/WebRoot/auth/hcp-uap/updateLabProc.jsp</content><parent_id/></artifact>
	<artifact><id>/auth/hcp-uap/viewMyReportRequests</id><content>itrust_v10_code/iTrust/WebRoot/auth/hcp-uap/viewMyReportRequests.jsp</content><parent_id/></artifact>
	<artifact><id>/auth/hcp-uap/viewPatientOfficeVisitHistory</id><content>itrust_v10_code/iTrust/WebRoot/auth/hcp-uap/viewPatientOfficeVisitHistory.jsp</content><parent_id/></artifact>
	<artifact><id>/auth/hcp-uap/viewReport</id><content>itrust_v10_code/iTrust/WebRoot/auth/hcp-uap/viewReport.jsp</content><parent_id/></artifact>
	<artifact><id>/auth/patient/addTelemedicineData</id><content>itrust_v10_code/iTrust/WebRoot/auth/patient/addTelemedicineData.jsp</content><parent_id/></artifact>
	<artifact><id>/auth/patient/calendar</id><content>itrust_v10_code/iTrust/WebRoot/auth/patient/calendar.jsp</content><parent_id/></artifact>
	<artifact><id>/auth/patient/editMyDemographics</id><content>itrust_v10_code/iTrust/WebRoot/auth/patient/editMyDemographics.jsp</content><parent_id/></artifact>
	<artifact><id>/auth/patient/home</id><content>itrust_v10_code/iTrust/WebRoot/auth/patient/home.jsp</content><parent_id/></artifact>
	<artifact><id>/auth/patient/information</id><content>itrust_v10_code/iTrust/WebRoot/auth/patient/information.jsp</content><parent_id/></artifact>
	<artifact><id>/auth/patient/menu</id><content>itrust_v10_code/iTrust/WebRoot/auth/patient/menu.jsp</content><parent_id/></artifact>
	<artifact><id>/auth/patient/messageInbox</id><content>itrust_v10_code/iTrust/WebRoot/auth/patient/messageInbox.jsp</content><parent_id/></artifact>
	<artifact><id>/auth/patient/messageOutbox</id><content>itrust_v10_code/iTrust/WebRoot/auth/patient/messageOutbox.jsp</content><parent_id/></artifact>
	<artifact><id>/auth/patient/myDiagnoses</id><content>itrust_v10_code/iTrust/WebRoot/auth/patient/myDiagnoses.jsp</content><parent_id/></artifact>
	<artifact><id>/auth/patient/reply</id><content>itrust_v10_code/iTrust/WebRoot/auth/patient/reply.jsp</content><parent_id/></artifact>
	<artifact><id>/auth/patient/reportAdverseEvent</id><content>itrust_v10_code/iTrust/WebRoot/auth/patient/reportAdverseEvent.jsp</content><parent_id/></artifact>
	<artifact><id>/auth/patient/sendMessage</id><content>itrust_v10_code/iTrust/WebRoot/auth/patient/sendMessage.jsp</content><parent_id/></artifact>
	<artifact><id>/auth/patient/showEmailHistory</id><content>itrust_v10_code/iTrust/WebRoot/auth/patient/showEmailHistory.jsp</content><parent_id/></artifact>
	<artifact><id>/auth/patient/survey</id><content>itrust_v10_code/iTrust/WebRoot/auth/patient/survey.jsp</content><parent_id/></artifact>
	<artifact><id>/auth/patient/viewAccessLog</id><content>itrust_v10_code/iTrust/WebRoot/auth/patient/viewAccessLog.jsp</content><parent_id/></artifact>
	<artifact><id>/auth/patient/viewAppt</id><content>itrust_v10_code/iTrust/WebRoot/auth/patient/viewAppt.jsp</content><parent_id/></artifact>
	<artifact><id>/auth/patient/viewExpiredPrescriptionRecords</id><content>itrust_v10_code/iTrust/WebRoot/auth/patient/viewExpiredPrescriptionRecords.jsp</content><parent_id/></artifact>
	<artifact><id>/auth/patient/viewLabProc</id><content>itrust_v10_code/iTrust/WebRoot/auth/patient/viewLabProc.jsp</content><parent_id/></artifact>
	<artifact><id>/auth/patient/viewLHCP</id><content>itrust_v10_code/iTrust/WebRoot/auth/patient/viewLHCP.jsp</content><parent_id/></artifact>
	<artifact><id>/auth/patient/viewMessageInbox</id><content>itrust_v10_code/iTrust/WebRoot/auth/patient/viewMessageInbox.jsp</content><parent_id/></artifact>
	<artifact><id>/auth/patient/viewMessageOutbox</id><content>itrust_v10_code/iTrust/WebRoot/auth/patient/viewMessageOutbox.jsp</content><parent_id/></artifact>
	<artifact><id>/auth/patient/viewMyAppts</id><content>itrust_v10_code/iTrust/WebRoot/auth/patient/viewMyAppts.jsp</content><parent_id/></artifact>
	<artifact><id>/auth/patient/viewMyMessages</id><content>itrust_v10_code/iTrust/WebRoot/auth/patient/viewMyMessages.jsp</content><parent_id/></artifact>
	<artifact><id>/auth/patient/viewMyRecords</id><content>itrust_v10_code/iTrust/WebRoot/auth/patient/viewMyRecords.jsp</content><parent_id/></artifact>
	<artifact><id>/auth/patient/viewOfficeVisit</id><content>itrust_v10_code/iTrust/WebRoot/auth/patient/viewOfficeVisit.jsp</content><parent_id/></artifact>
	<artifact><id>/auth/patient/viewPrescriptionInformation</id><content>itrust_v10_code/iTrust/WebRoot/auth/patient/viewPrescriptionInformation.jsp</content><parent_id/></artifact>
	<artifact><id>/auth/patient/viewPrescriptionRecords</id><content>itrust_v10_code/iTrust/WebRoot/auth/patient/viewPrescriptionRecords.jsp</content><parent_id/></artifact>
	<artifact><id>/auth/patient/viewVisitedHCPs</id><content>itrust_v10_code/iTrust/WebRoot/auth/patient/viewVisitedHCPs.jsp</content><parent_id/></artifact>
	<artifact><id>/auth/pha/adverseEventChart</id><content>itrust_v10_code/iTrust/WebRoot/auth/pha/adverseEventChart.jsp</content><parent_id/></artifact>
	<artifact><id>/auth/pha/adverseEventDetails</id><content>itrust_v10_code/iTrust/WebRoot/auth/pha/adverseEventDetails.jsp</content><parent_id/></artifact>
	<artifact><id>/auth/pha/barchart</id><content>itrust_v10_code/iTrust/WebRoot/auth/pha/barchart.jsp</content><parent_id/></artifact>
	<artifact><id>/auth/pha/home</id><content>itrust_v10_code/iTrust/WebRoot/auth/pha/home.jsp</content><parent_id/></artifact>
	<artifact><id>/auth/pha/information</id><content>itrust_v10_code/iTrust/WebRoot/auth/pha/information.jsp</content><parent_id/></artifact>
	<artifact><id>/auth/pha/menu</id><content>itrust_v10_code/iTrust/WebRoot/auth/pha/menu.jsp</content><parent_id/></artifact>
	<artifact><id>/auth/pha/monitorAdverseEvents</id><content>itrust_v10_code/iTrust/WebRoot/auth/pha/monitorAdverseEvents.jsp</content><parent_id/></artifact>
	<artifact><id>/auth/staff/editMyDemographics</id><content>itrust_v10_code/iTrust/WebRoot/auth/staff/editMyDemographics.jsp</content><parent_id/></artifact>
	<artifact><id>/auth/staff/editPersonnel</id><content>itrust_v10_code/iTrust/WebRoot/auth/staff/editPersonnel.jsp</content><parent_id/></artifact>
	<artifact><id>/auth/surveyResults</id><content>itrust_v10_code/iTrust/WebRoot/auth/surveyResults.jsp</content><parent_id/></artifact>
	<artifact><id>/auth/tester/home</id><content>itrust_v10_code/iTrust/WebRoot/auth/tester/home.jsp</content><parent_id/></artifact>
	<artifact><id>/auth/tester/menu</id><content>itrust_v10_code/iTrust/WebRoot/auth/tester/menu.jsp</content><parent_id/></artifact>
	<artifact><id>/auth/uap/addTelemedicineData</id><content>itrust_v10_code/iTrust/WebRoot/auth/uap/addTelemedicineData.jsp</content><parent_id/></artifact>
	<artifact><id>/auth/uap/getPatientMonitorList</id><content>itrust_v10_code/iTrust/WebRoot/auth/uap/getPatientMonitorList.jsp</content><parent_id/></artifact>
	<artifact><id>/auth/uap/home</id><content>itrust_v10_code/iTrust/WebRoot/auth/uap/home.jsp</content><parent_id/></artifact>
	<artifact><id>/auth/uap/information</id><content>itrust_v10_code/iTrust/WebRoot/auth/uap/information.jsp</content><parent_id/></artifact>
	<artifact><id>/auth/uap/menu</id><content>itrust_v10_code/iTrust/WebRoot/auth/uap/menu.jsp</content><parent_id/></artifact>
	<artifact><id>/auth/viewPersonnel</id><content>itrust_v10_code/iTrust/WebRoot/auth/viewPersonnel.jsp</content><parent_id/></artifact>
	<artifact><id>/authenticate</id><content>itrust_v10_code/iTrust/WebRoot/authenticate.jsp</content><parent_id/></artifact>
	<artifact><id>/errors/badredirect</id><content>itrust_v10_code/iTrust/WebRoot/errors/badredirect.jsp</content><parent_id/></artifact>
	<artifact><id>/errors/noaccess</id><content>itrust_v10_code/iTrust/WebRoot/errors/noaccess.jsp</content><parent_id/></artifact>
	<artifact><id>/errors/nodb</id><content>itrust_v10_code/iTrust/WebRoot/errors/nodb.jsp</content><parent_id/></artifact>
	<artifact><id>/errors/notfound</id><content>itrust_v10_code/iTrust/WebRoot/errors/notfound.jsp</content><parent_id/></artifact>
	<artifact><id>/errors/reboot</id><content>itrust_v10_code/iTrust/WebRoot/errors/reboot.jsp</content><parent_id/></artifact>
	<artifact><id>/footer</id><content>itrust_v10_code/iTrust/WebRoot/footer.jsp</content><parent_id/></artifact>
	<artifact><id>/global</id><content>itrust_v10_code/iTrust/WebRoot/global.jsp</content><parent_id/></artifact>
	<artifact><id>/header</id><content>itrust_v10_code/iTrust/WebRoot/header.jsp</content><parent_id/></artifact>
	<artifact><id>/login</id><content>itrust_v10_code/iTrust/WebRoot/login.jsp</content><parent_id/></artifact>
	<artifact><id>/loginMenu</id><content>itrust_v10_code/iTrust/WebRoot/loginMenu.jsp</content><parent_id/></artifact>
	<artifact><id>/logout</id><content>itrust_v10_code/iTrust/WebRoot/logout.jsp</content><parent_id/></artifact>
	<artifact><id>/logoutMenu</id><content>itrust_v10_code/iTrust/WebRoot/logoutMenu.jsp</content><parent_id/></artifact>
	<artifact><id>/print_header</id><content>itrust_v10_code/iTrust/WebRoot/print_header.jsp</content><parent_id/></artifact>
	<artifact><id>/privacyPolicy</id><content>itrust_v10_code/iTrust/WebRoot/privacyPolicy.jsp</content><parent_id/></artifact>
	<artifact><id>/redirect</id><content>itrust_v10_code/iTrust/WebRoot/redirect.jsp</content><parent_id/></artifact>
	<artifact><id>/template</id><content>itrust_v10_code/iTrust/WebRoot/template.jsp</content><parent_id/></artifact>
	<artifact><id>/util/andystestutil</id><content>itrust_v10_code/iTrust/WebRoot/util/andystestutil.jsp</content><parent_id/></artifact>
	<artifact><id>/util/blackbox/blackbox</id><content>itrust_v10_code/iTrust/WebRoot/util/blackbox/blackbox.jsp</content><parent_id/></artifact>
	<artifact><id>/util/displayDatabase</id><content>itrust_v10_code/iTrust/WebRoot/util/displayDatabase.jsp</content><parent_id/></artifact>
	<artifact><id>/util/displayWikiDatabase</id><content>itrust_v10_code/iTrust/WebRoot/util/displayWikiDatabase.jsp</content><parent_id/></artifact>
	<artifact><id>/util/getUser</id><content>itrust_v10_code/iTrust/WebRoot/util/getUser.jsp</content><parent_id/></artifact>
	<artifact><id>/util/getUserFrame</id><content>itrust_v10_code/iTrust/WebRoot/util/getUserFrame.jsp</content><parent_id/></artifact>
	<artifact><id>/util/resetPassword</id><content>itrust_v10_code/iTrust/WebRoot/util/resetPassword.jsp</content><parent_id/></artifact>
	<artifact><id>/util/showFakeEmails</id><content>itrust_v10_code/iTrust/WebRoot/util/showFakeEmails.jsp</content><parent_id/></artifact>
	<artifact><id>/util/transactionLog</id><content>itrust_v10_code/iTrust/WebRoot/util/transactionLog.jsp</content><parent_id/></artifact>
</artifacts>
</artifacts_collection>
