<?xml version="1.0" encoding="utf-8" ?>
<artifacts_collection>
<collection_info>
	<id>Code</id>
	<name>Code</name>
	<version>1.1</version>
	<description>Java Class</description>
	<content_location>external</content_location>
</collection_info>
<artifacts>
	<artifact><id>/auth/admin/addER</id><content>itrust_v10_code/iTrust/WebRoot/auth/admin/addER.jsp</content><parent_id/></artifact>
	<artifact><id>/auth/admin/addHCP</id><content>itrust_v10_code/iTrust/WebRoot/auth/admin/addHCP.jsp</content><parent_id/></artifact>
	<artifact><id>/auth/admin/addPHA</id><content>itrust_v10_code/iTrust/WebRoot/auth/admin/addPHA.jsp</content><parent_id/></artifact>
	<artifact><id>/auth/admin/editApptType</id><content>itrust_v10_code/iTrust/WebRoot/auth/admin/editApptType.jsp</content><parent_id/></artifact>
	<artifact><id>/auth/admin/editCPTProcedureCodes</id><content>itrust_v10_code/iTrust/WebRoot/auth/admin/editCPTProcedureCodes.jsp</content><parent_id/></artifact>
	<artifact><id>/auth/admin/editICDCodes</id><content>itrust_v10_code/iTrust/WebRoot/auth/admin/editICDCodes.jsp</content><parent_id/></artifact>
	<artifact><id>/auth/admin/editLOINCCodes</id><content>itrust_v10_code/iTrust/WebRoot/auth/admin/editLOINCCodes.jsp</content><parent_id/></artifact>
	<artifact><id>/auth/admin/editNDCInteractions</id><content>itrust_v10_code/iTrust/WebRoot/auth/admin/editNDCInteractions.jsp</content><parent_id/></artifact>
	<artifact><id>/auth/admin/editNDCodes</id><content>itrust_v10_code/iTrust/WebRoot/auth/admin/editNDCodes.jsp</content><parent_id/></artifact>
	<artifact><id>/auth/admin/home</id><content>itrust_v10_code/iTrust/WebRoot/auth/admin/home.jsp</content><parent_id/></artifact>
	<artifact><id>/auth/admin/hospitalAssignments</id><content>itrust_v10_code/iTrust/WebRoot/auth/admin/hospitalAssignments.jsp</content><parent_id/></artifact>
	<artifact><id>/auth/admin/hospitalListing</id><content>itrust_v10_code/iTrust/WebRoot/auth/admin/hospitalListing.jsp</content><parent_id/></artifact>
	<artifact><id>/auth/admin/information</id><content>itrust_v10_code/iTrust/WebRoot/auth/admin/information.jsp</content><parent_id/></artifact>
	<artifact><id>/auth/admin/menu</id><content>itrust_v10_code/iTrust/WebRoot/auth/admin/menu.jsp</content><parent_id/></artifact>
	<artifact><id>/auth/admin/remindersMessageOutbox</id><content>itrust_v10_code/iTrust/WebRoot/auth/admin/remindersMessageOutbox.jsp</content><parent_id/></artifact>
	<artifact><id>/auth/admin/sendAppointmentReminders</id><content>itrust_v10_code/iTrust/WebRoot/auth/admin/sendAppointmentReminders.jsp</content><parent_id/></artifact>
	<artifact><id>/auth/admin/sessionTimeout</id><content>itrust_v10_code/iTrust/WebRoot/auth/admin/sessionTimeout.jsp</content><parent_id/></artifact>
	<artifact><id>/auth/admin/viewAllReportRequests</id><content>itrust_v10_code/iTrust/WebRoot/auth/admin/viewAllReportRequests.jsp</content><parent_id/></artifact>
	<artifact><id>/auth/admin/viewReminderMessage</id><content>itrust_v10_code/iTrust/WebRoot/auth/admin/viewReminderMessage.jsp</content><parent_id/></artifact>
	<artifact><id>/auth/admin/visitGraph</id><content>itrust_v10_code/iTrust/WebRoot/auth/admin/visitGraph.jsp</content><parent_id/></artifact>
	<artifact><id>/auth/er/home</id><content>itrust_v10_code/iTrust/WebRoot/auth/er/home.jsp</content><parent_id/></artifact>
	<artifact><id>/auth/er/information</id><content>itrust_v10_code/iTrust/WebRoot/auth/er/information.jsp</content><parent_id/></artifact>
	<artifact><id>/auth/er/menu</id><content>itrust_v10_code/iTrust/WebRoot/auth/er/menu.jsp</content><parent_id/></artifact>
	<artifact><id>/auth/exceptionHandler</id><content>itrust_v10_code/iTrust/WebRoot/auth/exceptionHandler.jsp</content><parent_id/></artifact>
	<artifact><id>/auth/forwardUser</id><content>itrust_v10_code/iTrust/WebRoot/auth/forwardUser.jsp</content><parent_id/></artifact>
	<artifact><id>/auth/getPatientID</id><content>itrust_v10_code/iTrust/WebRoot/auth/getPatientID.jsp</content><parent_id/></artifact>
	<artifact><id>/auth/getPersonnelID</id><content>itrust_v10_code/iTrust/WebRoot/auth/getPersonnelID.jsp</content><parent_id/></artifact>
	<artifact><id>/auth/hcp/addUAP</id><content>itrust_v10_code/iTrust/WebRoot/auth/hcp/addUAP.jsp</content><parent_id/></artifact>
	<artifact><id>/auth/hcp/calendar</id><content>itrust_v10_code/iTrust/WebRoot/auth/hcp/calendar.jsp</content><parent_id/></artifact>
	<artifact><id>/auth/hcp/editPatientList</id><content>itrust_v10_code/iTrust/WebRoot/auth/hcp/editPatientList.jsp</content><parent_id/></artifact>
	<artifact><id>/auth/hcp/editRepresentatives</id><content>itrust_v10_code/iTrust/WebRoot/auth/hcp/editRepresentatives.jsp</content><parent_id/></artifact>
	<artifact><id>/auth/hcp/hcpConsultation</id><content>itrust_v10_code/iTrust/WebRoot/auth/hcp/hcpConsultation.jsp</content><parent_id/></artifact>
	<artifact><id>/auth/hcp/home</id><content>itrust_v10_code/iTrust/WebRoot/auth/hcp/home.jsp</content><parent_id/></artifact>
	<artifact><id>/auth/hcp/information</id><content>itrust_v10_code/iTrust/WebRoot/auth/hcp/information.jsp</content><parent_id/></artifact>
	<artifact><id>/auth/hcp/LabProcHCP</id><content>itrust_v10_code/iTrust/WebRoot/auth/hcp/LabProcHCP.jsp</content><parent_id/></artifact>
	<artifact><id>/auth/hcp/menu</id><content>itrust_v10_code/iTrust/WebRoot/auth/hcp/menu.jsp</content><parent_id/></artifact>
	<artifact><id>/auth/hcp/messageInbox</id><content>itrust_v10_code/iTrust/WebRoot/auth/hcp/messageInbox.jsp</content><parent_id/></artifact>
	<artifact><id>/auth/hcp/messageOutbox</id><content>itrust_v10_code/iTrust/WebRoot/auth/hcp/messageOutbox.jsp</content><parent_id/></artifact>
	<artifact><id>/auth/hcp/monitorPatients</id><content>itrust_v10_code/iTrust/WebRoot/auth/hcp/monitorPatients.jsp</content><parent_id/></artifact>
	<artifact><id>/auth/hcp/reply</id><content>itrust_v10_code/iTrust/WebRoot/auth/hcp/reply.jsp</content><parent_id/></artifact>
	<artifact><id>/auth/hcp/scheduleAppt</id><content>itrust_v10_code/iTrust/WebRoot/auth/hcp/scheduleAppt.jsp</content><parent_id/></artifact>
	<artifact><id>/auth/hcp/sendEmailNotification</id><content>itrust_v10_code/iTrust/WebRoot/auth/hcp/sendEmailNotification.jsp</content><parent_id/></artifact>
	<artifact><id>/auth/hcp/sendMessage</id><content>itrust_v10_code/iTrust/WebRoot/auth/hcp/sendMessage.jsp</content><parent_id/></artifact>
	<artifact><id>/auth/hcp/UpdateLabProc</id><content>itrust_v10_code/iTrust/WebRoot/auth/hcp/UpdateLabProc.jsp</content><parent_id/></artifact>
	<artifact><id>/auth/hcp/viewAdditionalInfo</id><content>itrust_v10_code/iTrust/WebRoot/auth/hcp/viewAdditionalInfo.jsp</content><parent_id/></artifact>
	<artifact><id>/auth/hcp/viewAppt</id><content>itrust_v10_code/iTrust/WebRoot/auth/hcp/viewAppt.jsp</content><parent_id/></artifact>
	<artifact><id>/auth/hcp/viewMessageInbox</id><content>itrust_v10_code/iTrust/WebRoot/auth/hcp/viewMessageInbox.jsp</content><parent_id/></artifact>
	<artifact><id>/auth/hcp/viewMessageOutbox</id><content>itrust_v10_code/iTrust/WebRoot/auth/hcp/viewMessageOutbox.jsp</content><parent_id/></artifact>
	<artifact><id>/auth/hcp/viewMyAppts</id><content>itrust_v10_code/iTrust/WebRoot/auth/hcp/viewMyAppts.jsp</content><parent_id/></artifact>
	<artifact><id>/auth/hcp/viewMyMessages</id><content>itrust_v10_code/iTrust/WebRoot/auth/hcp/viewMyMessages.jsp</content><parent_id/></artifact>
	<artifact><id>/auth/hcp/viewPrescriptionRenewalNeeds</id><content>itrust_v10_code/iTrust/WebRoot/auth/hcp/viewPrescriptionRenewalNeeds.jsp</content><parent_id/></artifact>
	<artifact><id>/auth/hcp/visitReminders</id><content>itrust_v10_code/iTrust/WebRoot/auth/hcp/visitReminders.jsp</content><parent_id/></artifact>
	<artifact><id>/auth/hcp-er/emergencyReport</id><content>itrust_v10_code/iTrust/WebRoot/auth/hcp-er/emergencyReport.jsp</content><parent_id/></artifact>
	<artifact><id>/auth/hcp-uap/addPatient</id><content>itrust_v10_code/iTrust/WebRoot/auth/hcp-uap/addPatient.jsp</content><parent_id/></artifact>
	<artifact><id>/auth/hcp-uap/chronicDiseaseRisks</id><content>itrust_v10_code/iTrust/WebRoot/auth/hcp-uap/chronicDiseaseRisks.jsp</content><parent_id/></artifact>
	<artifact><id>/auth/hcp-uap/documentOfficeVisit</id><content>itrust_v10_code/iTrust/WebRoot/auth/hcp-uap/documentOfficeVisit.jsp</content><parent_id/></artifact>
	<artifact><id>/auth/hcp-uap/editBasicHealth</id><content>itrust_v10_code/iTrust/WebRoot/auth/hcp-uap/editBasicHealth.jsp</content><parent_id/></artifact>
	<artifact><id>/auth/hcp-uap/editOfficeVisit</id><content>itrust_v10_code/iTrust/WebRoot/auth/hcp-uap/editOfficeVisit.jsp</content><parent_id/></artifact>
	<artifact><id>/auth/hcp-uap/editPatient</id><content>itrust_v10_code/iTrust/WebRoot/auth/hcp-uap/editPatient.jsp</content><parent_id/></artifact>
	<artifact><id>/auth/hcp-uap/editPatientList</id><content>itrust_v10_code/iTrust/WebRoot/auth/hcp-uap/editPatientList.jsp</content><parent_id/></artifact>
	<artifact><id>/auth/hcp-uap/editPHR</id><content>itrust_v10_code/iTrust/WebRoot/auth/hcp-uap/editPHR.jsp</content><parent_id/></artifact>
	<artifact><id>/auth/hcp-uap/editPrescription</id><content>itrust_v10_code/iTrust/WebRoot/auth/hcp-uap/editPrescription.jsp</content><parent_id/></artifact>
	<artifact><id>/auth/hcp-uap/getPrescriptionReport</id><content>itrust_v10_code/iTrust/WebRoot/auth/hcp-uap/getPrescriptionReport.jsp</content><parent_id/></artifact>
	<artifact><id>/auth/hcp-uap/LabProcUAP</id><content>itrust_v10_code/iTrust/WebRoot/auth/hcp-uap/LabProcUAP.jsp</content><parent_id/></artifact>
	<artifact><id>/auth/hcp-uap/showEmailHistory</id><content>itrust_v10_code/iTrust/WebRoot/auth/hcp-uap/showEmailHistory.jsp</content><parent_id/></artifact>
	<artifact><id>/auth/hcp-uap/updateLabProc</id><content>itrust_v10_code/iTrust/WebRoot/auth/hcp-uap/updateLabProc.jsp</content><parent_id/></artifact>
	<artifact><id>/auth/hcp-uap/viewMyReportRequests</id><content>itrust_v10_code/iTrust/WebRoot/auth/hcp-uap/viewMyReportRequests.jsp</content><parent_id/></artifact>
	<artifact><id>/auth/hcp-uap/viewPatientOfficeVisitHistory</id><content>itrust_v10_code/iTrust/WebRoot/auth/hcp-uap/viewPatientOfficeVisitHistory.jsp</content><parent_id/></artifact>
	<artifact><id>/auth/hcp-uap/viewReport</id><content>itrust_v10_code/iTrust/WebRoot/auth/hcp-uap/viewReport.jsp</content><parent_id/></artifact>
	<artifact><id>/auth/patient/addTelemedicineData</id><content>itrust_v10_code/iTrust/WebRoot/auth/patient/addTelemedicineData.jsp</content><parent_id/></artifact>
	<artifact><id>/auth/patient/calendar</id><content>itrust_v10_code/iTrust/WebRoot/auth/patient/calendar.jsp</content><parent_id/></artifact>
	<artifact><id>/auth/patient/editMyDemographics</id><content>itrust_v10_code/iTrust/WebRoot/auth/patient/editMyDemographics.jsp</content><parent_id/></artifact>
	<artifact><id>/auth/patient/home</id><content>itrust_v10_code/iTrust/WebRoot/auth/patient/home.jsp</content><parent_id/></artifact>
	<artifact><id>/auth/patient/information</id><content>itrust_v10_code/iTrust/WebRoot/auth/patient/information.jsp</content><parent_id/></artifact>
	<artifact><id>/auth/patient/menu</id><content>itrust_v10_code/iTrust/WebRoot/auth/patient/menu.jsp</content><parent_id/></artifact>
	<artifact><id>/auth/patient/messageInbox</id><content>itrust_v10_code/iTrust/WebRoot/auth/patient/messageInbox.jsp</content><parent_id/></artifact>
	<artifact><id>/auth/patient/messageOutbox</id><content>itrust_v10_code/iTrust/WebRoot/auth/patient/messageOutbox.jsp</content><parent_id/></artifact>
	<artifact><id>/auth/patient/myDiagnoses</id><content>itrust_v10_code/iTrust/WebRoot/auth/patient/myDiagnoses.jsp</content><parent_id/></artifact>
	<artifact><id>/auth/patient/reply</id><content>itrust_v10_code/iTrust/WebRoot/auth/patient/reply.jsp</content><parent_id/></artifact>
	<artifact><id>/auth/patient/reportAdverseEvent</id><content>itrust_v10_code/iTrust/WebRoot/auth/patient/reportAdverseEvent.jsp</content><parent_id/></artifact>
	<artifact><id>/auth/patient/sendMessage</id><content>itrust_v10_code/iTrust/WebRoot/auth/patient/sendMessage.jsp</content><parent_id/></artifact>
	<artifact><id>/auth/patient/showEmailHistory</id><content>itrust_v10_code/iTrust/WebRoot/auth/patient/showEmailHistory.jsp</content><parent_id/></artifact>
	<artifact><id>/auth/patient/survey</id><content>itrust_v10_code/iTrust/WebRoot/auth/patient/survey.jsp</content><parent_id/></artifact>
	<artifact><id>/auth/patient/viewAccessLog</id><content>itrust_v10_code/iTrust/WebRoot/auth/patient/viewAccessLog.jsp</content><parent_id/></artifact>
	<artifact><id>/auth/patient/viewAppt</id><content>itrust_v10_code/iTrust/WebRoot/auth/patient/viewAppt.jsp</content><parent_id/></artifact>
	<artifact><id>/auth/patient/viewExpiredPrescriptionRecords</id><content>itrust_v10_code/iTrust/WebRoot/auth/patient/viewExpiredPrescriptionRecords.jsp</content><parent_id/></artifact>
	<artifact><id>/auth/patient/viewLabProc</id><content>itrust_v10_code/iTrust/WebRoot/auth/patient/viewLabProc.jsp</content><parent_id/></artifact>
	<artifact><id>/auth/patient/viewLHCP</id><content>itrust_v10_code/iTrust/WebRoot/auth/patient/viewLHCP.jsp</content><parent_id/></artifact>
	<artifact><id>/auth/patient/viewMessageInbox</id><content>itrust_v10_code/iTrust/WebRoot/auth/patient/viewMessageInbox.jsp</content><parent_id/></artifact>
	<artifact><id>/auth/patient/viewMessageOutbox</id><content>itrust_v10_code/iTrust/WebRoot/auth/patient/viewMessageOutbox.jsp</content><parent_id/></artifact>
	<artifact><id>/auth/patient/viewMyAppts</id><content>itrust_v10_code/iTrust/WebRoot/auth/patient/viewMyAppts.jsp</content><parent_id/></artifact>
	<artifact><id>/auth/patient/viewMyMessages</id><content>itrust_v10_code/iTrust/WebRoot/auth/patient/viewMyMessages.jsp</content><parent_id/></artifact>
	<artifact><id>/auth/patient/viewMyRecords</id><content>itrust_v10_code/iTrust/WebRoot/auth/patient/viewMyRecords.jsp</content><parent_id/></artifact>
	<artifact><id>/auth/patient/viewOfficeVisit</id><content>itrust_v10_code/iTrust/WebRoot/auth/patient/viewOfficeVisit.jsp</content><parent_id/></artifact>
	<artifact><id>/auth/patient/viewPrescriptionInformation</id><content>itrust_v10_code/iTrust/WebRoot/auth/patient/viewPrescriptionInformation.jsp</content><parent_id/></artifact>
	<artifact><id>/auth/patient/viewPrescriptionRecords</id><content>itrust_v10_code/iTrust/WebRoot/auth/patient/viewPrescriptionRecords.jsp</content><parent_id/></artifact>
	<artifact><id>/auth/patient/viewVisitedHCPs</id><content>itrust_v10_code/iTrust/WebRoot/auth/patient/viewVisitedHCPs.jsp</content><parent_id/></artifact>
	<artifact><id>/auth/pha/adverseEventChart</id><content>itrust_v10_code/iTrust/WebRoot/auth/pha/adverseEventChart.jsp</content><parent_id/></artifact>
	<artifact><id>/auth/pha/adverseEventDetails</id><content>itrust_v10_code/iTrust/WebRoot/auth/pha/adverseEventDetails.jsp</content><parent_id/></artifact>
	<artifact><id>/auth/pha/barchart</id><content>itrust_v10_code/iTrust/WebRoot/auth/pha/barchart.jsp</content><parent_id/></artifact>
	<artifact><id>/auth/pha/home</id><content>itrust_v10_code/iTrust/WebRoot/auth/pha/home.jsp</content><parent_id/></artifact>
	<artifact><id>/auth/pha/information</id><content>itrust_v10_code/iTrust/WebRoot/auth/pha/information.jsp</content><parent_id/></artifact>
	<artifact><id>/auth/pha/menu</id><content>itrust_v10_code/iTrust/WebRoot/auth/pha/menu.jsp</content><parent_id/></artifact>
	<artifact><id>/auth/pha/monitorAdverseEvents</id><content>itrust_v10_code/iTrust/WebRoot/auth/pha/monitorAdverseEvents.jsp</content><parent_id/></artifact>
	<artifact><id>/auth/staff/editMyDemographics</id><content>itrust_v10_code/iTrust/WebRoot/auth/staff/editMyDemographics.jsp</content><parent_id/></artifact>
	<artifact><id>/auth/staff/editPersonnel</id><content>itrust_v10_code/iTrust/WebRoot/auth/staff/editPersonnel.jsp</content><parent_id/></artifact>
	<artifact><id>/auth/surveyResults</id><content>itrust_v10_code/iTrust/WebRoot/auth/surveyResults.jsp</content><parent_id/></artifact>
	<artifact><id>/auth/tester/home</id><content>itrust_v10_code/iTrust/WebRoot/auth/tester/home.jsp</content><parent_id/></artifact>
	<artifact><id>/auth/tester/menu</id><content>itrust_v10_code/iTrust/WebRoot/auth/tester/menu.jsp</content><parent_id/></artifact>
	<artifact><id>/auth/uap/addTelemedicineData</id><content>itrust_v10_code/iTrust/WebRoot/auth/uap/addTelemedicineData.jsp</content><parent_id/></artifact>
	<artifact><id>/auth/uap/getPatientMonitorList</id><content>itrust_v10_code/iTrust/WebRoot/auth/uap/getPatientMonitorList.jsp</content><parent_id/></artifact>
	<artifact><id>/auth/uap/home</id><content>itrust_v10_code/iTrust/WebRoot/auth/uap/home.jsp</content><parent_id/></artifact>
	<artifact><id>/auth/uap/information</id><content>itrust_v10_code/iTrust/WebRoot/auth/uap/information.jsp</content><parent_id/></artifact>
	<artifact><id>/auth/uap/menu</id><content>itrust_v10_code/iTrust/WebRoot/auth/uap/menu.jsp</content><parent_id/></artifact>
	<artifact><id>/auth/viewPersonnel</id><content>itrust_v10_code/iTrust/WebRoot/auth/viewPersonnel.jsp</content><parent_id/></artifact>
	<artifact><id>/authenticate</id><content>itrust_v10_code/iTrust/WebRoot/authenticate.jsp</content><parent_id/></artifact>
	<artifact><id>/errors/badredirect</id><content>itrust_v10_code/iTrust/WebRoot/errors/badredirect.jsp</content><parent_id/></artifact>
	<artifact><id>/errors/noaccess</id><content>itrust_v10_code/iTrust/WebRoot/errors/noaccess.jsp</content><parent_id/></artifact>
	<artifact><id>/errors/nodb</id><content>itrust_v10_code/iTrust/WebRoot/errors/nodb.jsp</content><parent_id/></artifact>
	<artifact><id>/errors/notfound</id><content>itrust_v10_code/iTrust/WebRoot/errors/notfound.jsp</content><parent_id/></artifact>
	<artifact><id>/errors/reboot</id><content>itrust_v10_code/iTrust/WebRoot/errors/reboot.jsp</content><parent_id/></artifact>
	<artifact><id>/footer</id><content>itrust_v10_code/iTrust/WebRoot/footer.jsp</content><parent_id/></artifact>
	<artifact><id>/global</id><content>itrust_v10_code/iTrust/WebRoot/global.jsp</content><parent_id/></artifact>
	<artifact><id>/header</id><content>itrust_v10_code/iTrust/WebRoot/header.jsp</content><parent_id/></artifact>
	<artifact><id>/login</id><content>itrust_v10_code/iTrust/WebRoot/login.jsp</content><parent_id/></artifact>
	<artifact><id>/loginMenu</id><content>itrust_v10_code/iTrust/WebRoot/loginMenu.jsp</content><parent_id/></artifact>
	<artifact><id>/logout</id><content>itrust_v10_code/iTrust/WebRoot/logout.jsp</content><parent_id/></artifact>
	<artifact><id>/logoutMenu</id><content>itrust_v10_code/iTrust/WebRoot/logoutMenu.jsp</content><parent_id/></artifact>
	<artifact><id>/print_header</id><content>itrust_v10_code/iTrust/WebRoot/print_header.jsp</content><parent_id/></artifact>
	<artifact><id>/privacyPolicy</id><content>itrust_v10_code/iTrust/WebRoot/privacyPolicy.jsp</content><parent_id/></artifact>
	<artifact><id>/redirect</id><content>itrust_v10_code/iTrust/WebRoot/redirect.jsp</content><parent_id/></artifact>
	<artifact><id>/template</id><content>itrust_v10_code/iTrust/WebRoot/template.jsp</content><parent_id/></artifact>
	<artifact><id>/util/andystestutil</id><content>itrust_v10_code/iTrust/WebRoot/util/andystestutil.jsp</content><parent_id/></artifact>
	<artifact><id>/util/blackbox/blackbox</id><content>itrust_v10_code/iTrust/WebRoot/util/blackbox/blackbox.jsp</content><parent_id/></artifact>
	<artifact><id>/util/displayDatabase</id><content>itrust_v10_code/iTrust/WebRoot/util/displayDatabase.jsp</content><parent_id/></artifact>
	<artifact><id>/util/displayWikiDatabase</id><content>itrust_v10_code/iTrust/WebRoot/util/displayWikiDatabase.jsp</content><parent_id/></artifact>
	<artifact><id>/util/getUser</id><content>itrust_v10_code/iTrust/WebRoot/util/getUser.jsp</content><parent_id/></artifact>
	<artifact><id>/util/getUserFrame</id><content>itrust_v10_code/iTrust/WebRoot/util/getUserFrame.jsp</content><parent_id/></artifact>
	<artifact><id>/util/resetPassword</id><content>itrust_v10_code/iTrust/WebRoot/util/resetPassword.jsp</content><parent_id/></artifact>
	<artifact><id>/util/showFakeEmails</id><content>itrust_v10_code/iTrust/WebRoot/util/showFakeEmails.jsp</content><parent_id/></artifact>
	<artifact><id>/util/transactionLog</id><content>itrust_v10_code/iTrust/WebRoot/util/transactionLog.jsp</content><parent_id/></artifact>
</artifacts>
</artifacts_collection>
