<?xml version="1.0" encoding="utf-8" ?>
<artifacts_collection>
<collection_info>
	<id>CC</id>
	<name>CC</name>
	<version>1.1</version>
	<description>Class code</description>
	<content_location>external</content_location>
</collection_info>
<artifacts>
	<artifact><id>Absence</id><content>CC/Absence.txt</content><parent_id/></artifact>
	<artifact><id>AdaptorException</id><content>CC/AdaptorException.txt</content><parent_id/></artifact>
	<artifact><id>Address</id><content>CC/Address.txt</content><parent_id/></artifact>
	<artifact><id>Classroom</id><content>CC/Classroom.txt</content><parent_id/></artifact>
	<artifact><id>ConnectionException</id><content>CC/ConnectionException.txt</content><parent_id/></artifact>
	<artifact><id>ConnectionPoolDataSource</id><content>CC/ConnectionPoolDataSource.txt</content><parent_id/></artifact>
	<artifact><id>ConnectionWrapper</id><content>CC/ConnectionWrapper.txt</content><parent_id/></artifact>
	<artifact><id>ControlConnection</id><content>CC/ControlConnection.txt</content><parent_id/></artifact>
	<artifact><id>DBConnection</id><content>CC/DBConnection.txt</content><parent_id/></artifact>
	<artifact><id>DefaultException</id><content>CC/DefaultException.txt</content><parent_id/></artifact>
	<artifact><id>Delay</id><content>CC/Delay.txt</content><parent_id/></artifact>
	<artifact><id>DeleteAdministratorException</id><content>CC/DeleteAdministratorException.txt</content><parent_id/></artifact>
	<artifact><id>DeleteManagerException</id><content>CC/DeleteManagerException.txt</content><parent_id/></artifact>
	<artifact><id>display</id><content>CC/display.txt</content><parent_id/></artifact>
	<artifact><id>DuplicatedEntityException</id><content>CC/DuplicatedEntityException.txt</content><parent_id/></artifact>
	<artifact><id>EntityNotFoundException</id><content>CC/EntityNotFoundException.txt</content><parent_id/></artifact>
	<artifact><id>Environment</id><content>CC/Environment.txt</content><parent_id/></artifact>
	<artifact><id>Justify</id><content>CC/Justify.txt</content><parent_id/></artifact>
	<artifact><id>LoginException</id><content>CC/LoginException.txt</content><parent_id/></artifact>
	<artifact><id>MailUtility</id><content>CC/MailUtility.txt</content><parent_id/></artifact>
	<artifact><id>ManagerAddress</id><content>CC/ManagerAddress.txt</content><parent_id/></artifact>
	<artifact><id>ManagerClassroom</id><content>CC/ManagerClassroom.txt</content><parent_id/></artifact>
	<artifact><id>ManagerRegister</id><content>CC/ManagerRegister.txt</content><parent_id/></artifact>
	<artifact><id>ManagerTeaching</id><content>CC/ManagerTeaching.txt</content><parent_id/></artifact>
	<artifact><id>managerUser</id><content>CC/managerUser.txt</content><parent_id/></artifact>
	<artifact><id>ManagerVotes</id><content>CC/ManagerVotes.txt</content><parent_id/></artifact>
	<artifact><id>MandatoryFieldException</id><content>CC/MandatoryFieldException.txt</content><parent_id/></artifact>
	<artifact><id>Note</id><content>CC/Note.txt</content><parent_id/></artifact>
	<artifact><id>NotImplementedYetException</id><content>CC/NotImplementedYetException.txt</content><parent_id/></artifact>
	<artifact><id>PermissionException</id><content>CC/PermissionException.txt</content><parent_id/></artifact>
	<artifact><id>RegisterLine</id><content>CC/RegisterLine.txt</content><parent_id/></artifact>
	<artifact><id>Report</id><content>CC/Report.txt</content><parent_id/></artifact>
	<artifact><id>Role</id><content>CC/Role.txt</content><parent_id/></artifact>
	<artifact><id>ServletAddRemoveTeachingsAsAddress</id><content>CC/ServletAddRemoveTeachingsAsAddress.txt</content><parent_id/></artifact>
	<artifact><id>ServletAddressTeachings</id><content>CC/ServletAddressTeachings.txt</content><parent_id/></artifact>
	<artifact><id>ServletAddTeachingAsTeacher</id><content>CC/ServletAddTeachingAsTeacher.txt</content><parent_id/></artifact>
	<artifact><id>ServletAlterPersonalDate</id><content>CC/ServletAlterPersonalDate.txt</content><parent_id/></artifact>
	<artifact><id>ServletAssignParentStudent</id><content>CC/ServletAssignParentStudent.txt</content><parent_id/></artifact>
	<artifact><id>ServletAssignRole</id><content>CC/ServletAssignRole.txt</content><parent_id/></artifact>
	<artifact><id>ServletAssignStudentClassroom</id><content>CC/ServletAssignStudentClassroom.txt</content><parent_id/></artifact>
	<artifact><id>ServletComputateStatistics</id><content>CC/ServletComputateStatistics.txt</content><parent_id/></artifact>
	<artifact><id>ServletDeleteAddress</id><content>CC/ServletDeleteAddress.txt</content><parent_id/></artifact>
	<artifact><id>ServletDeleteClassroom</id><content>CC/ServletDeleteClassroom.txt</content><parent_id/></artifact>
	<artifact><id>ServletDeleteJustify</id><content>CC/ServletDeleteJustify.txt</content><parent_id/></artifact>
	<artifact><id>ServletDeleteNote</id><content>CC/ServletDeleteNote.txt</content><parent_id/></artifact>
	<artifact><id>ServletDeleteReport</id><content>CC/ServletDeleteReport.txt</content><parent_id/></artifact>
	<artifact><id>ServletDeleteTeaching</id><content>CC/ServletDeleteTeaching.txt</content><parent_id/></artifact>
	<artifact><id>ServletDeleteUser</id><content>CC/ServletDeleteUser.txt</content><parent_id/></artifact>
	<artifact><id>ServletInitialize</id><content>CC/ServletInitialize.txt</content><parent_id/></artifact>
	<artifact><id>ServletInsertAddress</id><content>CC/ServletInsertAddress.txt</content><parent_id/></artifact>
	<artifact><id>ServletInsertClassroom</id><content>CC/ServletInsertClassroom.txt</content><parent_id/></artifact>
	<artifact><id>ServletInsertJustify</id><content>CC/ServletInsertJustify.txt</content><parent_id/></artifact>
	<artifact><id>ServletInsertNewNote</id><content>CC/ServletInsertNewNote.txt</content><parent_id/></artifact>
	<artifact><id>ServletInsertReport</id><content>CC/ServletInsertReport.txt</content><parent_id/></artifact>
	<artifact><id>ServletInsertTeaching</id><content>CC/ServletInsertTeaching.txt</content><parent_id/></artifact>
	<artifact><id>ServletInsertUser</id><content>CC/ServletInsertUser.txt</content><parent_id/></artifact>
	<artifact><id>ServletLoadClassByAccademicYear</id><content>CC/ServletLoadClassByAccademicYear.txt</content><parent_id/></artifact>
	<artifact><id>ServletLoadReport</id><content>CC/ServletLoadReport.txt</content><parent_id/></artifact>
	<artifact><id>ServletLoadTeachingList</id><content>CC/ServletLoadTeachingList.txt</content><parent_id/></artifact>
	<artifact><id>ServletLoadYear</id><content>CC/ServletLoadYear.txt</content><parent_id/></artifact>
	<artifact><id>ServletLogin</id><content>CC/ServletLogin.txt</content><parent_id/></artifact>
	<artifact><id>ServletLogout</id><content>CC/ServletLogout.txt</content><parent_id/></artifact>
	<artifact><id>ServletProva</id><content>CC/ServletProva.txt</content><parent_id/></artifact>
	<artifact><id>ServletRemoveStudentClassroom</id><content>CC/ServletRemoveStudentClassroom.txt</content><parent_id/></artifact>
	<artifact><id>ServletRemoveTeachingAsTeacher</id><content>CC/ServletRemoveTeachingAsTeacher.txt</content><parent_id/></artifact>
	<artifact><id>ServletReportTeachings</id><content>CC/ServletReportTeachings.txt</content><parent_id/></artifact>
	<artifact><id>ServletShowAddressDetails</id><content>CC/ServletShowAddressDetails.txt</content><parent_id/></artifact>
	<artifact><id>ServletShowAddressList</id><content>CC/ServletShowAddressList.txt</content><parent_id/></artifact>
	<artifact><id>ServletShowClassroomByAcademicYear</id><content>CC/ServletShowClassroomByAcademicYear.txt</content><parent_id/></artifact>
	<artifact><id>ServletShowClassroomDetails</id><content>CC/ServletShowClassroomDetails.txt</content><parent_id/></artifact>
	<artifact><id>ServletShowClassroomList</id><content>CC/ServletShowClassroomList.txt</content><parent_id/></artifact>
	<artifact><id>ServletShowClassroomManagement</id><content>CC/ServletShowClassroomManagement.txt</content><parent_id/></artifact>
	<artifact><id>ServletShowJustifyDetails</id><content>CC/ServletShowJustifyDetails.txt</content><parent_id/></artifact>
	<artifact><id>ServletShowJustifyList</id><content>CC/ServletShowJustifyList.txt</content><parent_id/></artifact>
	<artifact><id>ServletShowNoteDetails</id><content>CC/ServletShowNoteDetails.txt</content><parent_id/></artifact>
	<artifact><id>ServletShowNoteList</id><content>CC/ServletShowNoteList.txt</content><parent_id/></artifact>
	<artifact><id>ServletShowRegister</id><content>CC/ServletShowRegister.txt</content><parent_id/></artifact>
	<artifact><id>ServletShowReports</id><content>CC/ServletShowReports.txt</content><parent_id/></artifact>
	<artifact><id>ServletShowStudentsByClass</id><content>CC/ServletShowStudentsByClass.txt</content><parent_id/></artifact>
	<artifact><id>ServletShowTeacherTeachingFormByClass</id><content>CC/ServletShowTeacherTeachingFormByClass.txt</content><parent_id/></artifact>
	<artifact><id>ServletShowTeachingDetails</id><content>CC/ServletShowTeachingDetails.txt</content><parent_id/></artifact>
	<artifact><id>ServletShowTeachingList</id><content>CC/ServletShowTeachingList.txt</content><parent_id/></artifact>
	<artifact><id>ServletShowUserClassroomForm</id><content>CC/ServletShowUserClassroomForm.txt</content><parent_id/></artifact>
	<artifact><id>ServletShowUserDetails</id><content>CC/ServletShowUserDetails.txt</content><parent_id/></artifact>
	<artifact><id>ServletShowUserList</id><content>CC/ServletShowUserList.txt</content><parent_id/></artifact>
	<artifact><id>ServletShowUserRoleForm</id><content>CC/ServletShowUserRoleForm.txt</content><parent_id/></artifact>
	<artifact><id>ServletShowUserTeachingForm</id><content>CC/ServletShowUserTeachingForm.txt</content><parent_id/></artifact>
	<artifact><id>ServletShowUserTeachingFormByCourse</id><content>CC/ServletShowUserTeachingFormByCourse.txt</content><parent_id/></artifact>
	<artifact><id>ServletUpdateJustify</id><content>CC/ServletUpdateJustify.txt</content><parent_id/></artifact>
	<artifact><id>ServletUpdateRegister</id><content>CC/ServletUpdateRegister.txt</content><parent_id/></artifact>
	<artifact><id>ServletUpdateReport</id><content>CC/ServletUpdateReport.txt</content><parent_id/></artifact>
	<artifact><id>ServletUpdateTeaching</id><content>CC/ServletUpdateTeaching.txt</content><parent_id/></artifact>
	<artifact><id>ServletUpdateUser</id><content>CC/ServletUpdateUser.txt</content><parent_id/></artifact>
	<artifact><id>Teaching</id><content>CC/Teaching.txt</content><parent_id/></artifact>
	<artifact><id>TestRegister</id><content>CC/TestRegister.txt</content><parent_id/></artifact>
	<artifact><id>User</id><content>CC/User.txt</content><parent_id/></artifact>
	<artifact><id>UserListItem</id><content>CC/UserListItem.txt</content><parent_id/></artifact>
	<artifact><id>UserTest</id><content>CC/UserTest.txt</content><parent_id/></artifact>
	<artifact><id>Utility</id><content>CC/Utility.txt</content><parent_id/></artifact>
	<artifact><id>Votes</id><content>CC/Votes.txt</content><parent_id/></artifact>
</artifacts>
</artifacts_collection>
