<?xml version="1.0" encoding="utf-8"?>
<answer_set>
<answer_info>
	<source_artifacts_collection>Requirements</source_artifacts_collection>
	<target_artifacts_collection>Requirements</target_artifacts_collection>
</answer_info>
<links>
	<link><source_artifact_id>1674</source_artifact_id><target_artifact_id>80</target_artifact_id></link>
	<link><source_artifact_id>1674</source_artifact_id><target_artifact_id>85</target_artifact_id></link>
	<link><source_artifact_id>1674</source_artifact_id><target_artifact_id>263</target_artifact_id></link>
	<link><source_artifact_id>1674</source_artifact_id><target_artifact_id>682</target_artifact_id></link>
	<link><source_artifact_id>1674</source_artifact_id><target_artifact_id>683</target_artifact_id></link>
	<link><source_artifact_id>1674</source_artifact_id><target_artifact_id>830</target_artifact_id></link>
	<link><source_artifact_id>1675</source_artifact_id><target_artifact_id>45</target_artifact_id></link>
	<link><source_artifact_id>1675</source_artifact_id><target_artifact_id>152</target_artifact_id></link>
	<link><source_artifact_id>1675</source_artifact_id><target_artifact_id>164</target_artifact_id></link>
	<link><source_artifact_id>1675</source_artifact_id><target_artifact_id>170</target_artifact_id></link>
	<link><source_artifact_id>1675</source_artifact_id><target_artifact_id>585</target_artifact_id></link>
	<link><source_artifact_id>1675</source_artifact_id><target_artifact_id>1065</target_artifact_id></link>
	<link><source_artifact_id>1675</source_artifact_id><target_artifact_id>1066</target_artifact_id></link>
	<link><source_artifact_id>1677</source_artifact_id><target_artifact_id>84</target_artifact_id></link>
	<link><source_artifact_id>1677</source_artifact_id><target_artifact_id>478</target_artifact_id></link>
	<link><source_artifact_id>1677</source_artifact_id><target_artifact_id>781</target_artifact_id></link>
	<link><source_artifact_id>1677</source_artifact_id><target_artifact_id>992</target_artifact_id></link>
	<link><source_artifact_id>1677</source_artifact_id><target_artifact_id>1023</target_artifact_id></link>
	<link><source_artifact_id>1678</source_artifact_id><target_artifact_id>792</target_artifact_id></link>
	<link><source_artifact_id>1678</source_artifact_id><target_artifact_id>793</target_artifact_id></link>
	<link><source_artifact_id>1679</source_artifact_id><target_artifact_id>696</target_artifact_id></link>
	<link><source_artifact_id>1679</source_artifact_id><target_artifact_id>801</target_artifact_id></link>
	<link><source_artifact_id>1679</source_artifact_id><target_artifact_id>802</target_artifact_id></link>
	<link><source_artifact_id>1680</source_artifact_id><target_artifact_id>397</target_artifact_id></link>
	<link><source_artifact_id>1680</source_artifact_id><target_artifact_id>433</target_artifact_id></link>
	<link><source_artifact_id>1680</source_artifact_id><target_artifact_id>434</target_artifact_id></link>
	<link><source_artifact_id>1680</source_artifact_id><target_artifact_id>465</target_artifact_id></link>
	<link><source_artifact_id>1680</source_artifact_id><target_artifact_id>469</target_artifact_id></link>
	<link><source_artifact_id>1680</source_artifact_id><target_artifact_id>687</target_artifact_id></link>
	<link><source_artifact_id>1680</source_artifact_id><target_artifact_id>688</target_artifact_id></link>
	<link><source_artifact_id>1680</source_artifact_id><target_artifact_id>689</target_artifact_id></link>
	<link><source_artifact_id>1680</source_artifact_id><target_artifact_id>693</target_artifact_id></link>
	<link><source_artifact_id>1680</source_artifact_id><target_artifact_id>753</target_artifact_id></link>
	<link><source_artifact_id>1680</source_artifact_id><target_artifact_id>838</target_artifact_id></link>
	<link><source_artifact_id>1681</source_artifact_id><target_artifact_id>149</target_artifact_id></link>
	<link><source_artifact_id>1681</source_artifact_id><target_artifact_id>907</target_artifact_id></link>
	<link><source_artifact_id>1681</source_artifact_id><target_artifact_id>1015</target_artifact_id></link>
	<link><source_artifact_id>1683</source_artifact_id><target_artifact_id>78</target_artifact_id></link>
	<link><source_artifact_id>1683</source_artifact_id><target_artifact_id>79</target_artifact_id></link>
	<link><source_artifact_id>1683</source_artifact_id><target_artifact_id>129</target_artifact_id></link>
	<link><source_artifact_id>1683</source_artifact_id><target_artifact_id>131</target_artifact_id></link>
	<link><source_artifact_id>1683</source_artifact_id><target_artifact_id>132</target_artifact_id></link>
	<link><source_artifact_id>1683</source_artifact_id><target_artifact_id>196</target_artifact_id></link>
	<link><source_artifact_id>1683</source_artifact_id><target_artifact_id>322</target_artifact_id></link>
	<link><source_artifact_id>1683</source_artifact_id><target_artifact_id>429</target_artifact_id></link>
	<link><source_artifact_id>1683</source_artifact_id><target_artifact_id>430</target_artifact_id></link>
	<link><source_artifact_id>1683</source_artifact_id><target_artifact_id>780</target_artifact_id></link>
	<link><source_artifact_id>1683</source_artifact_id><target_artifact_id>814</target_artifact_id></link>
	<link><source_artifact_id>1683</source_artifact_id><target_artifact_id>823</target_artifact_id></link>
	<link><source_artifact_id>1683</source_artifact_id><target_artifact_id>834</target_artifact_id></link>
	<link><source_artifact_id>1683</source_artifact_id><target_artifact_id>843</target_artifact_id></link>
	<link><source_artifact_id>1683</source_artifact_id><target_artifact_id>851</target_artifact_id></link>
	<link><source_artifact_id>1683</source_artifact_id><target_artifact_id>874</target_artifact_id></link>
	<link><source_artifact_id>1683</source_artifact_id><target_artifact_id>880</target_artifact_id></link>
	<link><source_artifact_id>1683</source_artifact_id><target_artifact_id>928</target_artifact_id></link>
	<link><source_artifact_id>1683</source_artifact_id><target_artifact_id>941</target_artifact_id></link>
	<link><source_artifact_id>1683</source_artifact_id><target_artifact_id>974</target_artifact_id></link>
	<link><source_artifact_id>1683</source_artifact_id><target_artifact_id>1034</target_artifact_id></link>
	<link><source_artifact_id>1683</source_artifact_id><target_artifact_id>1035</target_artifact_id></link>
	<link><source_artifact_id>1683</source_artifact_id><target_artifact_id>1075</target_artifact_id></link>
	<link><source_artifact_id>1684</source_artifact_id><target_artifact_id>46</target_artifact_id></link>
	<link><source_artifact_id>1684</source_artifact_id><target_artifact_id>193</target_artifact_id></link>
	<link><source_artifact_id>1684</source_artifact_id><target_artifact_id>300</target_artifact_id></link>
	<link><source_artifact_id>1684</source_artifact_id><target_artifact_id>301</target_artifact_id></link>
	<link><source_artifact_id>1684</source_artifact_id><target_artifact_id>369</target_artifact_id></link>
	<link><source_artifact_id>1684</source_artifact_id><target_artifact_id>409</target_artifact_id></link>
	<link><source_artifact_id>1684</source_artifact_id><target_artifact_id>519</target_artifact_id></link>
	<link><source_artifact_id>1684</source_artifact_id><target_artifact_id>906</target_artifact_id></link>
	<link><source_artifact_id>1684</source_artifact_id><target_artifact_id>996</target_artifact_id></link>
	<link><source_artifact_id>1684</source_artifact_id><target_artifact_id>1019</target_artifact_id></link>
	<link><source_artifact_id>1686</source_artifact_id><target_artifact_id>62</target_artifact_id></link>
	<link><source_artifact_id>1686</source_artifact_id><target_artifact_id>63</target_artifact_id></link>
	<link><source_artifact_id>1686</source_artifact_id><target_artifact_id>65</target_artifact_id></link>
	<link><source_artifact_id>1686</source_artifact_id><target_artifact_id>148</target_artifact_id></link>
	<link><source_artifact_id>1686</source_artifact_id><target_artifact_id>149</target_artifact_id></link>
	<link><source_artifact_id>1686</source_artifact_id><target_artifact_id>229</target_artifact_id></link>
	<link><source_artifact_id>1686</source_artifact_id><target_artifact_id>246</target_artifact_id></link>
	<link><source_artifact_id>1686</source_artifact_id><target_artifact_id>708</target_artifact_id></link>
	<link><source_artifact_id>1686</source_artifact_id><target_artifact_id>1001</target_artifact_id></link>
	<link><source_artifact_id>1687</source_artifact_id><target_artifact_id>565</target_artifact_id></link>
	<link><source_artifact_id>1687</source_artifact_id><target_artifact_id>721</target_artifact_id></link>
	<link><source_artifact_id>1687</source_artifact_id><target_artifact_id>736</target_artifact_id></link>
	<link><source_artifact_id>1687</source_artifact_id><target_artifact_id>761</target_artifact_id></link>
	<link><source_artifact_id>1687</source_artifact_id><target_artifact_id>782</target_artifact_id></link>
	<link><source_artifact_id>1687</source_artifact_id><target_artifact_id>872</target_artifact_id></link>
	<link><source_artifact_id>1687</source_artifact_id><target_artifact_id>1066</target_artifact_id></link>
	<link><source_artifact_id>1688</source_artifact_id><target_artifact_id>142</target_artifact_id></link>
	<link><source_artifact_id>1688</source_artifact_id><target_artifact_id>205</target_artifact_id></link>
	<link><source_artifact_id>1688</source_artifact_id><target_artifact_id>332</target_artifact_id></link>
	<link><source_artifact_id>1688</source_artifact_id><target_artifact_id>333</target_artifact_id></link>
	<link><source_artifact_id>1688</source_artifact_id><target_artifact_id>573</target_artifact_id></link>
	<link><source_artifact_id>1688</source_artifact_id><target_artifact_id>1048</target_artifact_id></link>
	<link><source_artifact_id>1689</source_artifact_id><target_artifact_id>81</target_artifact_id></link>
	<link><source_artifact_id>1689</source_artifact_id><target_artifact_id>149</target_artifact_id></link>
	<link><source_artifact_id>1689</source_artifact_id><target_artifact_id>152</target_artifact_id></link>
	<link><source_artifact_id>1689</source_artifact_id><target_artifact_id>165</target_artifact_id></link>
	<link><source_artifact_id>1689</source_artifact_id><target_artifact_id>201</target_artifact_id></link>
	<link><source_artifact_id>1689</source_artifact_id><target_artifact_id>202</target_artifact_id></link>
	<link><source_artifact_id>1689</source_artifact_id><target_artifact_id>711</target_artifact_id></link>
	<link><source_artifact_id>1689</source_artifact_id><target_artifact_id>713</target_artifact_id></link>
	<link><source_artifact_id>1689</source_artifact_id><target_artifact_id>904</target_artifact_id></link>
	<link><source_artifact_id>1689</source_artifact_id><target_artifact_id>952</target_artifact_id></link>
	<link><source_artifact_id>1689</source_artifact_id><target_artifact_id>953</target_artifact_id></link>
	<link><source_artifact_id>1689</source_artifact_id><target_artifact_id>954</target_artifact_id></link>
	<link><source_artifact_id>1689</source_artifact_id><target_artifact_id>1015</target_artifact_id></link>
	<link><source_artifact_id>1691</source_artifact_id><target_artifact_id>195</target_artifact_id></link>
	<link><source_artifact_id>1691</source_artifact_id><target_artifact_id>401</target_artifact_id></link>
	<link><source_artifact_id>1691</source_artifact_id><target_artifact_id>448</target_artifact_id></link>
	<link><source_artifact_id>1691</source_artifact_id><target_artifact_id>634</target_artifact_id></link>
	<link><source_artifact_id>1691</source_artifact_id><target_artifact_id>641</target_artifact_id></link>
	<link><source_artifact_id>1691</source_artifact_id><target_artifact_id>645</target_artifact_id></link>
	<link><source_artifact_id>1691</source_artifact_id><target_artifact_id>647</target_artifact_id></link>
	<link><source_artifact_id>1691</source_artifact_id><target_artifact_id>648</target_artifact_id></link>
	<link><source_artifact_id>1691</source_artifact_id><target_artifact_id>649</target_artifact_id></link>
	<link><source_artifact_id>1691</source_artifact_id><target_artifact_id>650</target_artifact_id></link>
	<link><source_artifact_id>1691</source_artifact_id><target_artifact_id>651</target_artifact_id></link>
	<link><source_artifact_id>1691</source_artifact_id><target_artifact_id>660</target_artifact_id></link>
	<link><source_artifact_id>1691</source_artifact_id><target_artifact_id>672</target_artifact_id></link>
	<link><source_artifact_id>1691</source_artifact_id><target_artifact_id>679</target_artifact_id></link>
	<link><source_artifact_id>1691</source_artifact_id><target_artifact_id>680</target_artifact_id></link>
	<link><source_artifact_id>1691</source_artifact_id><target_artifact_id>765</target_artifact_id></link>
	<link><source_artifact_id>1692</source_artifact_id><target_artifact_id>47</target_artifact_id></link>
	<link><source_artifact_id>1692</source_artifact_id><target_artifact_id>212</target_artifact_id></link>
	<link><source_artifact_id>1692</source_artifact_id><target_artifact_id>256</target_artifact_id></link>
	<link><source_artifact_id>1692</source_artifact_id><target_artifact_id>347</target_artifact_id></link>
	<link><source_artifact_id>1692</source_artifact_id><target_artifact_id>400</target_artifact_id></link>
	<link><source_artifact_id>1692</source_artifact_id><target_artifact_id>401</target_artifact_id></link>
	<link><source_artifact_id>1692</source_artifact_id><target_artifact_id>407</target_artifact_id></link>
	<link><source_artifact_id>1692</source_artifact_id><target_artifact_id>411</target_artifact_id></link>
	<link><source_artifact_id>1692</source_artifact_id><target_artifact_id>412</target_artifact_id></link>
	<link><source_artifact_id>1692</source_artifact_id><target_artifact_id>437</target_artifact_id></link>
	<link><source_artifact_id>1692</source_artifact_id><target_artifact_id>439</target_artifact_id></link>
	<link><source_artifact_id>1692</source_artifact_id><target_artifact_id>442</target_artifact_id></link>
	<link><source_artifact_id>1692</source_artifact_id><target_artifact_id>444</target_artifact_id></link>
	<link><source_artifact_id>1692</source_artifact_id><target_artifact_id>456</target_artifact_id></link>
	<link><source_artifact_id>1692</source_artifact_id><target_artifact_id>481</target_artifact_id></link>
	<link><source_artifact_id>1692</source_artifact_id><target_artifact_id>488</target_artifact_id></link>
	<link><source_artifact_id>1692</source_artifact_id><target_artifact_id>578</target_artifact_id></link>
	<link><source_artifact_id>1692</source_artifact_id><target_artifact_id>584</target_artifact_id></link>
	<link><source_artifact_id>1692</source_artifact_id><target_artifact_id>585</target_artifact_id></link>
	<link><source_artifact_id>1692</source_artifact_id><target_artifact_id>621</target_artifact_id></link>
	<link><source_artifact_id>1692</source_artifact_id><target_artifact_id>633</target_artifact_id></link>
	<link><source_artifact_id>1692</source_artifact_id><target_artifact_id>676</target_artifact_id></link>
	<link><source_artifact_id>1692</source_artifact_id><target_artifact_id>683</target_artifact_id></link>
	<link><source_artifact_id>1692</source_artifact_id><target_artifact_id>712</target_artifact_id></link>
	<link><source_artifact_id>1692</source_artifact_id><target_artifact_id>727</target_artifact_id></link>
	<link><source_artifact_id>1692</source_artifact_id><target_artifact_id>731</target_artifact_id></link>
	<link><source_artifact_id>1692</source_artifact_id><target_artifact_id>767</target_artifact_id></link>
	<link><source_artifact_id>1692</source_artifact_id><target_artifact_id>813</target_artifact_id></link>
	<link><source_artifact_id>1692</source_artifact_id><target_artifact_id>1001</target_artifact_id></link>
	<link><source_artifact_id>1692</source_artifact_id><target_artifact_id>1082</target_artifact_id></link>
	<link><source_artifact_id>1693</source_artifact_id><target_artifact_id>66</target_artifact_id></link>
	<link><source_artifact_id>1693</source_artifact_id><target_artifact_id>98</target_artifact_id></link>
	<link><source_artifact_id>1693</source_artifact_id><target_artifact_id>175</target_artifact_id></link>
	<link><source_artifact_id>1693</source_artifact_id><target_artifact_id>176</target_artifact_id></link>
	<link><source_artifact_id>1693</source_artifact_id><target_artifact_id>528</target_artifact_id></link>
	<link><source_artifact_id>1693</source_artifact_id><target_artifact_id>686</target_artifact_id></link>
	<link><source_artifact_id>1693</source_artifact_id><target_artifact_id>752</target_artifact_id></link>
	<link><source_artifact_id>1693</source_artifact_id><target_artifact_id>759</target_artifact_id></link>
	<link><source_artifact_id>1693</source_artifact_id><target_artifact_id>760</target_artifact_id></link>
	<link><source_artifact_id>1693</source_artifact_id><target_artifact_id>853</target_artifact_id></link>
	<link><source_artifact_id>1694</source_artifact_id><target_artifact_id>149</target_artifact_id></link>
	<link><source_artifact_id>1695</source_artifact_id><target_artifact_id>149</target_artifact_id></link>
	<link><source_artifact_id>1695</source_artifact_id><target_artifact_id>229</target_artifact_id></link>
	<link><source_artifact_id>1696</source_artifact_id><target_artifact_id>93</target_artifact_id></link>
	<link><source_artifact_id>1696</source_artifact_id><target_artifact_id>103</target_artifact_id></link>
	<link><source_artifact_id>1696</source_artifact_id><target_artifact_id>170</target_artifact_id></link>
	<link><source_artifact_id>1696</source_artifact_id><target_artifact_id>249</target_artifact_id></link>
	<link><source_artifact_id>1696</source_artifact_id><target_artifact_id>958</target_artifact_id></link>
	<link><source_artifact_id>1697</source_artifact_id><target_artifact_id>142</target_artifact_id></link>
	<link><source_artifact_id>1697</source_artifact_id><target_artifact_id>168</target_artifact_id></link>
	<link><source_artifact_id>1697</source_artifact_id><target_artifact_id>361</target_artifact_id></link>
	<link><source_artifact_id>1697</source_artifact_id><target_artifact_id>366</target_artifact_id></link>
	<link><source_artifact_id>1697</source_artifact_id><target_artifact_id>394</target_artifact_id></link>
	<link><source_artifact_id>1697</source_artifact_id><target_artifact_id>436</target_artifact_id></link>
	<link><source_artifact_id>1697</source_artifact_id><target_artifact_id>529</target_artifact_id></link>
	<link><source_artifact_id>1697</source_artifact_id><target_artifact_id>1000</target_artifact_id></link>
	<link><source_artifact_id>1697</source_artifact_id><target_artifact_id>1065</target_artifact_id></link>
	<link><source_artifact_id>1697</source_artifact_id><target_artifact_id>1066</target_artifact_id></link>
	<link><source_artifact_id>1698</source_artifact_id><target_artifact_id>60</target_artifact_id></link>
	<link><source_artifact_id>1698</source_artifact_id><target_artifact_id>191</target_artifact_id></link>
	<link><source_artifact_id>1698</source_artifact_id><target_artifact_id>204</target_artifact_id></link>
	<link><source_artifact_id>1698</source_artifact_id><target_artifact_id>205</target_artifact_id></link>
	<link><source_artifact_id>1698</source_artifact_id><target_artifact_id>207</target_artifact_id></link>
	<link><source_artifact_id>1698</source_artifact_id><target_artifact_id>342</target_artifact_id></link>
	<link><source_artifact_id>1698</source_artifact_id><target_artifact_id>432</target_artifact_id></link>
	<link><source_artifact_id>1698</source_artifact_id><target_artifact_id>828</target_artifact_id></link>
	<link><source_artifact_id>1698</source_artifact_id><target_artifact_id>927</target_artifact_id></link>
	<link><source_artifact_id>1700</source_artifact_id><target_artifact_id>102</target_artifact_id></link>
	<link><source_artifact_id>1700</source_artifact_id><target_artifact_id>232</target_artifact_id></link>
	<link><source_artifact_id>1700</source_artifact_id><target_artifact_id>346</target_artifact_id></link>
	<link><source_artifact_id>1700</source_artifact_id><target_artifact_id>414</target_artifact_id></link>
	<link><source_artifact_id>1700</source_artifact_id><target_artifact_id>442</target_artifact_id></link>
	<link><source_artifact_id>1700</source_artifact_id><target_artifact_id>456</target_artifact_id></link>
	<link><source_artifact_id>1700</source_artifact_id><target_artifact_id>477</target_artifact_id></link>
	<link><source_artifact_id>1700</source_artifact_id><target_artifact_id>489</target_artifact_id></link>
	<link><source_artifact_id>1700</source_artifact_id><target_artifact_id>574</target_artifact_id></link>
	<link><source_artifact_id>1700</source_artifact_id><target_artifact_id>579</target_artifact_id></link>
	<link><source_artifact_id>1700</source_artifact_id><target_artifact_id>615</target_artifact_id></link>
	<link><source_artifact_id>1700</source_artifact_id><target_artifact_id>628</target_artifact_id></link>
	<link><source_artifact_id>1700</source_artifact_id><target_artifact_id>629</target_artifact_id></link>
	<link><source_artifact_id>1700</source_artifact_id><target_artifact_id>724</target_artifact_id></link>
	<link><source_artifact_id>1700</source_artifact_id><target_artifact_id>737</target_artifact_id></link>
	<link><source_artifact_id>1700</source_artifact_id><target_artifact_id>775</target_artifact_id></link>
	<link><source_artifact_id>1700</source_artifact_id><target_artifact_id>1083</target_artifact_id></link>
	<link><source_artifact_id>1700</source_artifact_id><target_artifact_id>1086</target_artifact_id></link>
	<link><source_artifact_id>1700</source_artifact_id><target_artifact_id>1091</target_artifact_id></link>
	<link><source_artifact_id>1700</source_artifact_id><target_artifact_id>1095</target_artifact_id></link>
	<link><source_artifact_id>1700</source_artifact_id><target_artifact_id>1096</target_artifact_id></link>
	<link><source_artifact_id>1700</source_artifact_id><target_artifact_id>1097</target_artifact_id></link>
	<link><source_artifact_id>1700</source_artifact_id><target_artifact_id>1102</target_artifact_id></link>
	<link><source_artifact_id>1701</source_artifact_id><target_artifact_id>59</target_artifact_id></link>
	<link><source_artifact_id>1701</source_artifact_id><target_artifact_id>66</target_artifact_id></link>
	<link><source_artifact_id>1701</source_artifact_id><target_artifact_id>71</target_artifact_id></link>
	<link><source_artifact_id>1701</source_artifact_id><target_artifact_id>100</target_artifact_id></link>
	<link><source_artifact_id>1701</source_artifact_id><target_artifact_id>113</target_artifact_id></link>
	<link><source_artifact_id>1701</source_artifact_id><target_artifact_id>115</target_artifact_id></link>
	<link><source_artifact_id>1701</source_artifact_id><target_artifact_id>122</target_artifact_id></link>
	<link><source_artifact_id>1701</source_artifact_id><target_artifact_id>233</target_artifact_id></link>
	<link><source_artifact_id>1701</source_artifact_id><target_artifact_id>264</target_artifact_id></link>
	<link><source_artifact_id>1701</source_artifact_id><target_artifact_id>266</target_artifact_id></link>
	<link><source_artifact_id>1701</source_artifact_id><target_artifact_id>305</target_artifact_id></link>
	<link><source_artifact_id>1701</source_artifact_id><target_artifact_id>318</target_artifact_id></link>
	<link><source_artifact_id>1701</source_artifact_id><target_artifact_id>320</target_artifact_id></link>
	<link><source_artifact_id>1701</source_artifact_id><target_artifact_id>321</target_artifact_id></link>
	<link><source_artifact_id>1701</source_artifact_id><target_artifact_id>340</target_artifact_id></link>
	<link><source_artifact_id>1701</source_artifact_id><target_artifact_id>398</target_artifact_id></link>
	<link><source_artifact_id>1701</source_artifact_id><target_artifact_id>661</target_artifact_id></link>
	<link><source_artifact_id>1701</source_artifact_id><target_artifact_id>709</target_artifact_id></link>
	<link><source_artifact_id>1701</source_artifact_id><target_artifact_id>726</target_artifact_id></link>
	<link><source_artifact_id>1701</source_artifact_id><target_artifact_id>765</target_artifact_id></link>
	<link><source_artifact_id>1701</source_artifact_id><target_artifact_id>845</target_artifact_id></link>
	<link><source_artifact_id>1701</source_artifact_id><target_artifact_id>856</target_artifact_id></link>
	<link><source_artifact_id>1701</source_artifact_id><target_artifact_id>977</target_artifact_id></link>
	<link><source_artifact_id>1701</source_artifact_id><target_artifact_id>979</target_artifact_id></link>
	<link><source_artifact_id>1701</source_artifact_id><target_artifact_id>1029</target_artifact_id></link>
	<link><source_artifact_id>1701</source_artifact_id><target_artifact_id>1032</target_artifact_id></link>
	<link><source_artifact_id>1701</source_artifact_id><target_artifact_id>1057</target_artifact_id></link>
	<link><source_artifact_id>1702</source_artifact_id><target_artifact_id>50</target_artifact_id></link>
	<link><source_artifact_id>1702</source_artifact_id><target_artifact_id>51</target_artifact_id></link>
	<link><source_artifact_id>1702</source_artifact_id><target_artifact_id>359</target_artifact_id></link>
	<link><source_artifact_id>1703</source_artifact_id><target_artifact_id>97</target_artifact_id></link>
	<link><source_artifact_id>1703</source_artifact_id><target_artifact_id>142</target_artifact_id></link>
	<link><source_artifact_id>1703</source_artifact_id><target_artifact_id>368</target_artifact_id></link>
	<link><source_artifact_id>1703</source_artifact_id><target_artifact_id>369</target_artifact_id></link>
	<link><source_artifact_id>1703</source_artifact_id><target_artifact_id>433</target_artifact_id></link>
	<link><source_artifact_id>1703</source_artifact_id><target_artifact_id>434</target_artifact_id></link>
	<link><source_artifact_id>1703</source_artifact_id><target_artifact_id>465</target_artifact_id></link>
	<link><source_artifact_id>1703</source_artifact_id><target_artifact_id>469</target_artifact_id></link>
	<link><source_artifact_id>1703</source_artifact_id><target_artifact_id>473</target_artifact_id></link>
	<link><source_artifact_id>1703</source_artifact_id><target_artifact_id>511</target_artifact_id></link>
	<link><source_artifact_id>1703</source_artifact_id><target_artifact_id>526</target_artifact_id></link>
	<link><source_artifact_id>1703</source_artifact_id><target_artifact_id>688</target_artifact_id></link>
	<link><source_artifact_id>1703</source_artifact_id><target_artifact_id>693</target_artifact_id></link>
	<link><source_artifact_id>1704</source_artifact_id><target_artifact_id>157</target_artifact_id></link>
	<link><source_artifact_id>1704</source_artifact_id><target_artifact_id>158</target_artifact_id></link>
	<link><source_artifact_id>1704</source_artifact_id><target_artifact_id>199</target_artifact_id></link>
	<link><source_artifact_id>1704</source_artifact_id><target_artifact_id>200</target_artifact_id></link>
	<link><source_artifact_id>1704</source_artifact_id><target_artifact_id>310</target_artifact_id></link>
	<link><source_artifact_id>1704</source_artifact_id><target_artifact_id>312</target_artifact_id></link>
	<link><source_artifact_id>1704</source_artifact_id><target_artifact_id>379</target_artifact_id></link>
	<link><source_artifact_id>1704</source_artifact_id><target_artifact_id>391</target_artifact_id></link>
	<link><source_artifact_id>1704</source_artifact_id><target_artifact_id>393</target_artifact_id></link>
	<link><source_artifact_id>1704</source_artifact_id><target_artifact_id>729</target_artifact_id></link>
	<link><source_artifact_id>1704</source_artifact_id><target_artifact_id>818</target_artifact_id></link>
	<link><source_artifact_id>1704</source_artifact_id><target_artifact_id>820</target_artifact_id></link>
	<link><source_artifact_id>1704</source_artifact_id><target_artifact_id>841</target_artifact_id></link>
	<link><source_artifact_id>1704</source_artifact_id><target_artifact_id>847</target_artifact_id></link>
	<link><source_artifact_id>1704</source_artifact_id><target_artifact_id>860</target_artifact_id></link>
	<link><source_artifact_id>1704</source_artifact_id><target_artifact_id>867</target_artifact_id></link>
	<link><source_artifact_id>1704</source_artifact_id><target_artifact_id>901</target_artifact_id></link>
	<link><source_artifact_id>1704</source_artifact_id><target_artifact_id>902</target_artifact_id></link>
	<link><source_artifact_id>1704</source_artifact_id><target_artifact_id>924</target_artifact_id></link>
	<link><source_artifact_id>1704</source_artifact_id><target_artifact_id>933</target_artifact_id></link>
	<link><source_artifact_id>1704</source_artifact_id><target_artifact_id>953</target_artifact_id></link>
	<link><source_artifact_id>1704</source_artifact_id><target_artifact_id>956</target_artifact_id></link>
	<link><source_artifact_id>1704</source_artifact_id><target_artifact_id>970</target_artifact_id></link>
	<link><source_artifact_id>1704</source_artifact_id><target_artifact_id>1060</target_artifact_id></link>
	<link><source_artifact_id>1704</source_artifact_id><target_artifact_id>1061</target_artifact_id></link>
	<link><source_artifact_id>1704</source_artifact_id><target_artifact_id>1070</target_artifact_id></link>
	<link><source_artifact_id>1704</source_artifact_id><target_artifact_id>1092</target_artifact_id></link>
	<link><source_artifact_id>1705</source_artifact_id><target_artifact_id>167</target_artifact_id></link>
	<link><source_artifact_id>1705</source_artifact_id><target_artifact_id>172</target_artifact_id></link>
	<link><source_artifact_id>1705</source_artifact_id><target_artifact_id>190</target_artifact_id></link>
	<link><source_artifact_id>1705</source_artifact_id><target_artifact_id>251</target_artifact_id></link>
	<link><source_artifact_id>1705</source_artifact_id><target_artifact_id>252</target_artifact_id></link>
	<link><source_artifact_id>1705</source_artifact_id><target_artifact_id>263</target_artifact_id></link>
	<link><source_artifact_id>1705</source_artifact_id><target_artifact_id>264</target_artifact_id></link>
	<link><source_artifact_id>1705</source_artifact_id><target_artifact_id>265</target_artifact_id></link>
	<link><source_artifact_id>1705</source_artifact_id><target_artifact_id>266</target_artifact_id></link>
	<link><source_artifact_id>1705</source_artifact_id><target_artifact_id>288</target_artifact_id></link>
	<link><source_artifact_id>1705</source_artifact_id><target_artifact_id>294</target_artifact_id></link>
	<link><source_artifact_id>1705</source_artifact_id><target_artifact_id>304</target_artifact_id></link>
	<link><source_artifact_id>1705</source_artifact_id><target_artifact_id>308</target_artifact_id></link>
	<link><source_artifact_id>1705</source_artifact_id><target_artifact_id>314</target_artifact_id></link>
	<link><source_artifact_id>1705</source_artifact_id><target_artifact_id>433</target_artifact_id></link>
	<link><source_artifact_id>1705</source_artifact_id><target_artifact_id>529</target_artifact_id></link>
	<link><source_artifact_id>1705</source_artifact_id><target_artifact_id>645</target_artifact_id></link>
	<link><source_artifact_id>1705</source_artifact_id><target_artifact_id>646</target_artifact_id></link>
	<link><source_artifact_id>1705</source_artifact_id><target_artifact_id>647</target_artifact_id></link>
	<link><source_artifact_id>1705</source_artifact_id><target_artifact_id>699</target_artifact_id></link>
	<link><source_artifact_id>1705</source_artifact_id><target_artifact_id>789</target_artifact_id></link>
	<link><source_artifact_id>1705</source_artifact_id><target_artifact_id>919</target_artifact_id></link>
	<link><source_artifact_id>1705</source_artifact_id><target_artifact_id>964</target_artifact_id></link>
	<link><source_artifact_id>1705</source_artifact_id><target_artifact_id>1065</target_artifact_id></link>
	<link><source_artifact_id>1705</source_artifact_id><target_artifact_id>1066</target_artifact_id></link>
	<link><source_artifact_id>1706</source_artifact_id><target_artifact_id>532</target_artifact_id></link>
	<link><source_artifact_id>1709</source_artifact_id><target_artifact_id>316</target_artifact_id></link>
	<link><source_artifact_id>1709</source_artifact_id><target_artifact_id>421</target_artifact_id></link>
	<link><source_artifact_id>1709</source_artifact_id><target_artifact_id>505</target_artifact_id></link>
	<link><source_artifact_id>1710</source_artifact_id><target_artifact_id>48</target_artifact_id></link>
	<link><source_artifact_id>1710</source_artifact_id><target_artifact_id>53</target_artifact_id></link>
	<link><source_artifact_id>1710</source_artifact_id><target_artifact_id>54</target_artifact_id></link>
	<link><source_artifact_id>1710</source_artifact_id><target_artifact_id>90</target_artifact_id></link>
	<link><source_artifact_id>1710</source_artifact_id><target_artifact_id>91</target_artifact_id></link>
	<link><source_artifact_id>1710</source_artifact_id><target_artifact_id>114</target_artifact_id></link>
	<link><source_artifact_id>1710</source_artifact_id><target_artifact_id>121</target_artifact_id></link>
	<link><source_artifact_id>1710</source_artifact_id><target_artifact_id>128</target_artifact_id></link>
	<link><source_artifact_id>1710</source_artifact_id><target_artifact_id>250</target_artifact_id></link>
	<link><source_artifact_id>1710</source_artifact_id><target_artifact_id>275</target_artifact_id></link>
	<link><source_artifact_id>1710</source_artifact_id><target_artifact_id>276</target_artifact_id></link>
	<link><source_artifact_id>1710</source_artifact_id><target_artifact_id>299</target_artifact_id></link>
	<link><source_artifact_id>1710</source_artifact_id><target_artifact_id>321</target_artifact_id></link>
	<link><source_artifact_id>1710</source_artifact_id><target_artifact_id>328</target_artifact_id></link>
	<link><source_artifact_id>1710</source_artifact_id><target_artifact_id>330</target_artifact_id></link>
	<link><source_artifact_id>1710</source_artifact_id><target_artifact_id>343</target_artifact_id></link>
	<link><source_artifact_id>1710</source_artifact_id><target_artifact_id>359</target_artifact_id></link>
	<link><source_artifact_id>1710</source_artifact_id><target_artifact_id>391</target_artifact_id></link>
	<link><source_artifact_id>1710</source_artifact_id><target_artifact_id>429</target_artifact_id></link>
	<link><source_artifact_id>1710</source_artifact_id><target_artifact_id>568</target_artifact_id></link>
	<link><source_artifact_id>1710</source_artifact_id><target_artifact_id>569</target_artifact_id></link>
	<link><source_artifact_id>1710</source_artifact_id><target_artifact_id>662</target_artifact_id></link>
	<link><source_artifact_id>1710</source_artifact_id><target_artifact_id>701</target_artifact_id></link>
	<link><source_artifact_id>1710</source_artifact_id><target_artifact_id>874</target_artifact_id></link>
	<link><source_artifact_id>1710</source_artifact_id><target_artifact_id>945</target_artifact_id></link>
	<link><source_artifact_id>1710</source_artifact_id><target_artifact_id>1076</target_artifact_id></link>
	<link><source_artifact_id>1710</source_artifact_id><target_artifact_id>1077</target_artifact_id></link>
	<link><source_artifact_id>1710</source_artifact_id><target_artifact_id>1101</target_artifact_id></link>
	<link><source_artifact_id>1711</source_artifact_id><target_artifact_id>48</target_artifact_id></link>
	<link><source_artifact_id>1711</source_artifact_id><target_artifact_id>55</target_artifact_id></link>
	<link><source_artifact_id>1711</source_artifact_id><target_artifact_id>58</target_artifact_id></link>
	<link><source_artifact_id>1711</source_artifact_id><target_artifact_id>72</target_artifact_id></link>
	<link><source_artifact_id>1711</source_artifact_id><target_artifact_id>205</target_artifact_id></link>
	<link><source_artifact_id>1711</source_artifact_id><target_artifact_id>235</target_artifact_id></link>
	<link><source_artifact_id>1711</source_artifact_id><target_artifact_id>237</target_artifact_id></link>
	<link><source_artifact_id>1711</source_artifact_id><target_artifact_id>243</target_artifact_id></link>
	<link><source_artifact_id>1711</source_artifact_id><target_artifact_id>329</target_artifact_id></link>
	<link><source_artifact_id>1711</source_artifact_id><target_artifact_id>421</target_artifact_id></link>
	<link><source_artifact_id>1711</source_artifact_id><target_artifact_id>432</target_artifact_id></link>
	<link><source_artifact_id>1711</source_artifact_id><target_artifact_id>450</target_artifact_id></link>
	<link><source_artifact_id>1711</source_artifact_id><target_artifact_id>507</target_artifact_id></link>
	<link><source_artifact_id>1711</source_artifact_id><target_artifact_id>515</target_artifact_id></link>
	<link><source_artifact_id>1711</source_artifact_id><target_artifact_id>554</target_artifact_id></link>
	<link><source_artifact_id>1711</source_artifact_id><target_artifact_id>739</target_artifact_id></link>
	<link><source_artifact_id>1711</source_artifact_id><target_artifact_id>745</target_artifact_id></link>
	<link><source_artifact_id>1711</source_artifact_id><target_artifact_id>860</target_artifact_id></link>
	<link><source_artifact_id>1711</source_artifact_id><target_artifact_id>913</target_artifact_id></link>
	<link><source_artifact_id>1711</source_artifact_id><target_artifact_id>920</target_artifact_id></link>
	<link><source_artifact_id>1711</source_artifact_id><target_artifact_id>927</target_artifact_id></link>
	<link><source_artifact_id>1711</source_artifact_id><target_artifact_id>1021</target_artifact_id></link>
	<link><source_artifact_id>1711</source_artifact_id><target_artifact_id>1082</target_artifact_id></link>
	<link><source_artifact_id>1711</source_artifact_id><target_artifact_id>1096</target_artifact_id></link>
	<link><source_artifact_id>1712</source_artifact_id><target_artifact_id>70</target_artifact_id></link>
	<link><source_artifact_id>1712</source_artifact_id><target_artifact_id>77</target_artifact_id></link>
	<link><source_artifact_id>1712</source_artifact_id><target_artifact_id>350</target_artifact_id></link>
	<link><source_artifact_id>1712</source_artifact_id><target_artifact_id>351</target_artifact_id></link>
	<link><source_artifact_id>1712</source_artifact_id><target_artifact_id>355</target_artifact_id></link>
	<link><source_artifact_id>1712</source_artifact_id><target_artifact_id>447</target_artifact_id></link>
	<link><source_artifact_id>1712</source_artifact_id><target_artifact_id>490</target_artifact_id></link>
	<link><source_artifact_id>1712</source_artifact_id><target_artifact_id>750</target_artifact_id></link>
	<link><source_artifact_id>1712</source_artifact_id><target_artifact_id>1039</target_artifact_id></link>
	<link><source_artifact_id>1712</source_artifact_id><target_artifact_id>1086</target_artifact_id></link>
	<link><source_artifact_id>1714</source_artifact_id><target_artifact_id>239</target_artifact_id></link>
	<link><source_artifact_id>1714</source_artifact_id><target_artifact_id>314</target_artifact_id></link>
	<link><source_artifact_id>1714</source_artifact_id><target_artifact_id>463</target_artifact_id></link>
	<link><source_artifact_id>1714</source_artifact_id><target_artifact_id>565</target_artifact_id></link>
	<link><source_artifact_id>1714</source_artifact_id><target_artifact_id>583</target_artifact_id></link>
	<link><source_artifact_id>1714</source_artifact_id><target_artifact_id>762</target_artifact_id></link>
	<link><source_artifact_id>1714</source_artifact_id><target_artifact_id>887</target_artifact_id></link>
	<link><source_artifact_id>1714</source_artifact_id><target_artifact_id>935</target_artifact_id></link>
	<link><source_artifact_id>1714</source_artifact_id><target_artifact_id>964</target_artifact_id></link>
	<link><source_artifact_id>1714</source_artifact_id><target_artifact_id>972</target_artifact_id></link>
	<link><source_artifact_id>1714</source_artifact_id><target_artifact_id>997</target_artifact_id></link>
	<link><source_artifact_id>1715</source_artifact_id><target_artifact_id>67</target_artifact_id></link>
	<link><source_artifact_id>1715</source_artifact_id><target_artifact_id>96</target_artifact_id></link>
	<link><source_artifact_id>1715</source_artifact_id><target_artifact_id>144</target_artifact_id></link>
	<link><source_artifact_id>1715</source_artifact_id><target_artifact_id>171</target_artifact_id></link>
	<link><source_artifact_id>1715</source_artifact_id><target_artifact_id>216</target_artifact_id></link>
	<link><source_artifact_id>1715</source_artifact_id><target_artifact_id>257</target_artifact_id></link>
	<link><source_artifact_id>1715</source_artifact_id><target_artifact_id>262</target_artifact_id></link>
	<link><source_artifact_id>1715</source_artifact_id><target_artifact_id>292</target_artifact_id></link>
	<link><source_artifact_id>1715</source_artifact_id><target_artifact_id>313</target_artifact_id></link>
	<link><source_artifact_id>1715</source_artifact_id><target_artifact_id>318</target_artifact_id></link>
	<link><source_artifact_id>1715</source_artifact_id><target_artifact_id>331</target_artifact_id></link>
	<link><source_artifact_id>1715</source_artifact_id><target_artifact_id>428</target_artifact_id></link>
	<link><source_artifact_id>1715</source_artifact_id><target_artifact_id>461</target_artifact_id></link>
	<link><source_artifact_id>1715</source_artifact_id><target_artifact_id>654</target_artifact_id></link>
	<link><source_artifact_id>1715</source_artifact_id><target_artifact_id>656</target_artifact_id></link>
	<link><source_artifact_id>1715</source_artifact_id><target_artifact_id>659</target_artifact_id></link>
	<link><source_artifact_id>1715</source_artifact_id><target_artifact_id>661</target_artifact_id></link>
	<link><source_artifact_id>1715</source_artifact_id><target_artifact_id>750</target_artifact_id></link>
	<link><source_artifact_id>1715</source_artifact_id><target_artifact_id>1020</target_artifact_id></link>
	<link><source_artifact_id>1715</source_artifact_id><target_artifact_id>1024</target_artifact_id></link>
	<link><source_artifact_id>1715</source_artifact_id><target_artifact_id>1028</target_artifact_id></link>
	<link><source_artifact_id>1716</source_artifact_id><target_artifact_id>90</target_artifact_id></link>
	<link><source_artifact_id>1716</source_artifact_id><target_artifact_id>165</target_artifact_id></link>
	<link><source_artifact_id>1716</source_artifact_id><target_artifact_id>206</target_artifact_id></link>
	<link><source_artifact_id>1716</source_artifact_id><target_artifact_id>275</target_artifact_id></link>
	<link><source_artifact_id>1716</source_artifact_id><target_artifact_id>352</target_artifact_id></link>
	<link><source_artifact_id>1716</source_artifact_id><target_artifact_id>399</target_artifact_id></link>
	<link><source_artifact_id>1716</source_artifact_id><target_artifact_id>436</target_artifact_id></link>
	<link><source_artifact_id>1716</source_artifact_id><target_artifact_id>520</target_artifact_id></link>
	<link><source_artifact_id>1716</source_artifact_id><target_artifact_id>569</target_artifact_id></link>
	<link><source_artifact_id>1717</source_artifact_id><target_artifact_id>271</target_artifact_id></link>
	<link><source_artifact_id>1717</source_artifact_id><target_artifact_id>275</target_artifact_id></link>
	<link><source_artifact_id>1717</source_artifact_id><target_artifact_id>332</target_artifact_id></link>
	<link><source_artifact_id>1717</source_artifact_id><target_artifact_id>333</target_artifact_id></link>
	<link><source_artifact_id>1717</source_artifact_id><target_artifact_id>336</target_artifact_id></link>
	<link><source_artifact_id>1717</source_artifact_id><target_artifact_id>436</target_artifact_id></link>
	<link><source_artifact_id>1717</source_artifact_id><target_artifact_id>533</target_artifact_id></link>
	<link><source_artifact_id>1717</source_artifact_id><target_artifact_id>569</target_artifact_id></link>
	<link><source_artifact_id>1717</source_artifact_id><target_artifact_id>573</target_artifact_id></link>
	<link><source_artifact_id>1717</source_artifact_id><target_artifact_id>577</target_artifact_id></link>
	<link><source_artifact_id>1717</source_artifact_id><target_artifact_id>779</target_artifact_id></link>
	<link><source_artifact_id>1717</source_artifact_id><target_artifact_id>1048</target_artifact_id></link>
	<link><source_artifact_id>1717</source_artifact_id><target_artifact_id>1090</target_artifact_id></link>
	<link><source_artifact_id>1718</source_artifact_id><target_artifact_id>137</target_artifact_id></link>
	<link><source_artifact_id>1718</source_artifact_id><target_artifact_id>461</target_artifact_id></link>
	<link><source_artifact_id>1718</source_artifact_id><target_artifact_id>462</target_artifact_id></link>
	<link><source_artifact_id>1718</source_artifact_id><target_artifact_id>567</target_artifact_id></link>
	<link><source_artifact_id>1718</source_artifact_id><target_artifact_id>575</target_artifact_id></link>
	<link><source_artifact_id>1718</source_artifact_id><target_artifact_id>749</target_artifact_id></link>
	<link><source_artifact_id>1718</source_artifact_id><target_artifact_id>750</target_artifact_id></link>
	<link><source_artifact_id>1718</source_artifact_id><target_artifact_id>846</target_artifact_id></link>
	<link><source_artifact_id>1718</source_artifact_id><target_artifact_id>926</target_artifact_id></link>
	<link><source_artifact_id>1718</source_artifact_id><target_artifact_id>986</target_artifact_id></link>
	<link><source_artifact_id>1721</source_artifact_id><target_artifact_id>56</target_artifact_id></link>
	<link><source_artifact_id>1721</source_artifact_id><target_artifact_id>137</target_artifact_id></link>
	<link><source_artifact_id>1721</source_artifact_id><target_artifact_id>142</target_artifact_id></link>
	<link><source_artifact_id>1721</source_artifact_id><target_artifact_id>219</target_artifact_id></link>
	<link><source_artifact_id>1721</source_artifact_id><target_artifact_id>331</target_artifact_id></link>
	<link><source_artifact_id>1721</source_artifact_id><target_artifact_id>525</target_artifact_id></link>
	<link><source_artifact_id>1721</source_artifact_id><target_artifact_id>575</target_artifact_id></link>
	<link><source_artifact_id>1721</source_artifact_id><target_artifact_id>734</target_artifact_id></link>
	<link><source_artifact_id>1721</source_artifact_id><target_artifact_id>749</target_artifact_id></link>
	<link><source_artifact_id>1721</source_artifact_id><target_artifact_id>750</target_artifact_id></link>
	<link><source_artifact_id>1721</source_artifact_id><target_artifact_id>751</target_artifact_id></link>
	<link><source_artifact_id>1721</source_artifact_id><target_artifact_id>986</target_artifact_id></link>
	<link><source_artifact_id>1724</source_artifact_id><target_artifact_id>47</target_artifact_id></link>
	<link><source_artifact_id>1724</source_artifact_id><target_artifact_id>138</target_artifact_id></link>
	<link><source_artifact_id>1724</source_artifact_id><target_artifact_id>210</target_artifact_id></link>
	<link><source_artifact_id>1724</source_artifact_id><target_artifact_id>255</target_artifact_id></link>
	<link><source_artifact_id>1724</source_artifact_id><target_artifact_id>401</target_artifact_id></link>
	<link><source_artifact_id>1724</source_artifact_id><target_artifact_id>407</target_artifact_id></link>
	<link><source_artifact_id>1724</source_artifact_id><target_artifact_id>578</target_artifact_id></link>
	<link><source_artifact_id>1724</source_artifact_id><target_artifact_id>683</target_artifact_id></link>
	<link><source_artifact_id>1724</source_artifact_id><target_artifact_id>727</target_artifact_id></link>
	<link><source_artifact_id>1724</source_artifact_id><target_artifact_id>731</target_artifact_id></link>
	<link><source_artifact_id>1724</source_artifact_id><target_artifact_id>757</target_artifact_id></link>
	<link><source_artifact_id>1724</source_artifact_id><target_artifact_id>813</target_artifact_id></link>
	<link><source_artifact_id>1725</source_artifact_id><target_artifact_id>156</target_artifact_id></link>
	<link><source_artifact_id>1725</source_artifact_id><target_artifact_id>158</target_artifact_id></link>
	<link><source_artifact_id>1725</source_artifact_id><target_artifact_id>160</target_artifact_id></link>
	<link><source_artifact_id>1725</source_artifact_id><target_artifact_id>302</target_artifact_id></link>
	<link><source_artifact_id>1725</source_artifact_id><target_artifact_id>481</target_artifact_id></link>
	<link><source_artifact_id>1725</source_artifact_id><target_artifact_id>956</target_artifact_id></link>
	<link><source_artifact_id>1725</source_artifact_id><target_artifact_id>957</target_artifact_id></link>
	<link><source_artifact_id>1726</source_artifact_id><target_artifact_id>47</target_artifact_id></link>
	<link><source_artifact_id>1726</source_artifact_id><target_artifact_id>52</target_artifact_id></link>
	<link><source_artifact_id>1726</source_artifact_id><target_artifact_id>212</target_artifact_id></link>
	<link><source_artifact_id>1726</source_artifact_id><target_artifact_id>347</target_artifact_id></link>
	<link><source_artifact_id>1726</source_artifact_id><target_artifact_id>400</target_artifact_id></link>
	<link><source_artifact_id>1726</source_artifact_id><target_artifact_id>401</target_artifact_id></link>
	<link><source_artifact_id>1726</source_artifact_id><target_artifact_id>407</target_artifact_id></link>
	<link><source_artifact_id>1726</source_artifact_id><target_artifact_id>410</target_artifact_id></link>
	<link><source_artifact_id>1726</source_artifact_id><target_artifact_id>411</target_artifact_id></link>
	<link><source_artifact_id>1726</source_artifact_id><target_artifact_id>439</target_artifact_id></link>
	<link><source_artifact_id>1726</source_artifact_id><target_artifact_id>477</target_artifact_id></link>
	<link><source_artifact_id>1726</source_artifact_id><target_artifact_id>481</target_artifact_id></link>
	<link><source_artifact_id>1726</source_artifact_id><target_artifact_id>543</target_artifact_id></link>
	<link><source_artifact_id>1726</source_artifact_id><target_artifact_id>585</target_artifact_id></link>
	<link><source_artifact_id>1726</source_artifact_id><target_artifact_id>676</target_artifact_id></link>
	<link><source_artifact_id>1726</source_artifact_id><target_artifact_id>683</target_artifact_id></link>
	<link><source_artifact_id>1726</source_artifact_id><target_artifact_id>724</target_artifact_id></link>
	<link><source_artifact_id>1726</source_artifact_id><target_artifact_id>767</target_artifact_id></link>
	<link><source_artifact_id>1727</source_artifact_id><target_artifact_id>189</target_artifact_id></link>
	<link><source_artifact_id>1727</source_artifact_id><target_artifact_id>212</target_artifact_id></link>
	<link><source_artifact_id>1727</source_artifact_id><target_artifact_id>298</target_artifact_id></link>
	<link><source_artifact_id>1727</source_artifact_id><target_artifact_id>412</target_artifact_id></link>
	<link><source_artifact_id>1727</source_artifact_id><target_artifact_id>685</target_artifact_id></link>
	<link><source_artifact_id>1727</source_artifact_id><target_artifact_id>813</target_artifact_id></link>
	<link><source_artifact_id>1728</source_artifact_id><target_artifact_id>403</target_artifact_id></link>
	<link><source_artifact_id>1728</source_artifact_id><target_artifact_id>478</target_artifact_id></link>
	<link><source_artifact_id>1728</source_artifact_id><target_artifact_id>731</target_artifact_id></link>
	<link><source_artifact_id>1728</source_artifact_id><target_artifact_id>781</target_artifact_id></link>
	<link><source_artifact_id>1728</source_artifact_id><target_artifact_id>813</target_artifact_id></link>
	<link><source_artifact_id>1728</source_artifact_id><target_artifact_id>844</target_artifact_id></link>
	<link><source_artifact_id>1729</source_artifact_id><target_artifact_id>48</target_artifact_id></link>
	<link><source_artifact_id>1729</source_artifact_id><target_artifact_id>194</target_artifact_id></link>
	<link><source_artifact_id>1729</source_artifact_id><target_artifact_id>400</target_artifact_id></link>
	<link><source_artifact_id>1729</source_artifact_id><target_artifact_id>401</target_artifact_id></link>
	<link><source_artifact_id>1729</source_artifact_id><target_artifact_id>575</target_artifact_id></link>
	<link><source_artifact_id>1729</source_artifact_id><target_artifact_id>727</target_artifact_id></link>
	<link><source_artifact_id>1729</source_artifact_id><target_artifact_id>731</target_artifact_id></link>
	<link><source_artifact_id>1730</source_artifact_id><target_artifact_id>189</target_artifact_id></link>
	<link><source_artifact_id>1730</source_artifact_id><target_artifact_id>255</target_artifact_id></link>
	<link><source_artifact_id>1730</source_artifact_id><target_artifact_id>578</target_artifact_id></link>
	<link><source_artifact_id>1730</source_artifact_id><target_artifact_id>709</target_artifact_id></link>
	<link><source_artifact_id>1731</source_artifact_id><target_artifact_id>138</target_artifact_id></link>
	<link><source_artifact_id>1731</source_artifact_id><target_artifact_id>219</target_artifact_id></link>
	<link><source_artifact_id>1731</source_artifact_id><target_artifact_id>224</target_artifact_id></link>
	<link><source_artifact_id>1731</source_artifact_id><target_artifact_id>255</target_artifact_id></link>
	<link><source_artifact_id>1731</source_artifact_id><target_artifact_id>401</target_artifact_id></link>
	<link><source_artifact_id>1731</source_artifact_id><target_artifact_id>481</target_artifact_id></link>
	<link><source_artifact_id>1731</source_artifact_id><target_artifact_id>502</target_artifact_id></link>
	<link><source_artifact_id>1731</source_artifact_id><target_artifact_id>683</target_artifact_id></link>
	<link><source_artifact_id>1731</source_artifact_id><target_artifact_id>737</target_artifact_id></link>
	<link><source_artifact_id>1731</source_artifact_id><target_artifact_id>955</target_artifact_id></link>
	<link><source_artifact_id>1731</source_artifact_id><target_artifact_id>957</target_artifact_id></link>
	<link><source_artifact_id>1731</source_artifact_id><target_artifact_id>1080</target_artifact_id></link>
	<link><source_artifact_id>1737</source_artifact_id><target_artifact_id>193</target_artifact_id></link>
	<link><source_artifact_id>1737</source_artifact_id><target_artifact_id>395</target_artifact_id></link>
	<link><source_artifact_id>1737</source_artifact_id><target_artifact_id>409</target_artifact_id></link>
	<link><source_artifact_id>1737</source_artifact_id><target_artifact_id>469</target_artifact_id></link>
	<link><source_artifact_id>1737</source_artifact_id><target_artifact_id>472</target_artifact_id></link>
	<link><source_artifact_id>1737</source_artifact_id><target_artifact_id>511</target_artifact_id></link>
	<link><source_artifact_id>1737</source_artifact_id><target_artifact_id>515</target_artifact_id></link>
	<link><source_artifact_id>1737</source_artifact_id><target_artifact_id>526</target_artifact_id></link>
	<link><source_artifact_id>1737</source_artifact_id><target_artifact_id>567</target_artifact_id></link>
	<link><source_artifact_id>1737</source_artifact_id><target_artifact_id>605</target_artifact_id></link>
	<link><source_artifact_id>1737</source_artifact_id><target_artifact_id>692</target_artifact_id></link>
	<link><source_artifact_id>1737</source_artifact_id><target_artifact_id>693</target_artifact_id></link>
	<link><source_artifact_id>1739</source_artifact_id><target_artifact_id>92</target_artifact_id></link>
	<link><source_artifact_id>1739</source_artifact_id><target_artifact_id>374</target_artifact_id></link>
	<link><source_artifact_id>1739</source_artifact_id><target_artifact_id>400</target_artifact_id></link>
	<link><source_artifact_id>1739</source_artifact_id><target_artifact_id>401</target_artifact_id></link>
	<link><source_artifact_id>1739</source_artifact_id><target_artifact_id>411</target_artifact_id></link>
	<link><source_artifact_id>1739</source_artifact_id><target_artifact_id>414</target_artifact_id></link>
	<link><source_artifact_id>1739</source_artifact_id><target_artifact_id>448</target_artifact_id></link>
	<link><source_artifact_id>1739</source_artifact_id><target_artifact_id>665</target_artifact_id></link>
	<link><source_artifact_id>1740</source_artifact_id><target_artifact_id>68</target_artifact_id></link>
	<link><source_artifact_id>1740</source_artifact_id><target_artifact_id>175</target_artifact_id></link>
	<link><source_artifact_id>1740</source_artifact_id><target_artifact_id>181</target_artifact_id></link>
	<link><source_artifact_id>1740</source_artifact_id><target_artifact_id>522</target_artifact_id></link>
	<link><source_artifact_id>1742</source_artifact_id><target_artifact_id>413</target_artifact_id></link>
	<link><source_artifact_id>1742</source_artifact_id><target_artifact_id>584</target_artifact_id></link>
	<link><source_artifact_id>1744</source_artifact_id><target_artifact_id>400</target_artifact_id></link>
	<link><source_artifact_id>1744</source_artifact_id><target_artifact_id>401</target_artifact_id></link>
	<link><source_artifact_id>1744</source_artifact_id><target_artifact_id>412</target_artifact_id></link>
	<link><source_artifact_id>1744</source_artifact_id><target_artifact_id>633</target_artifact_id></link>
	<link><source_artifact_id>1744</source_artifact_id><target_artifact_id>755</target_artifact_id></link>
	<link><source_artifact_id>1745</source_artifact_id><target_artifact_id>633</target_artifact_id></link>
	<link><source_artifact_id>1746</source_artifact_id><target_artifact_id>628</target_artifact_id></link>
	<link><source_artifact_id>1746</source_artifact_id><target_artifact_id>633</target_artifact_id></link>
	<link><source_artifact_id>1747</source_artifact_id><target_artifact_id>437</target_artifact_id></link>
	<link><source_artifact_id>1747</source_artifact_id><target_artifact_id>633</target_artifact_id></link>
	<link><source_artifact_id>1748</source_artifact_id><target_artifact_id>401</target_artifact_id></link>
	<link><source_artifact_id>1749</source_artifact_id><target_artifact_id>439</target_artifact_id></link>
	<link><source_artifact_id>1751</source_artifact_id><target_artifact_id>977</target_artifact_id></link>
	<link><source_artifact_id>1752</source_artifact_id><target_artifact_id>440</target_artifact_id></link>
	<link><source_artifact_id>1754</source_artifact_id><target_artifact_id>694</target_artifact_id></link>
	<link><source_artifact_id>1754</source_artifact_id><target_artifact_id>730</target_artifact_id></link>
	<link><source_artifact_id>1754</source_artifact_id><target_artifact_id>909</target_artifact_id></link>
	<link><source_artifact_id>1755</source_artifact_id><target_artifact_id>685</target_artifact_id></link>
	<link><source_artifact_id>1757</source_artifact_id><target_artifact_id>547</target_artifact_id></link>
	<link><source_artifact_id>1757</source_artifact_id><target_artifact_id>1026</target_artifact_id></link>
	<link><source_artifact_id>1758</source_artifact_id><target_artifact_id>483</target_artifact_id></link>
	<link><source_artifact_id>1760</source_artifact_id><target_artifact_id>66</target_artifact_id></link>
	<link><source_artifact_id>1762</source_artifact_id><target_artifact_id>712</target_artifact_id></link>
	<link><source_artifact_id>1765</source_artifact_id><target_artifact_id>483</target_artifact_id></link>
	<link><source_artifact_id>1765</source_artifact_id><target_artifact_id>502</target_artifact_id></link>
	<link><source_artifact_id>1765</source_artifact_id><target_artifact_id>538</target_artifact_id></link>
	<link><source_artifact_id>1765</source_artifact_id><target_artifact_id>542</target_artifact_id></link>
	<link><source_artifact_id>1765</source_artifact_id><target_artifact_id>844</target_artifact_id></link>
	<link><source_artifact_id>1766</source_artifact_id><target_artifact_id>739</target_artifact_id></link>
	<link><source_artifact_id>1770</source_artifact_id><target_artifact_id>734</target_artifact_id></link>
	<link><source_artifact_id>1770</source_artifact_id><target_artifact_id>988</target_artifact_id></link>
	<link><source_artifact_id>1783</source_artifact_id><target_artifact_id>369</target_artifact_id></link>
	<link><source_artifact_id>1784</source_artifact_id><target_artifact_id>726</target_artifact_id></link>
	<link><source_artifact_id>1784</source_artifact_id><target_artifact_id>1057</target_artifact_id></link>
	<link><source_artifact_id>1785</source_artifact_id><target_artifact_id>162</target_artifact_id></link>
	<link><source_artifact_id>1785</source_artifact_id><target_artifact_id>784</target_artifact_id></link>
	<link><source_artifact_id>1785</source_artifact_id><target_artifact_id>1033</target_artifact_id></link>
	<link><source_artifact_id>1786</source_artifact_id><target_artifact_id>438</target_artifact_id></link>
	<link><source_artifact_id>1786</source_artifact_id><target_artifact_id>727</target_artifact_id></link>
	<link><source_artifact_id>1787</source_artifact_id><target_artifact_id>481</target_artifact_id></link>
	<link><source_artifact_id>1787</source_artifact_id><target_artifact_id>727</target_artifact_id></link>
</links>
</answer_set>
